INFO: STARTING!
INFO: Log parameter values verbosely: [1]
INFO: Min num runs: [10]
INFO: Min runs duration (seconds): [1]
INFO: Max runs duration (seconds): [150]
INFO: Inter-run delay (seconds): [-1]
INFO: Number of prorated runs per second: [-1]
INFO: Num threads: [-1]
INFO: Use caching: [0]
INFO: Benchmark name: []
INFO: Output prefix: []
INFO: Min warmup runs: [1]
INFO: Min warmup runs duration (seconds): [0.5]
INFO: Run w/o invoking kernels: [0]
INFO: Report the peak memory footprint: [0]
INFO: Memory footprint check interval (ms): [50]
INFO: Graph: [/data/local/tmp/vda_benchmark/vda_vits_720x1280_input518_infer8_init.tflite]
INFO: Signature to run: []
INFO: Input layers: []
INFO: Input shapes: []
INFO: Input value ranges: []
INFO: Input value files: []
INFO: Allow fp16: [0]
INFO: Require full delegation: [0]
INFO: Enable op profiling: [1]
INFO: Op profiling output mode.: [stdout]
INFO: Op profiling output file.: []
INFO: Max initial profiling buffer entries: [1024]
INFO: Allow dynamic increase on profiling buffer entries: [0]
INFO: CSV File to export profiling data to: []
INFO: Enable Model Runtime Info Export: [0]
INFO: Proto File to export model runtime info to: []
INFO: Print pre-invoke interpreter state: [0]
INFO: Print post-invoke interpreter state: [0]
INFO: Release dynamic tensor memory: [0]
INFO: Optimize memory usage for large tensors: [0]
INFO: Disable delegate clustering: [0]
INFO: Constant CAST output cache: [0]
INFO: File path to export outputs layer to: []
INFO: File path to export outputs layer as tf example to: []
INFO: Tensor name display length: [25]
INFO: Tensor type display length: [15]
INFO: Tensor allocation type display length: [18]
INFO: print out all supported flags: [0]
INFO: #threads used for CPU inference: [-1]
INFO: Max number of delegated partitions: [0]
INFO: Min nodes per partition: [0]
INFO: Index of the first node that could be delegated: [0]
INFO: Index of the last node that could be delegated: [2147483647]
INFO: Number of GPU delegate invoke loop iterations: [1]
INFO: Directory for delegate serialization: []
INFO: Model-specific token/key for delegate serialization.: []
INFO: External delegate path: []
INFO: External delegate options: []
INFO: Use gpu: [1]
INFO: Allow lower precision in gpu: [1]
INFO: Enable running quant models in gpu: [1]
INFO: Prefer maximizing the throughput in gpu: [0]
INFO: GPU backend: []
INFO: Use Hexagon: [0]
INFO: Hexagon lib path: [/data/local/tmp]
INFO: Hexagon profiling: [0]
INFO: Use NNAPI: [0]
INFO: Use xnnpack: [0]
INFO: xnnpack_force_fp16: [0]
INFO: xnnpack_weight_cache_file_path: []
INFO: Use Slinky: [0]
INFO: Loaded model /data/local/tmp/vda_benchmark/vda_vits_720x1280_input518_infer8_init.tflite
INFO: Initialized TensorFlow Lite runtime.
INFO: Created TensorFlow Lite delegate for GPU.
INFO: GPU delegate created.
INFO: Loaded OpenCL library with dlopen.
VERBOSE: Replacing 1169 out of 1169 node(s) with delegate (TfLiteGpuDelegateV2) node, yielding 1 partitions for subgraph 0.
INFO: Initialized OpenCL-based API.
INFO: Created 1 GPU delegate kernels.
INFO: Explicitly applied GPU delegate, and the model graph will be completely executed by the delegate.
INFO: The input model file size (MB): 121.169
INFO: Initialized session in 6818.6ms.
INFO: Running benchmark for at least 1 iterations and at least 0.5 seconds but terminate if exceeding 150 seconds.
INFO: count=1 curr=3000236 p5=3000236 median=3000236 p95=3000236

INFO: Running benchmark for at least 10 iterations and at least 1 seconds but terminate if exceeding 150 seconds.
INFO: count=10 first=2851968 curr=2875872 min=2851968 max=2903168 avg=2.88626e+06 std=13903 p5=2851968 median=2892070 p95=2903168

INFO: Inference timings in us: Init: 6818605, First inference: 3000236, Warmup (avg): 3.00024e+06, Inference (avg): 2.88626e+06
INFO: Note: as the benchmark tool itself affects memory footprint, the following is only APPROXIMATE to the actual memory footprint of the model at runtime. Take the information at your discretion.
INFO: Memory footprint delta from the start of the tool (MB): init=458.711 overall=458.711
INFO: Profiling Info for Benchmark Initialization:
============================== Run Order ==============================
	                             [node type]	  [first]	 [avg ms]	     [%]	  [cdf%]	  [mem KB]	[times called]	[Name]
	                 ModifyGraphWithDelegate	 6794.718	 6794.718	 99.991%	 99.991%	461748.000	        1	ModifyGraphWithDelegate/0
	                         AllocateTensors	    0.599	    0.599	  0.009%	100.000%	     0.000	        1	AllocateTensors/0

============================== Top by Computation Time ==============================
	                             [node type]	  [first]	 [avg ms]	     [%]	  [cdf%]	  [mem KB]	[times called]	[Name]
	                 ModifyGraphWithDelegate	 6794.718	 6794.718	 99.991%	 99.991%	461748.000	        1	ModifyGraphWithDelegate/0
	                         AllocateTensors	    0.599	    0.599	  0.009%	100.000%	     0.000	        1	AllocateTensors/0

Number of nodes executed: 2
============================== Summary by node type ==============================
	                             [Node type]	  [count]	  [avg ms]	    [avg %]	    [cdf %]	  [mem KB]	[times called]
	                 ModifyGraphWithDelegate	        1	  6794.718	    99.991%	    99.991%	461748.000	        1
	                         AllocateTensors	        1	     0.599	     0.009%	   100.000%	     0.000	        1

Timings (microseconds): count=1 curr=6795317
Memory (bytes): count=0
2 nodes observed



INFO: Operator-wise Profiling Info for Regular Benchmark Runs:
============================== Run Order ==============================
	                             [node type]	  [first]	 [avg ms]	     [%]	  [cdf%]	  [mem KB]	[times called]	[Name]
	                                   mul 0	    0.541	    0.542	  0.040%	  0.040%	     0.000	        1	Delegate/mul 0:0
	                             transpose 1	    4.212	    4.215	  0.310%	  0.349%	     0.000	        1	Delegate/transpose 1:1
	                        convolution_2d 2	    8.219	    8.192	  0.602%	  0.951%	     0.000	        1	Delegate/convolution_2d 2:2
	                             transpose 3	    0.828	    0.807	  0.059%	  1.010%	     0.000	        1	Delegate/transpose 3:3
	 convolution_2d 4 -> subtract 5 -> mul 6	    2.589	    2.591	  0.190%	  1.201%	     0.000	        1	Delegate/convolution_2d 4 -> subtract 5 -> mul 6:4
	                             transpose 7	    0.542	    0.544	  0.040%	  1.241%	     0.000	        1	Delegate/transpose 7:5
	                        convolution_2d 8	    2.283	    2.299	  0.169%	  1.410%	     0.000	        1	Delegate/convolution_2d 8:6
	                             transpose 9	    0.480	    0.480	  0.035%	  1.445%	     0.000	        1	Delegate/transpose 9:7
	                              reshape 10	    0.762	    0.772	  0.057%	  1.502%	     0.000	        1	Delegate/reshape 10:8
	                            transpose 11	    0.469	    0.467	  0.034%	  1.536%	     0.000	        1	Delegate/transpose 11:9
	                     concat 14 -> add 15	    0.210	    0.208	  0.015%	  1.551%	     0.000	        1	Delegate/concat 14 -> add 15:10
	                           reduce_sum 17	    0.078	    0.080	  0.006%	  1.557%	     0.000	        1	Delegate/reduce_sum 17:11
	                    reshape 18 -> mul 19	    0.044	    0.046	  0.003%	  1.560%	     0.000	        1	Delegate/reshape 18 -> mul 19:12
	                              reshape 20	    0.004	    0.004	  0.000%	  1.561%	     0.000	        1	Delegate/reshape 20:13
	                             subtract 21	    0.136	    0.138	  0.010%	  1.571%	     0.000	        1	Delegate/subtract 21:14
	                               square 22	    0.139	    0.139	  0.010%	  1.581%	     0.000	        1	Delegate/square 22:15
	                           reduce_sum 23	    0.086	    0.084	  0.006%	  1.587%	     0.000	        1	Delegate/reduce_sum 23:16
	          reshape 24 -> mul 25 -> add 26	    0.044	    0.044	  0.003%	  1.590%	     0.000	        1	Delegate/reshape 24 -> mul 25 -> add 26:17
	                  reshape 27 -> rsqrt 28	    0.006	    0.006	  0.000%	  1.591%	     0.000	        1	Delegate/reshape 27 -> rsqrt 28:18
	                                  mul 29	    0.133	    0.132	  0.010%	  1.601%	     0.000	        1	Delegate/mul 29:19
	                       convolution_2d 32	    3.824	    3.828	  0.281%	  1.882%	     0.000	        1	Delegate/convolution_2d 32:20
	                      slice 33 -> mul 39	    0.136	    0.136	  0.010%	  1.892%	     0.000	        1	Delegate/slice 33 -> mul 39:21
	                                slice 34	    0.138	    0.141	  0.010%	  1.902%	     0.000	        1	Delegate/slice 34:22
	                                slice 35	    0.135	    0.134	  0.010%	  1.912%	     0.000	        1	Delegate/slice 35:23
	                              reshape 36	    0.144	    0.144	  0.011%	  1.922%	     0.000	        1	Delegate/reshape 36:24
	                              reshape 37	    0.144	    0.141	  0.010%	  1.933%	     0.000	        1	Delegate/reshape 37:25
	                            transpose 38	    0.322	    0.323	  0.024%	  1.956%	     0.000	        1	Delegate/transpose 38:26
	                              reshape 40	    0.135	    0.135	  0.010%	  1.966%	     0.000	        1	Delegate/reshape 40:27
	                            transpose 41	    0.321	    0.318	  0.023%	  1.990%	     0.000	        1	Delegate/transpose 41:28
	                            transpose 42	    0.372	    0.374	  0.027%	  2.017%	     0.000	        1	Delegate/transpose 42:29
	                              reshape 43	    0.133	    0.132	  0.010%	  2.027%	     0.000	        1	Delegate/reshape 43:30
	                              reshape 44	    0.400	    0.400	  0.029%	  2.056%	     0.000	        1	Delegate/reshape 44:31
	                mat_mul_reshape_input 45	    0.270	    0.268	  0.020%	  2.076%	     0.000	        1	Delegate/mat_mul_reshape_input 45:32
	          bhwc_tensor_to_conv_weights 45	    0.587	    0.577	  0.042%	  2.118%	     0.000	        1	Delegate/bhwc_tensor_to_conv_weights 45:33
	               mat_mul_as_convolution 45	    5.510	    5.592	  0.411%	  2.529%	     0.000	        1	Delegate/mat_mul_as_convolution 45:34
	               mat_mul_reshape_output 45	   14.116	   14.129	  1.038%	  3.567%	     0.000	        1	Delegate/mat_mul_reshape_output 45:35
	                              reshape 46	   16.582	   16.639	  1.222%	  4.789%	     0.000	        1	Delegate/reshape 46:36
	                              softmax 47	   11.211	   11.344	  0.833%	  5.622%	     0.000	        1	Delegate/softmax 47:37
	                              reshape 48	   13.644	   13.672	  1.004%	  6.627%	     0.000	        1	Delegate/reshape 48:38
	                              reshape 49	    0.128	    0.134	  0.010%	  6.636%	     0.000	        1	Delegate/reshape 49:39
	                mat_mul_reshape_input 50	   16.789	   16.844	  1.237%	  7.874%	     0.000	        1	Delegate/mat_mul_reshape_input 50:40
	          bhwc_tensor_to_conv_weights 50	    0.341	    0.344	  0.025%	  7.899%	     0.000	        1	Delegate/bhwc_tensor_to_conv_weights 50:41
	               mat_mul_as_convolution 50	    4.419	    4.438	  0.326%	  8.225%	     0.000	        1	Delegate/mat_mul_as_convolution 50:42
	               mat_mul_reshape_output 50	    0.135	    0.136	  0.010%	  8.235%	     0.000	        1	Delegate/mat_mul_reshape_output 50:43
	                              reshape 51	    0.314	    0.315	  0.023%	  8.258%	     0.000	        1	Delegate/reshape 51:44
	                            transpose 52	    0.133	    0.134	  0.010%	  8.268%	     0.000	        1	Delegate/transpose 52:45
	                              reshape 53	    0.470	    0.476	  0.035%	  8.303%	     0.000	        1	Delegate/reshape 53:46
	                       convolution_2d 54	    1.318	    1.320	  0.097%	  8.400%	     0.000	        1	Delegate/convolution_2d 54:47
	          reshape 55 -> mul 56 -> add 57	    0.202	    0.201	  0.015%	  8.415%	     0.000	        1	Delegate/reshape 55 -> mul 56 -> add 57:48
	                           reduce_sum 58	    0.079	    0.080	  0.006%	  8.420%	     0.000	        1	Delegate/reduce_sum 58:49
	                    reshape 59 -> mul 60	    0.051	    0.052	  0.004%	  8.424%	     0.000	        1	Delegate/reshape 59 -> mul 60:50
	                              reshape 61	    0.004	    0.004	  0.000%	  8.425%	     0.000	        1	Delegate/reshape 61:51
	                             subtract 62	    0.132	    0.132	  0.010%	  8.434%	     0.000	        1	Delegate/subtract 62:52
	                               square 63	    0.138	    0.138	  0.010%	  8.444%	     0.000	        1	Delegate/square 63:53
	                           reduce_sum 64	    0.082	    0.083	  0.006%	  8.450%	     0.000	        1	Delegate/reduce_sum 64:54
	          reshape 65 -> mul 66 -> add 67	    0.046	    0.045	  0.003%	  8.454%	     0.000	        1	Delegate/reshape 65 -> mul 66 -> add 67:55
	                  reshape 68 -> rsqrt 69	    0.005	    0.006	  0.000%	  8.454%	     0.000	        1	Delegate/reshape 68 -> rsqrt 69:56
	                                  mul 70	    0.130	    0.131	  0.010%	  8.464%	     0.000	        1	Delegate/mul 70:57
	            convolution_2d 73 -> gelu 74	    5.184	    5.185	  0.381%	  8.845%	     0.000	        1	Delegate/convolution_2d 73 -> gelu 74:58
	                              reshape 75	    0.545	    0.550	  0.040%	  8.885%	     0.000	        1	Delegate/reshape 75:59
	                       convolution_2d 76	    5.184	    5.185	  0.381%	  9.266%	     0.000	        1	Delegate/convolution_2d 76:60
	          reshape 77 -> mul 78 -> add 79	    0.192	    0.194	  0.014%	  9.280%	     0.000	        1	Delegate/reshape 77 -> mul 78 -> add 79:61
	                           reduce_sum 80	    0.077	    0.079	  0.006%	  9.286%	     0.000	        1	Delegate/reduce_sum 80:62
	                    reshape 81 -> mul 82	    0.042	    0.043	  0.003%	  9.289%	     0.000	        1	Delegate/reshape 81 -> mul 82:63
	                              reshape 83	    0.005	    0.004	  0.000%	  9.289%	     0.000	        1	Delegate/reshape 83:64
	                             subtract 84	    0.129	    0.132	  0.010%	  9.299%	     0.000	        1	Delegate/subtract 84:65
	                               square 85	    0.136	    0.137	  0.010%	  9.309%	     0.000	        1	Delegate/square 85:66
	                           reduce_sum 86	    0.082	    0.082	  0.006%	  9.315%	     0.000	        1	Delegate/reduce_sum 86:67
	          reshape 87 -> mul 88 -> add 89	    0.042	    0.041	  0.003%	  9.318%	     0.000	        1	Delegate/reshape 87 -> mul 88 -> add 89:68
	                  reshape 90 -> rsqrt 91	    0.004	    0.005	  0.000%	  9.319%	     0.000	        1	Delegate/reshape 90 -> rsqrt 91:69
	                                  mul 92	    0.129	    0.130	  0.010%	  9.328%	     0.000	        1	Delegate/mul 92:70
	                       convolution_2d 95	    3.823	    3.823	  0.281%	  9.609%	     0.000	        1	Delegate/convolution_2d 95:71
	                     slice 96 -> mul 102	    0.135	    0.136	  0.010%	  9.619%	     0.000	        1	Delegate/slice 96 -> mul 102:72
	                                slice 97	    0.140	    0.139	  0.010%	  9.629%	     0.000	        1	Delegate/slice 97:73
	                                slice 98	    0.133	    0.132	  0.010%	  9.639%	     0.000	        1	Delegate/slice 98:74
	                              reshape 99	    0.139	    0.141	  0.010%	  9.649%	     0.000	        1	Delegate/reshape 99:75
	                             reshape 100	    0.140	    0.139	  0.010%	  9.660%	     0.000	        1	Delegate/reshape 100:76
	                           transpose 101	    0.314	    0.319	  0.023%	  9.683%	     0.000	        1	Delegate/transpose 101:77
	                             reshape 103	    0.133	    0.134	  0.010%	  9.693%	     0.000	        1	Delegate/reshape 103:78
	                           transpose 104	    0.305	    0.312	  0.023%	  9.716%	     0.000	        1	Delegate/transpose 104:79
	                           transpose 105	    0.375	    0.377	  0.028%	  9.743%	     0.000	        1	Delegate/transpose 105:80
	                             reshape 106	    0.132	    0.131	  0.010%	  9.753%	     0.000	        1	Delegate/reshape 106:81
	                             reshape 107	    0.401	    0.395	  0.029%	  9.782%	     0.000	        1	Delegate/reshape 107:82
	               mat_mul_reshape_input 108	    0.259	    0.267	  0.020%	  9.802%	     0.000	        1	Delegate/mat_mul_reshape_input 108:83
	         bhwc_tensor_to_conv_weights 108	    0.568	    0.578	  0.042%	  9.844%	     0.000	        1	Delegate/bhwc_tensor_to_conv_weights 108:84
	              mat_mul_as_convolution 108	    5.328	    5.358	  0.394%	 10.238%	     0.000	        1	Delegate/mat_mul_as_convolution 108:85
	              mat_mul_reshape_output 108	   13.719	   13.735	  1.009%	 11.247%	     0.000	        1	Delegate/mat_mul_reshape_output 108:86
	                             reshape 109	   16.598	   16.599	  1.219%	 12.466%	     0.000	        1	Delegate/reshape 109:87
	                             softmax 110	   11.208	   11.312	  0.831%	 13.297%	     0.000	        1	Delegate/softmax 110:88
	                             reshape 111	   13.647	   13.649	  1.003%	 14.299%	     0.000	        1	Delegate/reshape 111:89
	                             reshape 112	    0.133	    0.132	  0.010%	 14.309%	     0.000	        1	Delegate/reshape 112:90
	               mat_mul_reshape_input 113	   16.755	   16.809	  1.235%	 15.544%	     0.000	        1	Delegate/mat_mul_reshape_input 113:91
	         bhwc_tensor_to_conv_weights 113	    0.342	    0.343	  0.025%	 15.569%	     0.000	        1	Delegate/bhwc_tensor_to_conv_weights 113:92
	              mat_mul_as_convolution 113	    4.415	    4.428	  0.325%	 15.894%	     0.000	        1	Delegate/mat_mul_as_convolution 113:93
	              mat_mul_reshape_output 113	    0.133	    0.135	  0.010%	 15.904%	     0.000	        1	Delegate/mat_mul_reshape_output 113:94
	                             reshape 114	    0.306	    0.310	  0.023%	 15.927%	     0.000	        1	Delegate/reshape 114:95
	                           transpose 115	    0.133	    0.133	  0.010%	 15.936%	     0.000	        1	Delegate/transpose 115:96
	                             reshape 116	    0.470	    0.470	  0.035%	 15.971%	     0.000	        1	Delegate/reshape 116:97
	                      convolution_2d 117	    1.315	    1.319	  0.097%	 16.068%	     0.000	        1	Delegate/convolution_2d 117:98
	       reshape 118 -> mul 119 -> add 120	    0.197	    0.199	  0.015%	 16.083%	     0.000	        1	Delegate/reshape 118 -> mul 119 -> add 120:99
	                          reduce_sum 121	    0.078	    0.079	  0.006%	 16.088%	     0.000	        1	Delegate/reduce_sum 121:100
	                  reshape 122 -> mul 123	    0.057	    0.052	  0.004%	 16.092%	     0.000	        1	Delegate/reshape 122 -> mul 123:101
	                             reshape 124	    0.000	    0.004	  0.000%	 16.092%	     0.000	        1	Delegate/reshape 124:102
	                            subtract 125	    0.128	    0.130	  0.010%	 16.102%	     0.000	        1	Delegate/subtract 125:103
	                              square 126	    0.136	    0.137	  0.010%	 16.112%	     0.000	        1	Delegate/square 126:104
	                          reduce_sum 127	    0.082	    0.081	  0.006%	 16.118%	     0.000	        1	Delegate/reduce_sum 127:105
	       reshape 128 -> mul 129 -> add 130	    0.046	    0.045	  0.003%	 16.121%	     0.000	        1	Delegate/reshape 128 -> mul 129 -> add 130:106
	                reshape 131 -> rsqrt 132	    0.000	    0.005	  0.000%	 16.122%	     0.000	        1	Delegate/reshape 131 -> rsqrt 132:107
	                                 mul 133	    0.129	    0.130	  0.010%	 16.131%	     0.000	        1	Delegate/mul 133:108
	          convolution_2d 136 -> gelu 137	    5.181	    5.180	  0.380%	 16.512%	     0.000	        1	Delegate/convolution_2d 136 -> gelu 137:109
	                             reshape 138	    0.545	    0.545	  0.040%	 16.552%	     0.000	        1	Delegate/reshape 138:110
	                      convolution_2d 139	    5.178	    5.183	  0.381%	 16.933%	     0.000	        1	Delegate/convolution_2d 139:111
	       reshape 140 -> mul 141 -> add 142	    0.192	    0.193	  0.014%	 16.947%	     0.000	        1	Delegate/reshape 140 -> mul 141 -> add 142:112
	                          reduce_sum 143	    0.077	    0.078	  0.006%	 16.952%	     0.000	        1	Delegate/reduce_sum 143:113
	                  reshape 144 -> mul 145	    0.043	    0.044	  0.003%	 16.956%	     0.000	        1	Delegate/reshape 144 -> mul 145:114
	                             reshape 146	    0.003	    0.004	  0.000%	 16.956%	     0.000	        1	Delegate/reshape 146:115
	                            subtract 147	    0.130	    0.132	  0.010%	 16.966%	     0.000	        1	Delegate/subtract 147:116
	                              square 148	    0.134	    0.138	  0.010%	 16.976%	     0.000	        1	Delegate/square 148:117
	                          reduce_sum 149	    0.080	    0.082	  0.006%	 16.982%	     0.000	        1	Delegate/reduce_sum 149:118
	       reshape 150 -> mul 151 -> add 152	    0.041	    0.041	  0.003%	 16.985%	     0.000	        1	Delegate/reshape 150 -> mul 151 -> add 152:119
	                reshape 153 -> rsqrt 154	    0.005	    0.006	  0.000%	 16.985%	     0.000	        1	Delegate/reshape 153 -> rsqrt 154:120
	                                 mul 155	    0.129	    0.130	  0.010%	 16.995%	     0.000	        1	Delegate/mul 155:121
	                      convolution_2d 158	    3.823	    3.823	  0.281%	 17.275%	     0.000	        1	Delegate/convolution_2d 158:122
	                    slice 159 -> mul 165	    0.135	    0.135	  0.010%	 17.285%	     0.000	        1	Delegate/slice 159 -> mul 165:123
	                               slice 160	    0.138	    0.139	  0.010%	 17.296%	     0.000	        1	Delegate/slice 160:124
	                               slice 161	    0.130	    0.132	  0.010%	 17.305%	     0.000	        1	Delegate/slice 161:125
	                             reshape 162	    0.141	    0.141	  0.010%	 17.316%	     0.000	        1	Delegate/reshape 162:126
	                             reshape 163	    0.136	    0.140	  0.010%	 17.326%	     0.000	        1	Delegate/reshape 163:127
	                           transpose 164	    0.312	    0.317	  0.023%	 17.349%	     0.000	        1	Delegate/transpose 164:128
	                             reshape 166	    0.131	    0.134	  0.010%	 17.359%	     0.000	        1	Delegate/reshape 166:129
	                           transpose 167	    0.308	    0.311	  0.023%	 17.382%	     0.000	        1	Delegate/transpose 167:130
	                           transpose 168	    0.377	    0.377	  0.028%	 17.410%	     0.000	        1	Delegate/transpose 168:131
	                             reshape 169	    0.129	    0.130	  0.010%	 17.419%	     0.000	        1	Delegate/reshape 169:132
	                             reshape 170	    0.399	    0.399	  0.029%	 17.448%	     0.000	        1	Delegate/reshape 170:133
	               mat_mul_reshape_input 171	    0.256	    0.263	  0.019%	 17.468%	     0.000	        1	Delegate/mat_mul_reshape_input 171:134
	         bhwc_tensor_to_conv_weights 171	    0.568	    0.572	  0.042%	 17.510%	     0.000	        1	Delegate/bhwc_tensor_to_conv_weights 171:135
	              mat_mul_as_convolution 171	    5.364	    5.381	  0.395%	 17.905%	     0.000	        1	Delegate/mat_mul_as_convolution 171:136
	              mat_mul_reshape_output 171	   14.396	   14.404	  1.058%	 18.963%	     0.000	        1	Delegate/mat_mul_reshape_output 171:137
	                             reshape 172	   16.604	   16.626	  1.221%	 20.184%	     0.000	        1	Delegate/reshape 172:138
	                             softmax 173	   11.208	   11.316	  0.831%	 21.015%	     0.000	        1	Delegate/softmax 173:139
	                             reshape 174	   13.652	   13.657	  1.003%	 22.019%	     0.000	        1	Delegate/reshape 174:140
	                             reshape 175	    0.127	    0.130	  0.010%	 22.028%	     0.000	        1	Delegate/reshape 175:141
	               mat_mul_reshape_input 176	   16.801	   16.809	  1.235%	 23.263%	     0.000	        1	Delegate/mat_mul_reshape_input 176:142
	         bhwc_tensor_to_conv_weights 176	    0.338	    0.341	  0.025%	 23.288%	     0.000	        1	Delegate/bhwc_tensor_to_conv_weights 176:143
	              mat_mul_as_convolution 176	    4.418	    4.425	  0.325%	 23.613%	     0.000	        1	Delegate/mat_mul_as_convolution 176:144
	              mat_mul_reshape_output 176	    0.133	    0.135	  0.010%	 23.623%	     0.000	        1	Delegate/mat_mul_reshape_output 176:145
	                             reshape 177	    0.311	    0.310	  0.023%	 23.646%	     0.000	        1	Delegate/reshape 177:146
	                           transpose 178	    0.135	    0.134	  0.010%	 23.656%	     0.000	        1	Delegate/transpose 178:147
	                             reshape 179	    0.472	    0.473	  0.035%	 23.690%	     0.000	        1	Delegate/reshape 179:148
	                      convolution_2d 180	    1.321	    1.319	  0.097%	 23.787%	     0.000	        1	Delegate/convolution_2d 180:149
	       reshape 181 -> mul 182 -> add 183	    0.200	    0.200	  0.015%	 23.802%	     0.000	        1	Delegate/reshape 181 -> mul 182 -> add 183:150
	                          reduce_sum 184	    0.078	    0.079	  0.006%	 23.808%	     0.000	        1	Delegate/reduce_sum 184:151
	                  reshape 185 -> mul 186	    0.051	    0.051	  0.004%	 23.811%	     0.000	        1	Delegate/reshape 185 -> mul 186:152
	                             reshape 187	    0.000	    0.004	  0.000%	 23.812%	     0.000	        1	Delegate/reshape 187:153
	                            subtract 188	    0.128	    0.130	  0.010%	 23.821%	     0.000	        1	Delegate/subtract 188:154
	                              square 189	    0.137	    0.136	  0.010%	 23.831%	     0.000	        1	Delegate/square 189:155
	                          reduce_sum 190	    0.081	    0.081	  0.006%	 23.837%	     0.000	        1	Delegate/reduce_sum 190:156
	       reshape 191 -> mul 192 -> add 193	    0.045	    0.046	  0.003%	 23.841%	     0.000	        1	Delegate/reshape 191 -> mul 192 -> add 193:157
	                reshape 194 -> rsqrt 195	    0.000	    0.004	  0.000%	 23.841%	     0.000	        1	Delegate/reshape 194 -> rsqrt 195:158
	                                 mul 196	    0.130	    0.130	  0.010%	 23.850%	     0.000	        1	Delegate/mul 196:159
	          convolution_2d 199 -> gelu 200	    5.182	    5.179	  0.380%	 24.231%	     0.000	        1	Delegate/convolution_2d 199 -> gelu 200:160
	                             reshape 201	    0.543	    0.544	  0.040%	 24.271%	     0.000	        1	Delegate/reshape 201:161
	                      convolution_2d 202	    5.188	    5.185	  0.381%	 24.652%	     0.000	        1	Delegate/convolution_2d 202:162
	       reshape 203 -> mul 204 -> add 205	    0.193	    0.193	  0.014%	 24.666%	     0.000	        1	Delegate/reshape 203 -> mul 204 -> add 205:163
	                          reduce_sum 206	    0.077	    0.078	  0.006%	 24.671%	     0.000	        1	Delegate/reduce_sum 206:164
	                  reshape 207 -> mul 208	    0.044	    0.044	  0.003%	 24.675%	     0.000	        1	Delegate/reshape 207 -> mul 208:165
	                             reshape 209	    0.004	    0.003	  0.000%	 24.675%	     0.000	        1	Delegate/reshape 209:166
	                            subtract 210	    0.131	    0.134	  0.010%	 24.685%	     0.000	        1	Delegate/subtract 210:167
	                              square 211	    0.136	    0.137	  0.010%	 24.695%	     0.000	        1	Delegate/square 211:168
	                          reduce_sum 212	    0.080	    0.081	  0.006%	 24.701%	     0.000	        1	Delegate/reduce_sum 212:169
	       reshape 213 -> mul 214 -> add 215	    0.041	    0.040	  0.003%	 24.704%	     0.000	        1	Delegate/reshape 213 -> mul 214 -> add 215:170
	                reshape 216 -> rsqrt 217	    0.005	    0.005	  0.000%	 24.704%	     0.000	        1	Delegate/reshape 216 -> rsqrt 217:171
	                                 mul 218	    0.130	    0.130	  0.010%	 24.714%	     0.000	        1	Delegate/mul 218:172
	                      convolution_2d 221	    3.811	    3.812	  0.280%	 24.994%	     0.000	        1	Delegate/convolution_2d 221:173
	                    slice 222 -> mul 228	    0.133	    0.135	  0.010%	 25.004%	     0.000	        1	Delegate/slice 222 -> mul 228:174
	                               slice 223	    0.136	    0.138	  0.010%	 25.014%	     0.000	        1	Delegate/slice 223:175
	                               slice 224	    0.132	    0.132	  0.010%	 25.023%	     0.000	        1	Delegate/slice 224:176
	                             reshape 225	    0.139	    0.139	  0.010%	 25.034%	     0.000	        1	Delegate/reshape 225:177
	                             reshape 226	    0.140	    0.140	  0.010%	 25.044%	     0.000	        1	Delegate/reshape 226:178
	                           transpose 227	    0.309	    0.310	  0.023%	 25.067%	     0.000	        1	Delegate/transpose 227:179
	                             reshape 229	    0.132	    0.133	  0.010%	 25.076%	     0.000	        1	Delegate/reshape 229:180
	                           transpose 230	    0.308	    0.307	  0.023%	 25.099%	     0.000	        1	Delegate/transpose 230:181
	                           transpose 231	    0.383	    0.378	  0.028%	 25.127%	     0.000	        1	Delegate/transpose 231:182
	                             reshape 232	    0.124	    0.130	  0.010%	 25.136%	     0.000	        1	Delegate/reshape 232:183
	                             reshape 233	    0.387	    0.395	  0.029%	 25.165%	     0.000	        1	Delegate/reshape 233:184
	               mat_mul_reshape_input 234	    0.267	    0.264	  0.019%	 25.185%	     0.000	        1	Delegate/mat_mul_reshape_input 234:185
	         bhwc_tensor_to_conv_weights 234	    0.573	    0.568	  0.042%	 25.226%	     0.000	        1	Delegate/bhwc_tensor_to_conv_weights 234:186
	              mat_mul_as_convolution 234	    5.317	    5.336	  0.392%	 25.618%	     0.000	        1	Delegate/mat_mul_as_convolution 234:187
	              mat_mul_reshape_output 234	   13.731	   13.746	  1.010%	 26.628%	     0.000	        1	Delegate/mat_mul_reshape_output 234:188
	                             reshape 235	   16.604	   16.608	  1.220%	 27.848%	     0.000	        1	Delegate/reshape 235:189
	                             softmax 236	   11.212	   11.307	  0.831%	 28.679%	     0.000	        1	Delegate/softmax 236:190
	                             reshape 237	   13.640	   13.653	  1.003%	 29.681%	     0.000	        1	Delegate/reshape 237:191
	                             reshape 238	    0.134	    0.132	  0.010%	 29.691%	     0.000	        1	Delegate/reshape 238:192
	               mat_mul_reshape_input 239	   16.806	   16.806	  1.234%	 30.926%	     0.000	        1	Delegate/mat_mul_reshape_input 239:193
	         bhwc_tensor_to_conv_weights 239	    0.345	    0.346	  0.025%	 30.951%	     0.000	        1	Delegate/bhwc_tensor_to_conv_weights 239:194
	              mat_mul_as_convolution 239	    4.409	    4.422	  0.325%	 31.276%	     0.000	        1	Delegate/mat_mul_as_convolution 239:195
	              mat_mul_reshape_output 239	    0.134	    0.135	  0.010%	 31.286%	     0.000	        1	Delegate/mat_mul_reshape_output 239:196
	                             reshape 240	    0.307	    0.310	  0.023%	 31.308%	     0.000	        1	Delegate/reshape 240:197
	                           transpose 241	    0.134	    0.133	  0.010%	 31.318%	     0.000	        1	Delegate/transpose 241:198
	                             reshape 242	    0.471	    0.471	  0.035%	 31.353%	     0.000	        1	Delegate/reshape 242:199
	                      convolution_2d 243	    1.317	    1.319	  0.097%	 31.450%	     0.000	        1	Delegate/convolution_2d 243:200
	       reshape 244 -> mul 245 -> add 246	    0.198	    0.198	  0.015%	 31.464%	     0.000	        1	Delegate/reshape 244 -> mul 245 -> add 246:201
	                          reduce_sum 247	    0.080	    0.079	  0.006%	 31.470%	     0.000	        1	Delegate/reduce_sum 247:202
	                  reshape 248 -> mul 249	    0.051	    0.052	  0.004%	 31.474%	     0.000	        1	Delegate/reshape 248 -> mul 249:203
	                             reshape 250	    0.005	    0.004	  0.000%	 31.474%	     0.000	        1	Delegate/reshape 250:204
	                            subtract 251	    0.130	    0.131	  0.010%	 31.484%	     0.000	        1	Delegate/subtract 251:205
	                              square 252	    0.136	    0.137	  0.010%	 31.494%	     0.000	        1	Delegate/square 252:206
	                          reduce_sum 253	    0.081	    0.083	  0.006%	 31.500%	     0.000	        1	Delegate/reduce_sum 253:207
	       reshape 254 -> mul 255 -> add 256	    0.045	    0.046	  0.003%	 31.503%	     0.000	        1	Delegate/reshape 254 -> mul 255 -> add 256:208
	                reshape 257 -> rsqrt 258	    0.006	    0.005	  0.000%	 31.504%	     0.000	        1	Delegate/reshape 257 -> rsqrt 258:209
	                                 mul 259	    0.129	    0.131	  0.010%	 31.513%	     0.000	        1	Delegate/mul 259:210
	          convolution_2d 262 -> gelu 263	    5.178	    5.181	  0.381%	 31.894%	     0.000	        1	Delegate/convolution_2d 262 -> gelu 263:211
	                             reshape 264	    0.547	    0.547	  0.040%	 31.934%	     0.000	        1	Delegate/reshape 264:212
	                      convolution_2d 265	    5.189	    5.189	  0.381%	 32.315%	     0.000	        1	Delegate/convolution_2d 265:213
	       reshape 266 -> mul 267 -> add 268	    0.192	    0.195	  0.014%	 32.330%	     0.000	        1	Delegate/reshape 266 -> mul 267 -> add 268:214
	                          reduce_sum 269	    0.080	    0.078	  0.006%	 32.335%	     0.000	        1	Delegate/reduce_sum 269:215
	                  reshape 270 -> mul 271	    0.044	    0.044	  0.003%	 32.338%	     0.000	        1	Delegate/reshape 270 -> mul 271:216
	                             reshape 272	    0.003	    0.003	  0.000%	 32.339%	     0.000	        1	Delegate/reshape 272:217
	                            subtract 273	    0.130	    0.130	  0.010%	 32.348%	     0.000	        1	Delegate/subtract 273:218
	                              square 274	    0.137	    0.136	  0.010%	 32.358%	     0.000	        1	Delegate/square 274:219
	                          reduce_sum 275	    0.082	    0.086	  0.006%	 32.365%	     0.000	        1	Delegate/reduce_sum 275:220
	       reshape 276 -> mul 277 -> add 278	    0.041	    0.041	  0.003%	 32.368%	     0.000	        1	Delegate/reshape 276 -> mul 277 -> add 278:221
	                reshape 279 -> rsqrt 280	    0.005	    0.005	  0.000%	 32.368%	     0.000	        1	Delegate/reshape 279 -> rsqrt 280:222
	                                 mul 281	    0.130	    0.130	  0.010%	 32.377%	     0.000	        1	Delegate/mul 281:223
	                      convolution_2d 284	    3.815	    3.821	  0.281%	 32.658%	     0.000	        1	Delegate/convolution_2d 284:224
	                    slice 285 -> mul 291	    0.134	    0.134	  0.010%	 32.668%	     0.000	        1	Delegate/slice 285 -> mul 291:225
	                               slice 286	    0.139	    0.139	  0.010%	 32.678%	     0.000	        1	Delegate/slice 286:226
	                               slice 287	    0.133	    0.132	  0.010%	 32.688%	     0.000	        1	Delegate/slice 287:227
	                             reshape 288	    0.141	    0.141	  0.010%	 32.698%	     0.000	        1	Delegate/reshape 288:228
	                             reshape 289	    0.140	    0.138	  0.010%	 32.708%	     0.000	        1	Delegate/reshape 289:229
	                           transpose 290	    0.322	    0.313	  0.023%	 32.731%	     0.000	        1	Delegate/transpose 290:230
	                             reshape 292	    0.135	    0.133	  0.010%	 32.741%	     0.000	        1	Delegate/reshape 292:231
	                           transpose 293	    0.312	    0.308	  0.023%	 32.764%	     0.000	        1	Delegate/transpose 293:232
	                           transpose 294	    0.375	    0.375	  0.028%	 32.791%	     0.000	        1	Delegate/transpose 294:233
	                             reshape 295	    0.134	    0.132	  0.010%	 32.801%	     0.000	        1	Delegate/reshape 295:234
	                             reshape 296	    0.404	    0.398	  0.029%	 32.830%	     0.000	        1	Delegate/reshape 296:235
	               mat_mul_reshape_input 297	    0.266	    0.262	  0.019%	 32.849%	     0.000	        1	Delegate/mat_mul_reshape_input 297:236
	         bhwc_tensor_to_conv_weights 297	    0.586	    0.575	  0.042%	 32.892%	     0.000	        1	Delegate/bhwc_tensor_to_conv_weights 297:237
	              mat_mul_as_convolution 297	    5.367	    5.342	  0.392%	 33.284%	     0.000	        1	Delegate/mat_mul_as_convolution 297:238
	              mat_mul_reshape_output 297	   13.721	   13.728	  1.008%	 34.292%	     0.000	        1	Delegate/mat_mul_reshape_output 297:239
	                             reshape 298	   16.617	   16.624	  1.221%	 35.513%	     0.000	        1	Delegate/reshape 298:240
	                             softmax 299	   11.242	   11.257	  0.827%	 36.340%	     0.000	        1	Delegate/softmax 299:241
	                             reshape 300	   13.652	   13.652	  1.003%	 37.343%	     0.000	        1	Delegate/reshape 300:242
	                             reshape 301	    0.128	    0.130	  0.010%	 37.353%	     0.000	        1	Delegate/reshape 301:243
	               mat_mul_reshape_input 302	   16.798	   16.814	  1.235%	 38.588%	     0.000	        1	Delegate/mat_mul_reshape_input 302:244
	         bhwc_tensor_to_conv_weights 302	    0.342	    0.345	  0.025%	 38.613%	     0.000	        1	Delegate/bhwc_tensor_to_conv_weights 302:245
	              mat_mul_as_convolution 302	    4.408	    4.426	  0.325%	 38.938%	     0.000	        1	Delegate/mat_mul_as_convolution 302:246
	              mat_mul_reshape_output 302	    0.134	    0.135	  0.010%	 38.948%	     0.000	        1	Delegate/mat_mul_reshape_output 302:247
	                             reshape 303	    0.318	    0.316	  0.023%	 38.971%	     0.000	        1	Delegate/reshape 303:248
	                           transpose 304	    0.133	    0.133	  0.010%	 38.981%	     0.000	        1	Delegate/transpose 304:249
	                             reshape 305	    0.471	    0.473	  0.035%	 39.016%	     0.000	        1	Delegate/reshape 305:250
	                      convolution_2d 306	    1.316	    1.319	  0.097%	 39.113%	     0.000	        1	Delegate/convolution_2d 306:251
	       reshape 307 -> mul 308 -> add 309	    0.200	    0.199	  0.015%	 39.127%	     0.000	        1	Delegate/reshape 307 -> mul 308 -> add 309:252
	                          reduce_sum 310	    0.079	    0.079	  0.006%	 39.133%	     0.000	        1	Delegate/reduce_sum 310:253
	                  reshape 311 -> mul 312	    0.056	    0.052	  0.004%	 39.137%	     0.000	        1	Delegate/reshape 311 -> mul 312:254
	                             reshape 313	    0.000	    0.004	  0.000%	 39.137%	     0.000	        1	Delegate/reshape 313:255
	                            subtract 314	    0.128	    0.130	  0.010%	 39.147%	     0.000	        1	Delegate/subtract 314:256
	                              square 315	    0.138	    0.137	  0.010%	 39.157%	     0.000	        1	Delegate/square 315:257
	                          reduce_sum 316	    0.083	    0.082	  0.006%	 39.163%	     0.000	        1	Delegate/reduce_sum 316:258
	       reshape 317 -> mul 318 -> add 319	    0.046	    0.045	  0.003%	 39.166%	     0.000	        1	Delegate/reshape 317 -> mul 318 -> add 319:259
	                reshape 320 -> rsqrt 321	    0.006	    0.005	  0.000%	 39.167%	     0.000	        1	Delegate/reshape 320 -> rsqrt 321:260
	                                 mul 322	    0.130	    0.131	  0.010%	 39.176%	     0.000	        1	Delegate/mul 322:261
	          convolution_2d 325 -> gelu 326	    5.179	    5.179	  0.380%	 39.557%	     0.000	        1	Delegate/convolution_2d 325 -> gelu 326:262
	                             reshape 327	    0.544	    0.548	  0.040%	 39.597%	     0.000	        1	Delegate/reshape 327:263
	                      convolution_2d 328	    5.185	    5.182	  0.381%	 39.978%	     0.000	        1	Delegate/convolution_2d 328:264
	       reshape 329 -> mul 330 -> add 331	    0.191	    0.192	  0.014%	 39.992%	     0.000	        1	Delegate/reshape 329 -> mul 330 -> add 331:265
	                          reduce_sum 332	    0.075	    0.077	  0.006%	 39.997%	     0.000	        1	Delegate/reduce_sum 332:266
	                  reshape 333 -> mul 334	    0.043	    0.044	  0.003%	 40.001%	     0.000	        1	Delegate/reshape 333 -> mul 334:267
	                             reshape 335	    0.005	    0.004	  0.000%	 40.001%	     0.000	        1	Delegate/reshape 335:268
	                            subtract 336	    0.131	    0.131	  0.010%	 40.010%	     0.000	        1	Delegate/subtract 336:269
	                              square 337	    0.137	    0.137	  0.010%	 40.021%	     0.000	        1	Delegate/square 337:270
	                          reduce_sum 338	    0.086	    0.085	  0.006%	 40.027%	     0.000	        1	Delegate/reduce_sum 338:271
	       reshape 339 -> mul 340 -> add 341	    0.044	    0.044	  0.003%	 40.030%	     0.000	        1	Delegate/reshape 339 -> mul 340 -> add 341:272
	                reshape 342 -> rsqrt 343	    0.005	    0.005	  0.000%	 40.030%	     0.000	        1	Delegate/reshape 342 -> rsqrt 343:273
	                                 mul 344	    0.130	    0.130	  0.010%	 40.040%	     0.000	        1	Delegate/mul 344:274
	                      convolution_2d 347	    3.829	    3.827	  0.281%	 40.321%	     0.000	        1	Delegate/convolution_2d 347:275
	                    slice 348 -> mul 354	    0.134	    0.136	  0.010%	 40.331%	     0.000	        1	Delegate/slice 348 -> mul 354:276
	                               slice 349	    0.136	    0.137	  0.010%	 40.341%	     0.000	        1	Delegate/slice 349:277
	                               slice 350	    0.132	    0.132	  0.010%	 40.351%	     0.000	        1	Delegate/slice 350:278
	                             reshape 351	    0.140	    0.142	  0.010%	 40.361%	     0.000	        1	Delegate/reshape 351:279
	                             reshape 352	    0.140	    0.139	  0.010%	 40.372%	     0.000	        1	Delegate/reshape 352:280
	                           transpose 353	    0.312	    0.314	  0.023%	 40.395%	     0.000	        1	Delegate/transpose 353:281
	                             reshape 355	    0.132	    0.135	  0.010%	 40.405%	     0.000	        1	Delegate/reshape 355:282
	                           transpose 356	    0.309	    0.313	  0.023%	 40.428%	     0.000	        1	Delegate/transpose 356:283
	                           transpose 357	    0.367	    0.374	  0.027%	 40.455%	     0.000	        1	Delegate/transpose 357:284
	                             reshape 358	    0.133	    0.131	  0.010%	 40.465%	     0.000	        1	Delegate/reshape 358:285
	                             reshape 359	    0.395	    0.399	  0.029%	 40.494%	     0.000	        1	Delegate/reshape 359:286
	               mat_mul_reshape_input 360	    0.270	    0.261	  0.019%	 40.513%	     0.000	        1	Delegate/mat_mul_reshape_input 360:287
	         bhwc_tensor_to_conv_weights 360	    0.567	    0.570	  0.042%	 40.555%	     0.000	        1	Delegate/bhwc_tensor_to_conv_weights 360:288
	              mat_mul_as_convolution 360	    5.500	    5.533	  0.406%	 40.961%	     0.000	        1	Delegate/mat_mul_as_convolution 360:289
	              mat_mul_reshape_output 360	   14.121	   14.126	  1.038%	 41.999%	     0.000	        1	Delegate/mat_mul_reshape_output 360:290
	                             reshape 361	   16.572	   16.617	  1.221%	 43.220%	     0.000	        1	Delegate/reshape 361:291
	                             softmax 362	   11.226	   11.287	  0.829%	 44.049%	     0.000	        1	Delegate/softmax 362:292
	                             reshape 363	   13.608	   13.649	  1.003%	 45.051%	     0.000	        1	Delegate/reshape 363:293
	                             reshape 364	    0.090	    0.127	  0.009%	 45.061%	     0.000	        1	Delegate/reshape 364:294
	               mat_mul_reshape_input 365	   15.754	   16.702	  1.227%	 46.287%	     0.000	        1	Delegate/mat_mul_reshape_input 365:295
	         bhwc_tensor_to_conv_weights 365	    0.245	    0.333	  0.024%	 46.312%	     0.000	        1	Delegate/bhwc_tensor_to_conv_weights 365:296
	              mat_mul_as_convolution 365	    4.230	    4.404	  0.323%	 46.635%	     0.000	        1	Delegate/mat_mul_as_convolution 365:297
	              mat_mul_reshape_output 365	    0.097	    0.131	  0.010%	 46.645%	     0.000	        1	Delegate/mat_mul_reshape_output 365:298
	                             reshape 366	    0.209	    0.301	  0.022%	 46.667%	     0.000	        1	Delegate/reshape 366:299
	                           transpose 367	    0.091	    0.129	  0.009%	 46.677%	     0.000	        1	Delegate/transpose 367:300
	                             reshape 368	    0.319	    0.456	  0.033%	 46.710%	     0.000	        1	Delegate/reshape 368:301
	                      convolution_2d 369	    1.287	    1.314	  0.097%	 46.807%	     0.000	        1	Delegate/convolution_2d 369:302
	       reshape 370 -> mul 371 -> add 372	    0.134	    0.193	  0.014%	 46.821%	     0.000	        1	Delegate/reshape 370 -> mul 371 -> add 372:303
	                          reduce_sum 373	    0.058	    0.077	  0.006%	 46.826%	     0.000	        1	Delegate/reduce_sum 373:304
	                  reshape 374 -> mul 375	    0.050	    0.051	  0.004%	 46.830%	     0.000	        1	Delegate/reshape 374 -> mul 375:305
	                             reshape 376	    0.004	    0.005	  0.000%	 46.830%	     0.000	        1	Delegate/reshape 376:306
	                            subtract 377	    0.089	    0.126	  0.009%	 46.840%	     0.000	        1	Delegate/subtract 377:307
	                              square 378	    0.093	    0.133	  0.010%	 46.849%	     0.000	        1	Delegate/square 378:308
	                          reduce_sum 379	    0.057	    0.079	  0.006%	 46.855%	     0.000	        1	Delegate/reduce_sum 379:309
	       reshape 380 -> mul 381 -> add 382	    0.043	    0.045	  0.003%	 46.859%	     0.000	        1	Delegate/reshape 380 -> mul 381 -> add 382:310
	                reshape 383 -> rsqrt 384	    0.005	    0.006	  0.000%	 46.859%	     0.000	        1	Delegate/reshape 383 -> rsqrt 384:311
	                                 mul 385	    0.089	    0.126	  0.009%	 46.868%	     0.000	        1	Delegate/mul 385:312
	          convolution_2d 388 -> gelu 389	    5.058	    5.168	  0.380%	 47.248%	     0.000	        1	Delegate/convolution_2d 388 -> gelu 389:313
	                             reshape 390	    0.370	    0.533	  0.039%	 47.287%	     0.000	        1	Delegate/reshape 390:314
	                      convolution_2d 391	    5.083	    5.173	  0.380%	 47.667%	     0.000	        1	Delegate/convolution_2d 391:315
	       reshape 392 -> mul 393 -> add 394	    0.129	    0.187	  0.014%	 47.681%	     0.000	        1	Delegate/reshape 392 -> mul 393 -> add 394:316
	                          reduce_sum 395	    0.056	    0.076	  0.006%	 47.686%	     0.000	        1	Delegate/reduce_sum 395:317
	                  reshape 396 -> mul 397	    0.046	    0.044	  0.003%	 47.690%	     0.000	        1	Delegate/reshape 396 -> mul 397:318
	                             reshape 398	    0.004	    0.004	  0.000%	 47.690%	     0.000	        1	Delegate/reshape 398:319
	                            subtract 399	    0.089	    0.127	  0.009%	 47.699%	     0.000	        1	Delegate/subtract 399:320
	                              square 400	    0.093	    0.132	  0.010%	 47.709%	     0.000	        1	Delegate/square 400:321
	                          reduce_sum 401	    0.060	    0.080	  0.006%	 47.715%	     0.000	        1	Delegate/reduce_sum 401:322
	       reshape 402 -> mul 403 -> add 404	    0.040	    0.041	  0.003%	 47.718%	     0.000	        1	Delegate/reshape 402 -> mul 403 -> add 404:323
	                reshape 405 -> rsqrt 406	    0.005	    0.005	  0.000%	 47.718%	     0.000	        1	Delegate/reshape 405 -> rsqrt 406:324
	                                 mul 407	    0.088	    0.125	  0.009%	 47.727%	     0.000	        1	Delegate/mul 407:325
	                      convolution_2d 410	    3.737	    3.802	  0.279%	 48.007%	     0.000	        1	Delegate/convolution_2d 410:326
	                    slice 411 -> mul 417	    0.090	    0.130	  0.010%	 48.016%	     0.000	        1	Delegate/slice 411 -> mul 417:327
	                               slice 412	    0.095	    0.134	  0.010%	 48.026%	     0.000	        1	Delegate/slice 412:328
	                               slice 413	    0.089	    0.127	  0.009%	 48.035%	     0.000	        1	Delegate/slice 413:329
	                             reshape 414	    0.097	    0.135	  0.010%	 48.045%	     0.000	        1	Delegate/reshape 414:330
	                             reshape 415	    0.096	    0.134	  0.010%	 48.055%	     0.000	        1	Delegate/reshape 415:331
	                           transpose 416	    0.205	    0.296	  0.022%	 48.077%	     0.000	        1	Delegate/transpose 416:332
	                             reshape 418	    0.092	    0.129	  0.009%	 48.086%	     0.000	        1	Delegate/reshape 418:333
	                           transpose 419	    0.208	    0.299	  0.022%	 48.108%	     0.000	        1	Delegate/transpose 419:334
	                           transpose 420	    0.367	    0.373	  0.027%	 48.136%	     0.000	        1	Delegate/transpose 420:335
	                             reshape 421	    0.091	    0.127	  0.009%	 48.145%	     0.000	        1	Delegate/reshape 421:336
	                             reshape 422	    0.374	    0.397	  0.029%	 48.174%	     0.000	        1	Delegate/reshape 422:337
	               mat_mul_reshape_input 423	    0.179	    0.253	  0.019%	 48.193%	     0.000	        1	Delegate/mat_mul_reshape_input 423:338
	         bhwc_tensor_to_conv_weights 423	    0.475	    0.560	  0.041%	 48.234%	     0.000	        1	Delegate/bhwc_tensor_to_conv_weights 423:339
	              mat_mul_as_convolution 423	    4.895	    5.286	  0.388%	 48.622%	     0.000	        1	Delegate/mat_mul_as_convolution 423:340
	              mat_mul_reshape_output 423	   13.504	   13.718	  1.008%	 49.630%	     0.000	        1	Delegate/mat_mul_reshape_output 423:341
	                             reshape 424	   15.563	   16.498	  1.212%	 50.842%	     0.000	        1	Delegate/reshape 424:342
	                             softmax 425	    7.705	   10.922	  0.802%	 51.644%	     0.000	        1	Delegate/softmax 425:343
	                             reshape 426	   13.400	   13.626	  1.001%	 52.645%	     0.000	        1	Delegate/reshape 426:344
	                             reshape 427	    0.089	    0.126	  0.009%	 52.654%	     0.000	        1	Delegate/reshape 427:345
	               mat_mul_reshape_input 428	   15.999	   16.716	  1.228%	 53.882%	     0.000	        1	Delegate/mat_mul_reshape_input 428:346
	         bhwc_tensor_to_conv_weights 428	    0.304	    0.337	  0.025%	 53.907%	     0.000	        1	Delegate/bhwc_tensor_to_conv_weights 428:347
	              mat_mul_as_convolution 428	    4.322	    4.402	  0.323%	 54.230%	     0.000	        1	Delegate/mat_mul_as_convolution 428:348
	              mat_mul_reshape_output 428	    0.122	    0.134	  0.010%	 54.240%	     0.000	        1	Delegate/mat_mul_reshape_output 428:349
	                             reshape 429	    0.279	    0.306	  0.022%	 54.262%	     0.000	        1	Delegate/reshape 429:350
	                           transpose 430	    0.119	    0.132	  0.010%	 54.272%	     0.000	        1	Delegate/transpose 430:351
	                             reshape 431	    0.409	    0.464	  0.034%	 54.306%	     0.000	        1	Delegate/reshape 431:352
	                      convolution_2d 432	    1.309	    1.319	  0.097%	 54.403%	     0.000	        1	Delegate/convolution_2d 432:353
	       reshape 433 -> mul 434 -> add 435	    0.178	    0.197	  0.014%	 54.417%	     0.000	        1	Delegate/reshape 433 -> mul 434 -> add 435:354
	                          reduce_sum 436	    0.068	    0.078	  0.006%	 54.423%	     0.000	        1	Delegate/reduce_sum 436:355
	                  reshape 437 -> mul 438	    0.050	    0.051	  0.004%	 54.427%	     0.000	        1	Delegate/reshape 437 -> mul 438:356
	                             reshape 439	    0.006	    0.005	  0.000%	 54.427%	     0.000	        1	Delegate/reshape 439:357
	                            subtract 440	    0.116	    0.129	  0.009%	 54.437%	     0.000	        1	Delegate/subtract 440:358
	                              square 441	    0.123	    0.136	  0.010%	 54.447%	     0.000	        1	Delegate/square 441:359
	                          reduce_sum 442	    0.071	    0.081	  0.006%	 54.452%	     0.000	        1	Delegate/reduce_sum 442:360
	       reshape 443 -> mul 444 -> add 445	    0.045	    0.045	  0.003%	 54.456%	     0.000	        1	Delegate/reshape 443 -> mul 444 -> add 445:361
	                reshape 446 -> rsqrt 447	    0.006	    0.005	  0.000%	 54.456%	     0.000	        1	Delegate/reshape 446 -> rsqrt 447:362
	                                 mul 448	    0.116	    0.129	  0.009%	 54.466%	     0.000	        1	Delegate/mul 448:363
	          convolution_2d 451 -> gelu 452	    5.118	    5.174	  0.380%	 54.846%	     0.000	        1	Delegate/convolution_2d 451 -> gelu 452:364
	                             reshape 453	    0.486	    0.538	  0.040%	 54.885%	     0.000	        1	Delegate/reshape 453:365
	                      convolution_2d 454	    5.140	    5.176	  0.380%	 55.265%	     0.000	        1	Delegate/convolution_2d 454:366
	       reshape 455 -> mul 456 -> add 457	    0.171	    0.190	  0.014%	 55.279%	     0.000	        1	Delegate/reshape 455 -> mul 456 -> add 457:367
	                          reduce_sum 458	    0.069	    0.077	  0.006%	 55.285%	     0.000	        1	Delegate/reduce_sum 458:368
	                  reshape 459 -> mul 460	    0.043	    0.043	  0.003%	 55.288%	     0.000	        1	Delegate/reshape 459 -> mul 460:369
	                             reshape 461	    0.003	    0.004	  0.000%	 55.288%	     0.000	        1	Delegate/reshape 461:370
	                            subtract 462	    0.116	    0.129	  0.009%	 55.298%	     0.000	        1	Delegate/subtract 462:371
	                              square 463	    0.121	    0.135	  0.010%	 55.308%	     0.000	        1	Delegate/square 463:372
	                          reduce_sum 464	    0.072	    0.072	  0.005%	 55.313%	     0.000	        1	Delegate/reduce_sum 464:373
	       reshape 465 -> mul 466 -> add 467	    0.041	    0.040	  0.003%	 55.316%	     0.000	        1	Delegate/reshape 465 -> mul 466 -> add 467:374
	                reshape 468 -> rsqrt 469	    0.006	    0.005	  0.000%	 55.316%	     0.000	        1	Delegate/reshape 468 -> rsqrt 469:375
	                                 mul 470	    0.116	    0.128	  0.009%	 55.326%	     0.000	        1	Delegate/mul 470:376
	                      convolution_2d 473	    3.786	    3.816	  0.280%	 55.606%	     0.000	        1	Delegate/convolution_2d 473:377
	                    slice 474 -> mul 480	    0.120	    0.133	  0.010%	 55.616%	     0.000	        1	Delegate/slice 474 -> mul 480:378
	                               slice 475	    0.124	    0.136	  0.010%	 55.626%	     0.000	        1	Delegate/slice 475:379
	                               slice 476	    0.118	    0.131	  0.010%	 55.635%	     0.000	        1	Delegate/slice 476:380
	                             reshape 477	    0.126	    0.139	  0.010%	 55.646%	     0.000	        1	Delegate/reshape 477:381
	                             reshape 478	    0.125	    0.137	  0.010%	 55.656%	     0.000	        1	Delegate/reshape 478:382
	                           transpose 479	    0.273	    0.304	  0.022%	 55.678%	     0.000	        1	Delegate/transpose 479:383
	                             reshape 481	    0.119	    0.132	  0.010%	 55.688%	     0.000	        1	Delegate/reshape 481:384
	                           transpose 482	    0.270	    0.305	  0.022%	 55.710%	     0.000	        1	Delegate/transpose 482:385
	                           transpose 483	    0.371	    0.374	  0.028%	 55.738%	     0.000	        1	Delegate/transpose 483:386
	                             reshape 484	    0.120	    0.130	  0.010%	 55.747%	     0.000	        1	Delegate/reshape 484:387
	                             reshape 485	    0.385	    0.396	  0.029%	 55.776%	     0.000	        1	Delegate/reshape 485:388
	               mat_mul_reshape_input 486	    0.237	    0.259	  0.019%	 55.795%	     0.000	        1	Delegate/mat_mul_reshape_input 486:389
	         bhwc_tensor_to_conv_weights 486	    0.517	    0.566	  0.042%	 55.837%	     0.000	        1	Delegate/bhwc_tensor_to_conv_weights 486:390
	              mat_mul_as_convolution 486	    5.157	    5.309	  0.390%	 56.227%	     0.000	        1	Delegate/mat_mul_as_convolution 486:391
	              mat_mul_reshape_output 486	   13.628	   13.715	  1.007%	 57.234%	     0.000	        1	Delegate/mat_mul_reshape_output 486:392
	                             reshape 487	   16.212	   16.555	  1.216%	 58.450%	     0.000	        1	Delegate/reshape 487:393
	                             softmax 488	    9.750	   11.086	  0.814%	 59.265%	     0.000	        1	Delegate/softmax 488:394
	                             reshape 489	   13.542	   13.634	  1.001%	 60.266%	     0.000	        1	Delegate/reshape 489:395
	                             reshape 490	    0.117	    0.129	  0.009%	 60.275%	     0.000	        1	Delegate/reshape 490:396
	               mat_mul_reshape_input 491	   16.389	   16.742	  1.230%	 61.505%	     0.000	        1	Delegate/mat_mul_reshape_input 491:397
	         bhwc_tensor_to_conv_weights 491	    0.308	    0.337	  0.025%	 61.530%	     0.000	        1	Delegate/bhwc_tensor_to_conv_weights 491:398
	              mat_mul_as_convolution 491	    4.327	    4.404	  0.323%	 61.853%	     0.000	        1	Delegate/mat_mul_as_convolution 491:399
	              mat_mul_reshape_output 491	    0.120	    0.133	  0.010%	 61.863%	     0.000	        1	Delegate/mat_mul_reshape_output 491:400
	                             reshape 492	    0.275	    0.307	  0.023%	 61.886%	     0.000	        1	Delegate/reshape 492:401
	                           transpose 493	    0.119	    0.132	  0.010%	 61.895%	     0.000	        1	Delegate/transpose 493:402
	                             reshape 494	    0.412	    0.464	  0.034%	 61.929%	     0.000	        1	Delegate/reshape 494:403
	                      convolution_2d 495	    1.305	    1.316	  0.097%	 62.026%	     0.000	        1	Delegate/convolution_2d 495:404
	       reshape 496 -> mul 497 -> add 498	    0.177	    0.197	  0.014%	 62.041%	     0.000	        1	Delegate/reshape 496 -> mul 497 -> add 498:405
	                          reduce_sum 499	    0.069	    0.077	  0.006%	 62.046%	     0.000	        1	Delegate/reduce_sum 499:406
	                  reshape 500 -> mul 501	    0.050	    0.051	  0.004%	 62.050%	     0.000	        1	Delegate/reshape 500 -> mul 501:407
	                             reshape 502	    0.007	    0.005	  0.000%	 62.050%	     0.000	        1	Delegate/reshape 502:408
	                            subtract 503	    0.118	    0.142	  0.010%	 62.061%	     0.000	        1	Delegate/subtract 503:409
	                              square 504	    0.116	    0.126	  0.009%	 62.070%	     0.000	        1	Delegate/square 504:410
	                          reduce_sum 505	    0.074	    0.081	  0.006%	 62.076%	     0.000	        1	Delegate/reduce_sum 505:411
	       reshape 506 -> mul 507 -> add 508	    0.047	    0.047	  0.003%	 62.080%	     0.000	        1	Delegate/reshape 506 -> mul 507 -> add 508:412
	                reshape 509 -> rsqrt 510	    0.006	    0.006	  0.000%	 62.080%	     0.000	        1	Delegate/reshape 509 -> rsqrt 510:413
	                                 mul 511	    0.117	    0.129	  0.009%	 62.090%	     0.000	        1	Delegate/mul 511:414
	          convolution_2d 514 -> gelu 515	    5.120	    5.174	  0.380%	 62.470%	     0.000	        1	Delegate/convolution_2d 514 -> gelu 515:415
	                             reshape 516	    0.490	    0.540	  0.040%	 62.509%	     0.000	        1	Delegate/reshape 516:416
	                      convolution_2d 517	    5.130	    5.175	  0.380%	 62.889%	     0.000	        1	Delegate/convolution_2d 517:417
	       reshape 518 -> mul 519 -> add 520	    0.171	    0.193	  0.014%	 62.904%	     0.000	        1	Delegate/reshape 518 -> mul 519 -> add 520:418
	                          reduce_sum 521	    0.069	    0.077	  0.006%	 62.909%	     0.000	        1	Delegate/reduce_sum 521:419
	                  reshape 522 -> mul 523	    0.046	    0.046	  0.003%	 62.913%	     0.000	        1	Delegate/reshape 522 -> mul 523:420
	                             reshape 524	    0.005	    0.006	  0.000%	 62.913%	     0.000	        1	Delegate/reshape 524:421
	                            subtract 525	    0.117	    0.129	  0.009%	 62.923%	     0.000	        1	Delegate/subtract 525:422
	                              square 526	    0.123	    0.136	  0.010%	 62.933%	     0.000	        1	Delegate/square 526:423
	                          reduce_sum 527	    0.071	    0.080	  0.006%	 62.938%	     0.000	        1	Delegate/reduce_sum 527:424
	       reshape 528 -> mul 529 -> add 530	    0.040	    0.040	  0.003%	 62.941%	     0.000	        1	Delegate/reshape 528 -> mul 529 -> add 530:425
	                reshape 531 -> rsqrt 532	    0.006	    0.006	  0.000%	 62.942%	     0.000	        1	Delegate/reshape 531 -> rsqrt 532:426
	                                 mul 533	    0.117	    0.128	  0.009%	 62.951%	     0.000	        1	Delegate/mul 533:427
	                      convolution_2d 536	    3.787	    3.816	  0.280%	 63.232%	     0.000	        1	Delegate/convolution_2d 536:428
	                    slice 537 -> mul 543	    0.123	    0.132	  0.010%	 63.241%	     0.000	        1	Delegate/slice 537 -> mul 543:429
	                               slice 538	    0.122	    0.137	  0.010%	 63.251%	     0.000	        1	Delegate/slice 538:430
	                               slice 539	    0.117	    0.130	  0.010%	 63.261%	     0.000	        1	Delegate/slice 539:431
	                             reshape 540	    0.128	    0.140	  0.010%	 63.271%	     0.000	        1	Delegate/reshape 540:432
	                             reshape 541	    0.123	    0.136	  0.010%	 63.281%	     0.000	        1	Delegate/reshape 541:433
	                           transpose 542	    0.273	    0.304	  0.022%	 63.304%	     0.000	        1	Delegate/transpose 542:434
	                             reshape 544	    0.119	    0.131	  0.010%	 63.313%	     0.000	        1	Delegate/reshape 544:435
	                           transpose 545	    0.268	    0.303	  0.022%	 63.335%	     0.000	        1	Delegate/transpose 545:436
	                           transpose 546	    0.367	    0.373	  0.027%	 63.363%	     0.000	        1	Delegate/transpose 546:437
	                             reshape 547	    0.119	    0.131	  0.010%	 63.372%	     0.000	        1	Delegate/reshape 547:438
	                             reshape 548	    0.392	    0.398	  0.029%	 63.402%	     0.000	        1	Delegate/reshape 548:439
	               mat_mul_reshape_input 549	    0.229	    0.257	  0.019%	 63.421%	     0.000	        1	Delegate/mat_mul_reshape_input 549:440
	         bhwc_tensor_to_conv_weights 549	    0.528	    0.566	  0.042%	 63.462%	     0.000	        1	Delegate/bhwc_tensor_to_conv_weights 549:441
	              mat_mul_as_convolution 549	    5.291	    5.485	  0.403%	 63.865%	     0.000	        1	Delegate/mat_mul_as_convolution 549:442
	              mat_mul_reshape_output 549	   13.952	   14.078	  1.034%	 64.899%	     0.000	        1	Delegate/mat_mul_reshape_output 549:443
	                             reshape 550	   16.211	   16.561	  1.216%	 66.116%	     0.000	        1	Delegate/reshape 550:444
	                             softmax 551	    9.742	   11.084	  0.814%	 66.930%	     0.000	        1	Delegate/softmax 551:445
	                             reshape 552	   13.547	   13.637	  1.002%	 67.931%	     0.000	        1	Delegate/reshape 552:446
	                             reshape 553	    0.113	    0.129	  0.009%	 67.941%	     0.000	        1	Delegate/reshape 553:447
	               mat_mul_reshape_input 554	   16.403	   16.748	  1.230%	 69.171%	     0.000	        1	Delegate/mat_mul_reshape_input 554:448
	         bhwc_tensor_to_conv_weights 554	    0.302	    0.338	  0.025%	 69.196%	     0.000	        1	Delegate/bhwc_tensor_to_conv_weights 554:449
	              mat_mul_as_convolution 554	    4.328	    4.408	  0.324%	 69.520%	     0.000	        1	Delegate/mat_mul_as_convolution 554:450
	              mat_mul_reshape_output 554	    0.121	    0.134	  0.010%	 69.529%	     0.000	        1	Delegate/mat_mul_reshape_output 554:451
	                             reshape 555	    0.273	    0.307	  0.023%	 69.552%	     0.000	        1	Delegate/reshape 555:452
	                           transpose 556	    0.118	    0.132	  0.010%	 69.562%	     0.000	        1	Delegate/transpose 556:453
	                             reshape 557	    0.407	    0.464	  0.034%	 69.596%	     0.000	        1	Delegate/reshape 557:454
	                      convolution_2d 558	    1.306	    1.319	  0.097%	 69.693%	     0.000	        1	Delegate/convolution_2d 558:455
	       reshape 559 -> mul 560 -> add 561	    0.203	    0.200	  0.015%	 69.707%	     0.000	        1	Delegate/reshape 559 -> mul 560 -> add 561:456
	                          reduce_sum 562	    0.071	    0.078	  0.006%	 69.713%	     0.000	        1	Delegate/reduce_sum 562:457
	                  reshape 563 -> mul 564	    0.049	    0.051	  0.004%	 69.717%	     0.000	        1	Delegate/reshape 563 -> mul 564:458
	                             reshape 565	    0.006	    0.005	  0.000%	 69.717%	     0.000	        1	Delegate/reshape 565:459
	                            subtract 566	    0.117	    0.129	  0.009%	 69.727%	     0.000	        1	Delegate/subtract 566:460
	                              square 567	    0.124	    0.136	  0.010%	 69.736%	     0.000	        1	Delegate/square 567:461
	                          reduce_sum 568	    0.075	    0.081	  0.006%	 69.742%	     0.000	        1	Delegate/reduce_sum 568:462
	       reshape 569 -> mul 570 -> add 571	    0.044	    0.045	  0.003%	 69.746%	     0.000	        1	Delegate/reshape 569 -> mul 570 -> add 571:463
	                reshape 572 -> rsqrt 573	    0.005	    0.005	  0.000%	 69.746%	     0.000	        1	Delegate/reshape 572 -> rsqrt 573:464
	                                 mul 574	    0.120	    0.129	  0.009%	 69.756%	     0.000	        1	Delegate/mul 574:465
	          convolution_2d 577 -> gelu 578	    5.121	    5.173	  0.380%	 70.136%	     0.000	        1	Delegate/convolution_2d 577 -> gelu 578:466
	                             reshape 579	    0.489	    0.538	  0.040%	 70.175%	     0.000	        1	Delegate/reshape 579:467
	                      convolution_2d 580	    5.147	    5.179	  0.380%	 70.556%	     0.000	        1	Delegate/convolution_2d 580:468
	       reshape 581 -> mul 582 -> add 583	    0.171	    0.190	  0.014%	 70.569%	     0.000	        1	Delegate/reshape 581 -> mul 582 -> add 583:469
	                          reduce_sum 584	    0.067	    0.076	  0.006%	 70.575%	     0.000	        1	Delegate/reduce_sum 584:470
	                  reshape 585 -> mul 586	    0.044	    0.045	  0.003%	 70.578%	     0.000	        1	Delegate/reshape 585 -> mul 586:471
	                             reshape 587	    0.004	    0.003	  0.000%	 70.579%	     0.000	        1	Delegate/reshape 587:472
	                            subtract 588	    0.118	    0.129	  0.009%	 70.588%	     0.000	        1	Delegate/subtract 588:473
	                              square 589	    0.122	    0.135	  0.010%	 70.598%	     0.000	        1	Delegate/square 589:474
	                          reduce_sum 590	    0.072	    0.080	  0.006%	 70.604%	     0.000	        1	Delegate/reduce_sum 590:475
	       reshape 591 -> mul 592 -> add 593	    0.041	    0.041	  0.003%	 70.607%	     0.000	        1	Delegate/reshape 591 -> mul 592 -> add 593:476
	                reshape 594 -> rsqrt 595	    0.004	    0.006	  0.000%	 70.607%	     0.000	        1	Delegate/reshape 594 -> rsqrt 595:477
	                                 mul 596	    0.117	    0.129	  0.009%	 70.617%	     0.000	        1	Delegate/mul 596:478
	                      convolution_2d 599	    3.780	    3.808	  0.280%	 70.896%	     0.000	        1	Delegate/convolution_2d 599:479
	                    slice 600 -> mul 606	    0.119	    0.132	  0.010%	 70.906%	     0.000	        1	Delegate/slice 600 -> mul 606:480
	                               slice 601	    0.127	    0.137	  0.010%	 70.916%	     0.000	        1	Delegate/slice 601:481
	                               slice 602	    0.117	    0.130	  0.010%	 70.926%	     0.000	        1	Delegate/slice 602:482
	                             reshape 603	    0.127	    0.139	  0.010%	 70.936%	     0.000	        1	Delegate/reshape 603:483
	                             reshape 604	    0.145	    0.140	  0.010%	 70.946%	     0.000	        1	Delegate/reshape 604:484
	                           transpose 605	    0.284	    0.306	  0.022%	 70.969%	     0.000	        1	Delegate/transpose 605:485
	                             reshape 607	    0.119	    0.132	  0.010%	 70.978%	     0.000	        1	Delegate/reshape 607:486
	                           transpose 608	    0.276	    0.304	  0.022%	 71.001%	     0.000	        1	Delegate/transpose 608:487
	                           transpose 609	    0.370	    0.374	  0.027%	 71.028%	     0.000	        1	Delegate/transpose 609:488
	                             reshape 610	    0.117	    0.130	  0.010%	 71.038%	     0.000	        1	Delegate/reshape 610:489
	                             reshape 611	    0.383	    0.394	  0.029%	 71.067%	     0.000	        1	Delegate/reshape 611:490
	               mat_mul_reshape_input 612	    0.239	    0.261	  0.019%	 71.086%	     0.000	        1	Delegate/mat_mul_reshape_input 612:491
	         bhwc_tensor_to_conv_weights 612	    0.530	    0.562	  0.041%	 71.127%	     0.000	        1	Delegate/bhwc_tensor_to_conv_weights 612:492
	              mat_mul_as_convolution 612	    5.123	    5.302	  0.389%	 71.517%	     0.000	        1	Delegate/mat_mul_as_convolution 612:493
	              mat_mul_reshape_output 612	   13.615	   13.727	  1.008%	 72.525%	     0.000	        1	Delegate/mat_mul_reshape_output 612:494
	                             reshape 613	   16.212	   16.551	  1.216%	 73.741%	     0.000	        1	Delegate/reshape 613:495
	                             softmax 614	    9.754	   11.084	  0.814%	 74.555%	     0.000	        1	Delegate/softmax 614:496
	                             reshape 615	   13.540	   13.632	  1.001%	 75.556%	     0.000	        1	Delegate/reshape 615:497
	                             reshape 616	    0.120	    0.132	  0.010%	 75.566%	     0.000	        1	Delegate/reshape 616:498
	               mat_mul_reshape_input 617	   16.409	   16.745	  1.230%	 76.796%	     0.000	        1	Delegate/mat_mul_reshape_input 617:499
	         bhwc_tensor_to_conv_weights 617	    0.307	    0.338	  0.025%	 76.821%	     0.000	        1	Delegate/bhwc_tensor_to_conv_weights 617:500
	              mat_mul_as_convolution 617	    4.325	    4.403	  0.323%	 77.144%	     0.000	        1	Delegate/mat_mul_as_convolution 617:501
	              mat_mul_reshape_output 617	    0.122	    0.133	  0.010%	 77.154%	     0.000	        1	Delegate/mat_mul_reshape_output 617:502
	                             reshape 618	    0.272	    0.307	  0.023%	 77.176%	     0.000	        1	Delegate/reshape 618:503
	                           transpose 619	    0.119	    0.131	  0.010%	 77.186%	     0.000	        1	Delegate/transpose 619:504
	                             reshape 620	    0.408	    0.464	  0.034%	 77.220%	     0.000	        1	Delegate/reshape 620:505
	                      convolution_2d 621	    1.307	    1.318	  0.097%	 77.317%	     0.000	        1	Delegate/convolution_2d 621:506
	       reshape 622 -> mul 623 -> add 624	    0.176	    0.196	  0.014%	 77.331%	     0.000	        1	Delegate/reshape 622 -> mul 623 -> add 624:507
	                          reduce_sum 625	    0.071	    0.078	  0.006%	 77.337%	     0.000	        1	Delegate/reduce_sum 625:508
	                  reshape 626 -> mul 627	    0.050	    0.051	  0.004%	 77.341%	     0.000	        1	Delegate/reshape 626 -> mul 627:509
	                             reshape 628	    0.006	    0.005	  0.000%	 77.341%	     0.000	        1	Delegate/reshape 628:510
	                            subtract 629	    0.117	    0.129	  0.009%	 77.351%	     0.000	        1	Delegate/subtract 629:511
	                              square 630	    0.123	    0.136	  0.010%	 77.360%	     0.000	        1	Delegate/square 630:512
	                          reduce_sum 631	    0.073	    0.080	  0.006%	 77.366%	     0.000	        1	Delegate/reduce_sum 631:513
	       reshape 632 -> mul 633 -> add 634	    0.045	    0.046	  0.003%	 77.370%	     0.000	        1	Delegate/reshape 632 -> mul 633 -> add 634:514
	                reshape 635 -> rsqrt 636	    0.004	    0.005	  0.000%	 77.370%	     0.000	        1	Delegate/reshape 635 -> rsqrt 636:515
	                                 mul 637	    0.116	    0.128	  0.009%	 77.380%	     0.000	        1	Delegate/mul 637:516
	          convolution_2d 640 -> gelu 641	    5.118	    5.172	  0.380%	 77.759%	     0.000	        1	Delegate/convolution_2d 640 -> gelu 641:517
	                             reshape 642	    0.490	    0.539	  0.040%	 77.799%	     0.000	        1	Delegate/reshape 642:518
	                      convolution_2d 643	    5.147	    5.178	  0.380%	 78.179%	     0.000	        1	Delegate/convolution_2d 643:519
	       reshape 644 -> mul 645 -> add 646	    0.170	    0.190	  0.014%	 78.193%	     0.000	        1	Delegate/reshape 644 -> mul 645 -> add 646:520
	                          reduce_sum 647	    0.069	    0.077	  0.006%	 78.199%	     0.000	        1	Delegate/reduce_sum 647:521
	                  reshape 648 -> mul 649	    0.045	    0.045	  0.003%	 78.202%	     0.000	        1	Delegate/reshape 648 -> mul 649:522
	                             reshape 650	    0.004	    0.003	  0.000%	 78.202%	     0.000	        1	Delegate/reshape 650:523
	                            subtract 651	    0.117	    0.129	  0.009%	 78.212%	     0.000	        1	Delegate/subtract 651:524
	                              square 652	    0.124	    0.135	  0.010%	 78.222%	     0.000	        1	Delegate/square 652:525
	                          reduce_sum 653	    0.072	    0.081	  0.006%	 78.228%	     0.000	        1	Delegate/reduce_sum 653:526
	       reshape 654 -> mul 655 -> add 656	    0.040	    0.040	  0.003%	 78.231%	     0.000	        1	Delegate/reshape 654 -> mul 655 -> add 656:527
	                reshape 657 -> rsqrt 658	    0.004	    0.005	  0.000%	 78.231%	     0.000	        1	Delegate/reshape 657 -> rsqrt 658:528
	                                 mul 659	    0.115	    0.127	  0.009%	 78.241%	     0.000	        1	Delegate/mul 659:529
	                      convolution_2d 662	    3.783	    3.815	  0.280%	 78.521%	     0.000	        1	Delegate/convolution_2d 662:530
	                    slice 663 -> mul 669	    0.121	    0.133	  0.010%	 78.531%	     0.000	        1	Delegate/slice 663 -> mul 669:531
	                               slice 664	    0.123	    0.138	  0.010%	 78.541%	     0.000	        1	Delegate/slice 664:532
	                               slice 665	    0.117	    0.129	  0.010%	 78.550%	     0.000	        1	Delegate/slice 665:533
	                             reshape 666	    0.128	    0.139	  0.010%	 78.560%	     0.000	        1	Delegate/reshape 666:534
	                             reshape 667	    0.123	    0.137	  0.010%	 78.570%	     0.000	        1	Delegate/reshape 667:535
	                           transpose 668	    0.268	    0.304	  0.022%	 78.593%	     0.000	        1	Delegate/transpose 668:536
	                             reshape 670	    0.118	    0.132	  0.010%	 78.602%	     0.000	        1	Delegate/reshape 670:537
	                           transpose 671	    0.270	    0.303	  0.022%	 78.625%	     0.000	        1	Delegate/transpose 671:538
	                           transpose 672	    0.372	    0.377	  0.028%	 78.652%	     0.000	        1	Delegate/transpose 672:539
	                             reshape 673	    0.118	    0.128	  0.009%	 78.662%	     0.000	        1	Delegate/reshape 673:540
	                             reshape 674	    0.386	    0.400	  0.029%	 78.691%	     0.000	        1	Delegate/reshape 674:541
	               mat_mul_reshape_input 675	    0.238	    0.255	  0.019%	 78.710%	     0.000	        1	Delegate/mat_mul_reshape_input 675:542
	         bhwc_tensor_to_conv_weights 675	    0.529	    0.568	  0.042%	 78.752%	     0.000	        1	Delegate/bhwc_tensor_to_conv_weights 675:543
	              mat_mul_as_convolution 675	    5.149	    5.301	  0.389%	 79.141%	     0.000	        1	Delegate/mat_mul_as_convolution 675:544
	              mat_mul_reshape_output 675	   13.628	   13.711	  1.007%	 80.148%	     0.000	        1	Delegate/mat_mul_reshape_output 675:545
	                             reshape 676	   16.237	   16.575	  1.218%	 81.366%	     0.000	        1	Delegate/reshape 676:546
	                             softmax 677	    9.694	   10.989	  0.807%	 82.173%	     0.000	        1	Delegate/softmax 677:547
	                             reshape 678	   13.539	   13.631	  1.001%	 83.174%	     0.000	        1	Delegate/reshape 678:548
	                             reshape 679	    0.118	    0.130	  0.010%	 83.184%	     0.000	        1	Delegate/reshape 679:549
	               mat_mul_reshape_input 680	   16.418	   16.748	  1.230%	 84.414%	     0.000	        1	Delegate/mat_mul_reshape_input 680:550
	         bhwc_tensor_to_conv_weights 680	    0.306	    0.339	  0.025%	 84.439%	     0.000	        1	Delegate/bhwc_tensor_to_conv_weights 680:551
	              mat_mul_as_convolution 680	    4.399	    4.413	  0.324%	 84.763%	     0.000	        1	Delegate/mat_mul_as_convolution 680:552
	              mat_mul_reshape_output 680	    0.134	    0.135	  0.010%	 84.773%	     0.000	        1	Delegate/mat_mul_reshape_output 680:553
	                             reshape 681	    0.309	    0.311	  0.023%	 84.796%	     0.000	        1	Delegate/reshape 681:554
	                           transpose 682	    0.133	    0.134	  0.010%	 84.805%	     0.000	        1	Delegate/transpose 682:555
	                             reshape 683	    0.470	    0.470	  0.035%	 84.840%	     0.000	        1	Delegate/reshape 683:556
	                      convolution_2d 684	    1.320	    1.320	  0.097%	 84.937%	     0.000	        1	Delegate/convolution_2d 684:557
	       reshape 685 -> mul 686 -> add 687	    0.198	    0.199	  0.015%	 84.951%	     0.000	        1	Delegate/reshape 685 -> mul 686 -> add 687:558
	                          reduce_sum 688	    0.079	    0.079	  0.006%	 84.957%	     0.000	        1	Delegate/reduce_sum 688:559
	                  reshape 689 -> mul 690	    0.051	    0.051	  0.004%	 84.961%	     0.000	        1	Delegate/reshape 689 -> mul 690:560
	                             reshape 691	    0.000	    0.005	  0.000%	 84.961%	     0.000	        1	Delegate/reshape 691:561
	                            subtract 692	    0.130	    0.131	  0.010%	 84.971%	     0.000	        1	Delegate/subtract 692:562
	                              square 693	    0.138	    0.137	  0.010%	 84.981%	     0.000	        1	Delegate/square 693:563
	                          reduce_sum 694	    0.082	    0.081	  0.006%	 84.987%	     0.000	        1	Delegate/reduce_sum 694:564
	       reshape 695 -> mul 696 -> add 697	    0.046	    0.046	  0.003%	 84.990%	     0.000	        1	Delegate/reshape 695 -> mul 696 -> add 697:565
	                reshape 698 -> rsqrt 699	    0.007	    0.006	  0.000%	 84.991%	     0.000	        1	Delegate/reshape 698 -> rsqrt 699:566
	                                 mul 700	    0.129	    0.130	  0.010%	 85.000%	     0.000	        1	Delegate/mul 700:567
	          convolution_2d 703 -> gelu 704	    5.179	    5.179	  0.380%	 85.381%	     0.000	        1	Delegate/convolution_2d 703 -> gelu 704:568
	                             reshape 705	    0.546	    0.544	  0.040%	 85.421%	     0.000	        1	Delegate/reshape 705:569
	                      convolution_2d 706	    5.194	    5.189	  0.381%	 85.802%	     0.000	        1	Delegate/convolution_2d 706:570
	       reshape 707 -> mul 708 -> add 709	    0.191	    0.192	  0.014%	 85.816%	     0.000	        1	Delegate/reshape 707 -> mul 708 -> add 709:571
	                          reduce_sum 710	    0.079	    0.078	  0.006%	 85.822%	     0.000	        1	Delegate/reduce_sum 710:572
	                  reshape 711 -> mul 712	    0.044	    0.044	  0.003%	 85.825%	     0.000	        1	Delegate/reshape 711 -> mul 712:573
	                             reshape 713	    0.005	    0.004	  0.000%	 85.825%	     0.000	        1	Delegate/reshape 713:574
	                            subtract 714	    0.130	    0.131	  0.010%	 85.835%	     0.000	        1	Delegate/subtract 714:575
	                              square 715	    0.136	    0.137	  0.010%	 85.845%	     0.000	        1	Delegate/square 715:576
	                          reduce_sum 716	    0.082	    0.081	  0.006%	 85.851%	     0.000	        1	Delegate/reduce_sum 716:577
	       reshape 717 -> mul 718 -> add 719	    0.042	    0.041	  0.003%	 85.854%	     0.000	        1	Delegate/reshape 717 -> mul 718 -> add 719:578
	                reshape 720 -> rsqrt 721	    0.004	    0.005	  0.000%	 85.854%	     0.000	        1	Delegate/reshape 720 -> rsqrt 721:579
	                                 mul 722	    0.129	    0.130	  0.010%	 85.864%	     0.000	        1	Delegate/mul 722:580
	                      convolution_2d 725	    3.817	    3.819	  0.281%	 86.144%	     0.000	        1	Delegate/convolution_2d 725:581
	                    slice 726 -> mul 732	    0.134	    0.134	  0.010%	 86.154%	     0.000	        1	Delegate/slice 726 -> mul 732:582
	                               slice 727	    0.139	    0.138	  0.010%	 86.164%	     0.000	        1	Delegate/slice 727:583
	                               slice 728	    0.131	    0.132	  0.010%	 86.174%	     0.000	        1	Delegate/slice 728:584
	                             reshape 729	    0.138	    0.140	  0.010%	 86.184%	     0.000	        1	Delegate/reshape 729:585
	                             reshape 730	    0.139	    0.139	  0.010%	 86.194%	     0.000	        1	Delegate/reshape 730:586
	                           transpose 731	    0.303	    0.306	  0.022%	 86.217%	     0.000	        1	Delegate/transpose 731:587
	                             reshape 733	    0.132	    0.133	  0.010%	 86.227%	     0.000	        1	Delegate/reshape 733:588
	                           transpose 734	    0.307	    0.307	  0.023%	 86.249%	     0.000	        1	Delegate/transpose 734:589
	                           transpose 735	    0.373	    0.374	  0.027%	 86.276%	     0.000	        1	Delegate/transpose 735:590
	                             reshape 736	    0.132	    0.131	  0.010%	 86.286%	     0.000	        1	Delegate/reshape 736:591
	                             reshape 737	    0.371	    0.394	  0.029%	 86.315%	     0.000	        1	Delegate/reshape 737:592
	               mat_mul_reshape_input 738	    0.288	    0.265	  0.019%	 86.335%	     0.000	        1	Delegate/mat_mul_reshape_input 738:593
	         bhwc_tensor_to_conv_weights 738	    0.577	    0.571	  0.042%	 86.376%	     0.000	        1	Delegate/bhwc_tensor_to_conv_weights 738:594
	              mat_mul_as_convolution 738	    5.286	    5.321	  0.391%	 86.767%	     0.000	        1	Delegate/mat_mul_as_convolution 738:595
	              mat_mul_reshape_output 738	   13.723	   13.725	  1.008%	 87.775%	     0.000	        1	Delegate/mat_mul_reshape_output 738:596
	                             reshape 739	   16.556	   16.608	  1.220%	 88.995%	     0.000	        1	Delegate/reshape 739:597
	                             softmax 740	   11.225	   11.272	  0.828%	 89.823%	     0.000	        1	Delegate/softmax 740:598
	                             reshape 741	   13.640	   13.651	  1.003%	 90.826%	     0.000	        1	Delegate/reshape 741:599
	                             reshape 742	    0.133	    0.132	  0.010%	 90.836%	     0.000	        1	Delegate/reshape 742:600
	               mat_mul_reshape_input 743	   16.742	   16.795	  1.234%	 92.069%	     0.000	        1	Delegate/mat_mul_reshape_input 743:601
	         bhwc_tensor_to_conv_weights 743	    0.342	    0.341	  0.025%	 92.094%	     0.000	        1	Delegate/bhwc_tensor_to_conv_weights 743:602
	              mat_mul_as_convolution 743	    4.413	    4.413	  0.324%	 92.419%	     0.000	        1	Delegate/mat_mul_as_convolution 743:603
	              mat_mul_reshape_output 743	    0.135	    0.134	  0.010%	 92.428%	     0.000	        1	Delegate/mat_mul_reshape_output 743:604
	                             reshape 744	    0.304	    0.310	  0.023%	 92.451%	     0.000	        1	Delegate/reshape 744:605
	                           transpose 745	    0.133	    0.134	  0.010%	 92.461%	     0.000	        1	Delegate/transpose 745:606
	                             reshape 746	    0.468	    0.470	  0.035%	 92.496%	     0.000	        1	Delegate/reshape 746:607
	                      convolution_2d 747	    1.321	    1.319	  0.097%	 92.592%	     0.000	        1	Delegate/convolution_2d 747:608
	       reshape 748 -> mul 749 -> add 750	    0.198	    0.198	  0.015%	 92.607%	     0.000	        1	Delegate/reshape 748 -> mul 749 -> add 750:609
	                          reduce_sum 751	    0.078	    0.079	  0.006%	 92.613%	     0.000	        1	Delegate/reduce_sum 751:610
	                  reshape 752 -> mul 753	    0.052	    0.051	  0.004%	 92.617%	     0.000	        1	Delegate/reshape 752 -> mul 753:611
	                             reshape 754	    0.006	    0.005	  0.000%	 92.617%	     0.000	        1	Delegate/reshape 754:612
	                            subtract 755	    0.130	    0.130	  0.010%	 92.627%	     0.000	        1	Delegate/subtract 755:613
	                              square 756	    0.137	    0.137	  0.010%	 92.637%	     0.000	        1	Delegate/square 756:614
	                          reduce_sum 757	    0.081	    0.081	  0.006%	 92.642%	     0.000	        1	Delegate/reduce_sum 757:615
	       reshape 758 -> mul 759 -> add 760	    0.046	    0.045	  0.003%	 92.646%	     0.000	        1	Delegate/reshape 758 -> mul 759 -> add 760:616
	                reshape 761 -> rsqrt 762	    0.000	    0.003	  0.000%	 92.646%	     0.000	        1	Delegate/reshape 761 -> rsqrt 762:617
	                                 mul 763	    0.128	    0.129	  0.009%	 92.656%	     0.000	        1	Delegate/mul 763:618
	          convolution_2d 766 -> gelu 767	    5.181	    5.179	  0.380%	 93.036%	     0.000	        1	Delegate/convolution_2d 766 -> gelu 767:619
	                             reshape 768	    0.544	    0.545	  0.040%	 93.076%	     0.000	        1	Delegate/reshape 768:620
	                      convolution_2d 769	    5.190	    5.188	  0.381%	 93.457%	     0.000	        1	Delegate/convolution_2d 769:621
	       reshape 770 -> mul 771 -> add 772	    0.193	    0.193	  0.014%	 93.471%	     0.000	        1	Delegate/reshape 770 -> mul 771 -> add 772:622
	                      mul 773 -> add 774	    0.134	    0.137	  0.010%	 93.481%	     0.000	        1	Delegate/mul 773 -> add 774:623
	                      mul 775 -> add 776	    0.136	    0.135	  0.010%	 93.491%	     0.000	        1	Delegate/mul 775 -> add 776:624
	                      mul 777 -> add 778	    0.213	    0.214	  0.016%	 93.507%	     0.000	        1	Delegate/mul 777 -> add 778:625
	                          reduce_sum 779	    0.000	    0.000	  0.000%	 93.507%	     0.000	        1	Delegate/reduce_sum 779:626
	                  reshape 780 -> mul 781	    0.046	    0.046	  0.003%	 93.510%	     0.000	        1	Delegate/reshape 780 -> mul 781:627
	                             reshape 782	    0.004	    0.004	  0.000%	 93.511%	     0.000	        1	Delegate/reshape 782:628
	                            subtract 783	    0.130	    0.131	  0.010%	 93.520%	     0.000	        1	Delegate/subtract 783:629
	                              square 784	    0.139	    0.139	  0.010%	 93.531%	     0.000	        1	Delegate/square 784:630
	                          reduce_sum 785	    0.080	    0.080	  0.006%	 93.536%	     0.000	        1	Delegate/reduce_sum 785:631
	       reshape 786 -> mul 787 -> add 788	    0.042	    0.042	  0.003%	 93.539%	     0.000	        1	Delegate/reshape 786 -> mul 787 -> add 788:632
	                reshape 789 -> rsqrt 790	    0.006	    0.005	  0.000%	 93.540%	     0.000	        1	Delegate/reshape 789 -> rsqrt 790:633
	           mul 791 -> mul 792 -> add 793	    0.130	    0.131	  0.010%	 93.549%	     0.000	        1	Delegate/mul 791 -> mul 792 -> add 793:634
	                               slice 794	    0.139	    0.139	  0.010%	 93.560%	     0.000	        1	Delegate/slice 794:635
	                               slice 795	    0.133	    0.135	  0.010%	 93.570%	     0.000	        1	Delegate/slice 795:636
	                               slice 796	    0.134	    0.134	  0.010%	 93.579%	     0.000	        1	Delegate/slice 796:637
	                               slice 797	    0.138	    0.139	  0.010%	 93.590%	     0.000	        1	Delegate/slice 797:638
	                           transpose 798	    0.378	    0.378	  0.028%	 93.617%	     0.000	        1	Delegate/transpose 798:639
	                             reshape 799	    0.471	    0.471	  0.035%	 93.652%	     0.000	        1	Delegate/reshape 799:640
	                           transpose 800	    0.425	    0.425	  0.031%	 93.683%	     0.000	        1	Delegate/transpose 800:641
	                      convolution_2d 801	    0.159	    0.160	  0.012%	 93.695%	     0.000	        1	Delegate/convolution_2d 801:642
	              convolution_transposed 802	    0.390	    0.388	  0.028%	 93.723%	     0.000	        1	Delegate/convolution_transposed 802:643
	                           transpose 803	    0.361	    0.362	  0.027%	 93.750%	     0.000	        1	Delegate/transpose 803:644
	                             reshape 804	    0.470	    0.471	  0.035%	 93.785%	     0.000	        1	Delegate/reshape 804:645
	                           transpose 805	    0.430	    0.430	  0.032%	 93.816%	     0.000	        1	Delegate/transpose 805:646
	                      convolution_2d 806	    0.261	    0.260	  0.019%	 93.835%	     0.000	        1	Delegate/convolution_2d 806:647
	              convolution_transposed 807	    0.316	    0.311	  0.023%	 93.858%	     0.000	        1	Delegate/convolution_transposed 807:648
	                           transpose 808	    0.344	    0.346	  0.025%	 93.884%	     0.000	        1	Delegate/transpose 808:649
	                             reshape 809	    0.469	    0.471	  0.035%	 93.918%	     0.000	        1	Delegate/reshape 809:650
	                           transpose 810	    0.430	    0.430	  0.032%	 93.950%	     0.000	        1	Delegate/transpose 810:651
	                      convolution_2d 811	    0.465	    0.465	  0.034%	 93.984%	     0.000	        1	Delegate/convolution_2d 811:652
	                           transpose 812	    0.393	    0.394	  0.029%	 94.013%	     0.000	        1	Delegate/transpose 812:653
	                             reshape 813	    0.470	    0.467	  0.034%	 94.047%	     0.000	        1	Delegate/reshape 813:654
	                           transpose 814	    0.429	    0.430	  0.032%	 94.079%	     0.000	        1	Delegate/transpose 814:655
	                      convolution_2d 815	    0.888	    0.891	  0.065%	 94.144%	     0.000	        1	Delegate/convolution_2d 815:656
	                      convolution_2d 817	    3.239	    3.233	  0.237%	 94.382%	     0.000	        1	Delegate/convolution_2d 817:657
	                           transpose 818	    0.238	    0.236	  0.017%	 94.399%	     0.000	        1	Delegate/transpose 818:658
	                             reshape 819	    0.316	    0.317	  0.023%	 94.422%	     0.000	        1	Delegate/reshape 819:659
	                          reduce_sum 820	    0.078	    0.081	  0.006%	 94.428%	     0.000	        1	Delegate/reduce_sum 820:660
	                  reshape 821 -> mul 822	    0.008	    0.006	  0.000%	 94.429%	     0.000	        1	Delegate/reshape 821 -> mul 822:661
	                             reshape 823	    0.003	    0.003	  0.000%	 94.429%	     0.000	        1	Delegate/reshape 823:662
	                            subtract 824	    0.049	    0.050	  0.004%	 94.433%	     0.000	        1	Delegate/subtract 824:663
	                              square 825	    0.070	    0.069	  0.005%	 94.438%	     0.000	        1	Delegate/square 825:664
	                          reduce_sum 826	    0.071	    0.075	  0.005%	 94.443%	     0.000	        1	Delegate/reduce_sum 826:665
	       reshape 827 -> mul 828 -> add 829	    0.005	    0.005	  0.000%	 94.444%	     0.000	        1	Delegate/reshape 827 -> mul 828 -> add 829:666
	                reshape 830 -> rsqrt 831	    0.003	    0.004	  0.000%	 94.444%	     0.000	        1	Delegate/reshape 830 -> rsqrt 831:667
	                                 mul 832	    0.059	    0.059	  0.004%	 94.448%	     0.000	        1	Delegate/mul 832:668
	       reshape 833 -> mul 834 -> add 835	    0.225	    0.226	  0.017%	 94.465%	     0.000	        1	Delegate/reshape 833 -> mul 834 -> add 835:669
	                           transpose 836	    0.217	    0.216	  0.016%	 94.481%	     0.000	        1	Delegate/transpose 836:670
	                             reshape 837	    0.071	    0.070	  0.005%	 94.486%	     0.000	        1	Delegate/reshape 837:671
	                      convolution_2d 838	    0.344	    0.343	  0.025%	 94.511%	     0.000	        1	Delegate/convolution_2d 838:672
	                          reduce_sum 839	    0.038	    0.039	  0.003%	 94.514%	     0.000	        1	Delegate/reduce_sum 839:673
	                  reshape 840 -> mul 841	    0.048	    0.048	  0.003%	 94.517%	     0.000	        1	Delegate/reshape 840 -> mul 841:674
	                             reshape 842	    0.004	    0.004	  0.000%	 94.518%	     0.000	        1	Delegate/reshape 842:675
	                            subtract 843	    0.056	    0.056	  0.004%	 94.522%	     0.000	        1	Delegate/subtract 843:676
	                              square 844	    0.070	    0.071	  0.005%	 94.527%	     0.000	        1	Delegate/square 844:677
	                          reduce_sum 845	    0.043	    0.044	  0.003%	 94.530%	     0.000	        1	Delegate/reduce_sum 845:678
	       reshape 846 -> mul 847 -> add 848	    0.042	    0.042	  0.003%	 94.533%	     0.000	        1	Delegate/reshape 846 -> mul 847 -> add 848:679
	                reshape 849 -> rsqrt 850	    0.005	    0.004	  0.000%	 94.534%	     0.000	        1	Delegate/reshape 849 -> rsqrt 850:680
	           mul 851 -> mul 852 -> add 853	    0.062	    0.063	  0.005%	 94.538%	     0.000	        1	Delegate/mul 851 -> mul 852 -> add 853:681
	                             reshape 854	    0.088	    0.083	  0.006%	 94.544%	     0.000	        1	Delegate/reshape 854:682
	                                 add 855	    0.058	    0.059	  0.004%	 94.549%	     0.000	        1	Delegate/add 855:683
	                             reshape 856	    0.074	    0.073	  0.005%	 94.554%	     0.000	        1	Delegate/reshape 856:684
	                      convolution_2d 857	    0.348	    0.348	  0.026%	 94.580%	     0.000	        1	Delegate/convolution_2d 857:685
	                      convolution_2d 858	    0.345	    0.345	  0.025%	 94.605%	     0.000	        1	Delegate/convolution_2d 858:686
	                  reshape 859 -> add 860	    0.100	    0.102	  0.007%	 94.612%	     0.000	        1	Delegate/reshape 859 -> add 860:687
	                          reduce_sum 861	    0.044	    0.046	  0.003%	 94.616%	     0.000	        1	Delegate/reduce_sum 861:688
	                  reshape 862 -> mul 863	    0.045	    0.045	  0.003%	 94.619%	     0.000	        1	Delegate/reshape 862 -> mul 863:689
	                             reshape 864	    0.006	    0.006	  0.000%	 94.619%	     0.000	        1	Delegate/reshape 864:690
	                            subtract 865	    0.057	    0.057	  0.004%	 94.624%	     0.000	        1	Delegate/subtract 865:691
	                              square 866	    0.069	    0.069	  0.005%	 94.629%	     0.000	        1	Delegate/square 866:692
	                          reduce_sum 867	    0.043	    0.043	  0.003%	 94.632%	     0.000	        1	Delegate/reduce_sum 867:693
	       reshape 868 -> mul 869 -> add 870	    0.041	    0.041	  0.003%	 94.635%	     0.000	        1	Delegate/reshape 868 -> mul 869 -> add 870:694
	                reshape 871 -> rsqrt 872	    0.007	    0.006	  0.000%	 94.635%	     0.000	        1	Delegate/reshape 871 -> rsqrt 872:695
	           mul 873 -> mul 874 -> add 875	    0.061	    0.061	  0.005%	 94.640%	     0.000	        1	Delegate/mul 873 -> mul 874 -> add 875:696
	                             reshape 876	    0.073	    0.072	  0.005%	 94.645%	     0.000	        1	Delegate/reshape 876:697
	                                 add 877	    0.070	    0.070	  0.005%	 94.650%	     0.000	        1	Delegate/add 877:698
	                             reshape 878	    0.068	    0.068	  0.005%	 94.655%	     0.000	        1	Delegate/reshape 878:699
	                      convolution_2d 879	    0.344	    0.344	  0.025%	 94.680%	     0.000	        1	Delegate/convolution_2d 879:700
	                      convolution_2d 880	    0.345	    0.345	  0.025%	 94.706%	     0.000	        1	Delegate/convolution_2d 880:701
	                  reshape 881 -> add 882	    0.099	    0.100	  0.007%	 94.713%	     0.000	        1	Delegate/reshape 881 -> add 882:702
	                          reduce_sum 883	    0.042	    0.042	  0.003%	 94.716%	     0.000	        1	Delegate/reduce_sum 883:703
	                  reshape 884 -> mul 885	    0.041	    0.041	  0.003%	 94.719%	     0.000	        1	Delegate/reshape 884 -> mul 885:704
	                             reshape 886	    0.004	    0.004	  0.000%	 94.720%	     0.000	        1	Delegate/reshape 886:705
	                            subtract 887	    0.055	    0.056	  0.004%	 94.724%	     0.000	        1	Delegate/subtract 887:706
	                              square 888	    0.070	    0.070	  0.005%	 94.729%	     0.000	        1	Delegate/square 888:707
	                          reduce_sum 889	    0.041	    0.042	  0.003%	 94.732%	     0.000	        1	Delegate/reduce_sum 889:708
	       reshape 890 -> mul 891 -> add 892	    0.040	    0.039	  0.003%	 94.735%	     0.000	        1	Delegate/reshape 890 -> mul 891 -> add 892:709
	                reshape 893 -> rsqrt 894	    0.002	    0.004	  0.000%	 94.735%	     0.000	        1	Delegate/reshape 893 -> rsqrt 894:710
	                                 mul 895	    0.063	    0.063	  0.005%	 94.740%	     0.000	        1	Delegate/mul 895:711
	                      convolution_2d 898	    2.495	    2.496	  0.183%	 94.923%	     0.000	        1	Delegate/convolution_2d 898:712
	                               slice 899	    0.275	    0.276	  0.020%	 94.943%	     0.000	        1	Delegate/slice 899:713
	        slice 900 -> gelu 901 -> mul 902	    0.400	    0.401	  0.029%	 94.973%	     0.000	        1	Delegate/slice 900 -> gelu 901 -> mul 902:714
	                             reshape 903	    0.270	    0.273	  0.020%	 94.993%	     0.000	        1	Delegate/reshape 903:715
	                      convolution_2d 904	    1.333	    1.334	  0.098%	 95.091%	     0.000	        1	Delegate/convolution_2d 904:716
	                  reshape 905 -> add 906	    0.096	    0.096	  0.007%	 95.098%	     0.000	        1	Delegate/reshape 905 -> add 906:717
	                      convolution_2d 907	    0.345	    0.345	  0.025%	 95.123%	     0.000	        1	Delegate/convolution_2d 907:718
	                  reshape 908 -> add 909	    0.101	    0.102	  0.007%	 95.130%	     0.000	        1	Delegate/reshape 908 -> add 909:719
	                           transpose 910	    0.124	    0.124	  0.009%	 95.140%	     0.000	        1	Delegate/transpose 910:720
	                             reshape 911	    0.147	    0.146	  0.011%	 95.150%	     0.000	        1	Delegate/reshape 911:721
	                          reduce_sum 912	    0.035	    0.035	  0.003%	 95.153%	     0.000	        1	Delegate/reduce_sum 912:722
	                  reshape 913 -> mul 914	    0.007	    0.006	  0.000%	 95.153%	     0.000	        1	Delegate/reshape 913 -> mul 914:723
	                             reshape 915	    0.003	    0.003	  0.000%	 95.154%	     0.000	        1	Delegate/reshape 915:724
	                            subtract 916	    0.016	    0.015	  0.001%	 95.155%	     0.000	        1	Delegate/subtract 916:725
	                              square 917	    0.025	    0.025	  0.002%	 95.156%	     0.000	        1	Delegate/square 917:726
	                          reduce_sum 918	    0.029	    0.028	  0.002%	 95.159%	     0.000	        1	Delegate/reduce_sum 918:727
	       reshape 919 -> mul 920 -> add 921	    0.006	    0.005	  0.000%	 95.159%	     0.000	        1	Delegate/reshape 919 -> mul 920 -> add 921:728
	                reshape 922 -> rsqrt 923	    0.003	    0.003	  0.000%	 95.159%	     0.000	        1	Delegate/reshape 922 -> rsqrt 923:729
	                                 mul 924	    0.021	    0.021	  0.002%	 95.161%	     0.000	        1	Delegate/mul 924:730
	       reshape 925 -> mul 926 -> add 927	    0.118	    0.117	  0.009%	 95.169%	     0.000	        1	Delegate/reshape 925 -> mul 926 -> add 927:731
	                           transpose 928	    0.117	    0.117	  0.009%	 95.178%	     0.000	        1	Delegate/transpose 928:732
	                             reshape 929	    0.029	    0.029	  0.002%	 95.180%	     0.000	        1	Delegate/reshape 929:733
	                      convolution_2d 930	    0.347	    0.346	  0.025%	 95.205%	     0.000	        1	Delegate/convolution_2d 930:734
	                          reduce_sum 931	    0.041	    0.042	  0.003%	 95.209%	     0.000	        1	Delegate/reduce_sum 931:735
	                  reshape 932 -> mul 933	    0.015	    0.015	  0.001%	 95.210%	     0.000	        1	Delegate/reshape 932 -> mul 933:736
	                             reshape 934	    0.005	    0.005	  0.000%	 95.210%	     0.000	        1	Delegate/reshape 934:737
	                            subtract 935	    0.015	    0.015	  0.001%	 95.211%	     0.000	        1	Delegate/subtract 935:738
	                              square 936	    0.023	    0.023	  0.002%	 95.213%	     0.000	        1	Delegate/square 936:739
	                          reduce_sum 937	    0.028	    0.028	  0.002%	 95.215%	     0.000	        1	Delegate/reduce_sum 937:740
	       reshape 938 -> mul 939 -> add 940	    0.015	    0.016	  0.001%	 95.216%	     0.000	        1	Delegate/reshape 938 -> mul 939 -> add 940:741
	                reshape 941 -> rsqrt 942	    0.000	    0.001	  0.000%	 95.216%	     0.000	        1	Delegate/reshape 941 -> rsqrt 942:742
	           mul 943 -> mul 944 -> add 945	    0.021	    0.022	  0.002%	 95.218%	     0.000	        1	Delegate/mul 943 -> mul 944 -> add 945:743
	                             reshape 946	    0.027	    0.027	  0.002%	 95.220%	     0.000	        1	Delegate/reshape 946:744
	                                 add 947	    0.024	    0.023	  0.002%	 95.221%	     0.000	        1	Delegate/add 947:745
	                             reshape 948	    0.025	    0.025	  0.002%	 95.223%	     0.000	        1	Delegate/reshape 948:746
	                      convolution_2d 949	    0.345	    0.345	  0.025%	 95.249%	     0.000	        1	Delegate/convolution_2d 949:747
	                      convolution_2d 950	    0.344	    0.345	  0.025%	 95.274%	     0.000	        1	Delegate/convolution_2d 950:748
	                  reshape 951 -> add 952	    0.049	    0.049	  0.004%	 95.278%	     0.000	        1	Delegate/reshape 951 -> add 952:749
	                          reduce_sum 953	    0.036	    0.036	  0.003%	 95.280%	     0.000	        1	Delegate/reduce_sum 953:750
	                  reshape 954 -> mul 955	    0.015	    0.016	  0.001%	 95.281%	     0.000	        1	Delegate/reshape 954 -> mul 955:751
	                             reshape 956	    0.004	    0.004	  0.000%	 95.282%	     0.000	        1	Delegate/reshape 956:752
	                            subtract 957	    0.014	    0.014	  0.001%	 95.283%	     0.000	        1	Delegate/subtract 957:753
	                              square 958	    0.021	    0.022	  0.002%	 95.284%	     0.000	        1	Delegate/square 958:754
	                          reduce_sum 959	    0.026	    0.026	  0.002%	 95.286%	     0.000	        1	Delegate/reduce_sum 959:755
	       reshape 960 -> mul 961 -> add 962	    0.015	    0.015	  0.001%	 95.287%	     0.000	        1	Delegate/reshape 960 -> mul 961 -> add 962:756
	                reshape 963 -> rsqrt 964	    0.000	    0.001	  0.000%	 95.287%	     0.000	        1	Delegate/reshape 963 -> rsqrt 964:757
	           mul 965 -> mul 966 -> add 967	    0.022	    0.023	  0.002%	 95.289%	     0.000	        1	Delegate/mul 965 -> mul 966 -> add 967:758
	                             reshape 968	    0.028	    0.028	  0.002%	 95.291%	     0.000	        1	Delegate/reshape 968:759
	                                 add 969	    0.028	    0.029	  0.002%	 95.293%	     0.000	        1	Delegate/add 969:760
	                             reshape 970	    0.027	    0.026	  0.002%	 95.295%	     0.000	        1	Delegate/reshape 970:761
	                      convolution_2d 971	    0.345	    0.345	  0.025%	 95.320%	     0.000	        1	Delegate/convolution_2d 971:762
	                      convolution_2d 972	    0.348	    0.349	  0.026%	 95.346%	     0.000	        1	Delegate/convolution_2d 972:763
	                  reshape 973 -> add 974	    0.048	    0.048	  0.004%	 95.350%	     0.000	        1	Delegate/reshape 973 -> add 974:764
	                          reduce_sum 975	    0.037	    0.036	  0.003%	 95.352%	     0.000	        1	Delegate/reduce_sum 975:765
	                  reshape 976 -> mul 977	    0.016	    0.015	  0.001%	 95.353%	     0.000	        1	Delegate/reshape 976 -> mul 977:766
	                             reshape 978	    0.000	    0.001	  0.000%	 95.353%	     0.000	        1	Delegate/reshape 978:767
	                            subtract 979	    0.014	    0.015	  0.001%	 95.354%	     0.000	        1	Delegate/subtract 979:768
	                              square 980	    0.024	    0.024	  0.002%	 95.356%	     0.000	        1	Delegate/square 980:769
	                          reduce_sum 981	    0.028	    0.027	  0.002%	 95.358%	     0.000	        1	Delegate/reduce_sum 981:770
	       reshape 982 -> mul 983 -> add 984	    0.015	    0.015	  0.001%	 95.359%	     0.000	        1	Delegate/reshape 982 -> mul 983 -> add 984:771
	                reshape 985 -> rsqrt 986	    0.000	    0.001	  0.000%	 95.359%	     0.000	        1	Delegate/reshape 985 -> rsqrt 986:772
	                                 mul 987	    0.023	    0.023	  0.002%	 95.361%	     0.000	        1	Delegate/mul 987:773
	                      convolution_2d 990	    2.575	    2.577	  0.189%	 95.550%	     0.000	        1	Delegate/convolution_2d 990:774
	                               slice 991	    0.137	    0.138	  0.010%	 95.561%	     0.000	        1	Delegate/slice 991:775
	        slice 992 -> gelu 993 -> mul 994	    0.209	    0.209	  0.015%	 95.576%	     0.000	        1	Delegate/slice 992 -> gelu 993 -> mul 994:776
	                             reshape 995	    0.139	    0.139	  0.010%	 95.586%	     0.000	        1	Delegate/reshape 995:777
	                      convolution_2d 996	    1.390	    1.390	  0.102%	 95.688%	     0.000	        1	Delegate/convolution_2d 996:778
	                  reshape 997 -> add 998	    0.048	    0.048	  0.004%	 95.692%	     0.000	        1	Delegate/reshape 997 -> add 998:779
	                      convolution_2d 999	    0.346	    0.346	  0.025%	 95.717%	     0.000	        1	Delegate/convolution_2d 999:780
	                reshape 1000 -> add 1001	    0.049	    0.049	  0.004%	 95.721%	     0.000	        1	Delegate/reshape 1000 -> add 1001:781
	                     convolution_2d 1002	    2.876	    2.881	  0.212%	 95.932%	     0.000	        1	Delegate/convolution_2d 1002:782
	                 winograd_4x4_to_36 1003	    0.082	    0.084	  0.006%	 95.939%	     0.000	        1	Delegate/winograd_4x4_to_36 1003:783
	       convolution_winograd_4x4_6x6 1003	    0.359	    0.361	  0.026%	 95.965%	     0.000	        1	Delegate/convolution_winograd_4x4_6x6 1003:784
	                 winograd_36_to_4x4 1003	    0.169	    0.169	  0.012%	 95.977%	     0.000	        1	Delegate/winograd_36_to_4x4 1003:785
	                 winograd_4x4_to_36 1004	    0.118	    0.119	  0.009%	 95.986%	     0.000	        1	Delegate/winograd_4x4_to_36 1004:786
	       convolution_winograd_4x4_6x6 1004	    0.210	    0.220	  0.016%	 96.002%	     0.000	        1	Delegate/convolution_winograd_4x4_6x6 1004:787
	                 winograd_36_to_4x4 1004	    0.041	    0.041	  0.003%	 96.005%	     0.000	        1	Delegate/winograd_36_to_4x4 1004:788
	                 winograd_4x4_to_36 1005	    0.084	    0.085	  0.006%	 96.011%	     0.000	        1	Delegate/winograd_4x4_to_36 1005:789
	       convolution_winograd_4x4_6x6 1005	    0.166	    0.165	  0.012%	 96.024%	     0.000	        1	Delegate/convolution_winograd_4x4_6x6 1005:790
	                 winograd_36_to_4x4 1005	    0.011	    0.011	  0.001%	 96.024%	     0.000	        1	Delegate/winograd_36_to_4x4 1005:791
	                               relu 1006	    0.003	    0.003	  0.000%	 96.025%	     0.000	        1	Delegate/relu 1006:792
	                 winograd_4x4_to_36 1007	    0.017	    0.017	  0.001%	 96.026%	     0.000	        1	Delegate/winograd_4x4_to_36 1007:793
	       convolution_winograd_4x4_6x6 1007	    0.038	    0.038	  0.003%	 96.029%	     0.000	        1	Delegate/convolution_winograd_4x4_6x6 1007:794
	    winograd_36_to_4x4 1007 -> relu 1008	    0.015	    0.016	  0.001%	 96.030%	     0.000	        1	Delegate/winograd_36_to_4x4 1007 -> relu 1008:795
	                 winograd_4x4_to_36 1009	    0.017	    0.017	  0.001%	 96.031%	     0.000	        1	Delegate/winograd_4x4_to_36 1009:796
	       convolution_winograd_4x4_6x6 1009	    0.037	    0.037	  0.003%	 96.034%	     0.000	        1	Delegate/convolution_winograd_4x4_6x6 1009:797
	     winograd_36_to_4x4 1009 -> add 1010	    0.019	    0.019	  0.001%	 96.035%	     0.000	        1	Delegate/winograd_36_to_4x4 1009 -> add 1010:798
	                             resize 1011	    0.011	    0.011	  0.001%	 96.036%	     0.000	        1	Delegate/resize 1011:799
	                     convolution_2d 1012	    0.043	    0.043	  0.003%	 96.039%	     0.000	        1	Delegate/convolution_2d 1012:800
	                          transpose 1013	    0.078	    0.078	  0.006%	 96.045%	     0.000	        1	Delegate/transpose 1013:801
	                            reshape 1014	    0.105	    0.104	  0.008%	 96.053%	     0.000	        1	Delegate/reshape 1014:802
	                         reduce_sum 1015	    0.021	    0.021	  0.002%	 96.054%	     0.000	        1	Delegate/reduce_sum 1015:803
	                reshape 1016 -> mul 1017	    0.009	    0.008	  0.001%	 96.055%	     0.000	        1	Delegate/reshape 1016 -> mul 1017:804
	                            reshape 1018	    0.003	    0.003	  0.000%	 96.055%	     0.000	        1	Delegate/reshape 1018:805
	                           subtract 1019	    0.009	    0.009	  0.001%	 96.056%	     0.000	        1	Delegate/subtract 1019:806
	                             square 1020	    0.010	    0.010	  0.001%	 96.056%	     0.000	        1	Delegate/square 1020:807
	                         reduce_sum 1021	    0.020	    0.019	  0.001%	 96.058%	     0.000	        1	Delegate/reduce_sum 1021:808
	    reshape 1022 -> mul 1023 -> add 1024	    0.007	    0.007	  0.001%	 96.058%	     0.000	        1	Delegate/reshape 1022 -> mul 1023 -> add 1024:809
	              reshape 1025 -> rsqrt 1026	    0.005	    0.005	  0.000%	 96.059%	     0.000	        1	Delegate/reshape 1025 -> rsqrt 1026:810
	                                mul 1027	    0.010	    0.009	  0.001%	 96.059%	     0.000	        1	Delegate/mul 1027:811
	    reshape 1028 -> mul 1029 -> add 1030	    0.099	    0.098	  0.007%	 96.066%	     0.000	        1	Delegate/reshape 1028 -> mul 1029 -> add 1030:812
	                          transpose 1031	    0.083	    0.081	  0.006%	 96.072%	     0.000	        1	Delegate/transpose 1031:813
	                            reshape 1032	    0.014	    0.014	  0.001%	 96.073%	     0.000	        1	Delegate/reshape 1032:814
	                     convolution_2d 1033	    0.049	    0.049	  0.004%	 96.077%	     0.000	        1	Delegate/convolution_2d 1033:815
	                         reduce_sum 1034	    0.007	    0.007	  0.001%	 96.078%	     0.000	        1	Delegate/reduce_sum 1034:816
	                reshape 1035 -> mul 1036	    0.047	    0.047	  0.003%	 96.081%	     0.000	        1	Delegate/reshape 1035 -> mul 1036:817
	                            reshape 1037	    0.000	    0.005	  0.000%	 96.081%	     0.000	        1	Delegate/reshape 1037:818
	                           subtract 1038	    0.010	    0.011	  0.001%	 96.082%	     0.000	        1	Delegate/subtract 1038:819
	                             square 1039	    0.012	    0.012	  0.001%	 96.083%	     0.000	        1	Delegate/square 1039:820
	                         reduce_sum 1040	    0.006	    0.005	  0.000%	 96.083%	     0.000	        1	Delegate/reduce_sum 1040:821
	    reshape 1041 -> mul 1042 -> add 1043	    0.041	    0.041	  0.003%	 96.086%	     0.000	        1	Delegate/reshape 1041 -> mul 1042 -> add 1043:822
	              reshape 1044 -> rsqrt 1045	    0.006	    0.006	  0.000%	 96.087%	     0.000	        1	Delegate/reshape 1044 -> rsqrt 1045:823
	        mul 1046 -> mul 1047 -> add 1048	    0.013	    0.013	  0.001%	 96.088%	     0.000	        1	Delegate/mul 1046 -> mul 1047 -> add 1048:824
	                            reshape 1049	    0.018	    0.018	  0.001%	 96.089%	     0.000	        1	Delegate/reshape 1049:825
	                                add 1050	    0.012	    0.012	  0.001%	 96.090%	     0.000	        1	Delegate/add 1050:826
	                            reshape 1051	    0.015	    0.015	  0.001%	 96.091%	     0.000	        1	Delegate/reshape 1051:827
	                     convolution_2d 1052	    0.045	    0.045	  0.003%	 96.094%	     0.000	        1	Delegate/convolution_2d 1052:828
	                     convolution_2d 1053	    0.044	    0.044	  0.003%	 96.098%	     0.000	        1	Delegate/convolution_2d 1053:829
	                reshape 1054 -> add 1055	    0.032	    0.033	  0.002%	 96.100%	     0.000	        1	Delegate/reshape 1054 -> add 1055:830
	                         reduce_sum 1056	    0.006	    0.007	  0.000%	 96.101%	     0.000	        1	Delegate/reduce_sum 1056:831
	                reshape 1057 -> mul 1058	    0.039	    0.039	  0.003%	 96.103%	     0.000	        1	Delegate/reshape 1057 -> mul 1058:832
	                            reshape 1059	    0.004	    0.004	  0.000%	 96.104%	     0.000	        1	Delegate/reshape 1059:833
	                           subtract 1060	    0.008	    0.008	  0.001%	 96.104%	     0.000	        1	Delegate/subtract 1060:834
	                             square 1061	    0.011	    0.011	  0.001%	 96.105%	     0.000	        1	Delegate/square 1061:835
	                         reduce_sum 1062	    0.006	    0.005	  0.000%	 96.105%	     0.000	        1	Delegate/reduce_sum 1062:836
	    reshape 1063 -> mul 1064 -> add 1065	    0.038	    0.038	  0.003%	 96.108%	     0.000	        1	Delegate/reshape 1063 -> mul 1064 -> add 1065:837
	              reshape 1066 -> rsqrt 1067	    0.004	    0.004	  0.000%	 96.108%	     0.000	        1	Delegate/reshape 1066 -> rsqrt 1067:838
	        mul 1068 -> mul 1069 -> add 1070	    0.011	    0.011	  0.001%	 96.109%	     0.000	        1	Delegate/mul 1068 -> mul 1069 -> add 1070:839
	                            reshape 1071	    0.017	    0.017	  0.001%	 96.111%	     0.000	        1	Delegate/reshape 1071:840
	                                add 1072	    0.012	    0.011	  0.001%	 96.111%	     0.000	        1	Delegate/add 1072:841
	                            reshape 1073	    0.014	    0.013	  0.001%	 96.112%	     0.000	        1	Delegate/reshape 1073:842
	                     convolution_2d 1074	    0.044	    0.045	  0.003%	 96.116%	     0.000	        1	Delegate/convolution_2d 1074:843
	                     convolution_2d 1075	    0.045	    0.044	  0.003%	 96.119%	     0.000	        1	Delegate/convolution_2d 1075:844
	                reshape 1076 -> add 1077	    0.033	    0.032	  0.002%	 96.121%	     0.000	        1	Delegate/reshape 1076 -> add 1077:845
	                         reduce_sum 1078	    0.007	    0.006	  0.000%	 96.122%	     0.000	        1	Delegate/reduce_sum 1078:846
	                reshape 1079 -> mul 1080	    0.038	    0.038	  0.003%	 96.124%	     0.000	        1	Delegate/reshape 1079 -> mul 1080:847
	                            reshape 1081	    0.005	    0.004	  0.000%	 96.125%	     0.000	        1	Delegate/reshape 1081:848
	                           subtract 1082	    0.009	    0.009	  0.001%	 96.125%	     0.000	        1	Delegate/subtract 1082:849
	                             square 1083	    0.011	    0.012	  0.001%	 96.126%	     0.000	        1	Delegate/square 1083:850
	                         reduce_sum 1084	    0.005	    0.005	  0.000%	 96.127%	     0.000	        1	Delegate/reduce_sum 1084:851
	    reshape 1085 -> mul 1086 -> add 1087	    0.038	    0.038	  0.003%	 96.129%	     0.000	        1	Delegate/reshape 1085 -> mul 1086 -> add 1087:852
	              reshape 1088 -> rsqrt 1089	    0.004	    0.004	  0.000%	 96.130%	     0.000	        1	Delegate/reshape 1088 -> rsqrt 1089:853
	                                mul 1090	    0.013	    0.013	  0.001%	 96.131%	     0.000	        1	Delegate/mul 1090:854
	                     convolution_2d 1093	    0.306	    0.304	  0.022%	 96.153%	     0.000	        1	Delegate/convolution_2d 1093:855
	                              slice 1094	    0.100	    0.099	  0.007%	 96.160%	     0.000	        1	Delegate/slice 1094:856
	     slice 1095 -> gelu 1096 -> mul 1097	    0.140	    0.141	  0.010%	 96.171%	     0.000	        1	Delegate/slice 1095 -> gelu 1096 -> mul 1097:857
	                            reshape 1098	    0.090	    0.090	  0.007%	 96.177%	     0.000	        1	Delegate/reshape 1098:858
	                     convolution_2d 1099	    0.174	    0.172	  0.013%	 96.190%	     0.000	        1	Delegate/convolution_2d 1099:859
	                reshape 1100 -> add 1101	    0.025	    0.025	  0.002%	 96.192%	     0.000	        1	Delegate/reshape 1100 -> add 1101:860
	                     convolution_2d 1102	    0.045	    0.045	  0.003%	 96.195%	     0.000	        1	Delegate/convolution_2d 1102:861
	                reshape 1103 -> add 1104	    0.033	    0.033	  0.002%	 96.198%	     0.000	        1	Delegate/reshape 1103 -> add 1104:862
	                               relu 1105	    0.020	    0.020	  0.001%	 96.199%	     0.000	        1	Delegate/relu 1105:863
	                 winograd_4x4_to_36 1106	    0.047	    0.046	  0.003%	 96.202%	     0.000	        1	Delegate/winograd_4x4_to_36 1106:864
	       convolution_winograd_4x4_6x6 1106	    0.091	    0.091	  0.007%	 96.209%	     0.000	        1	Delegate/convolution_winograd_4x4_6x6 1106:865
	    winograd_36_to_4x4 1106 -> relu 1107	    0.044	    0.044	  0.003%	 96.212%	     0.000	        1	Delegate/winograd_36_to_4x4 1106 -> relu 1107:866
	                 winograd_4x4_to_36 1108	    0.031	    0.032	  0.002%	 96.215%	     0.000	        1	Delegate/winograd_4x4_to_36 1108:867
	       convolution_winograd_4x4_6x6 1108	    0.087	    0.086	  0.006%	 96.221%	     0.000	        1	Delegate/convolution_winograd_4x4_6x6 1108:868
	winograd_36_to_4x4 1108 -> add 1109 -> add 1110	    0.072	    0.072	  0.005%	 96.226%	     0.000	        1	Delegate/winograd_36_to_4x4 1108 -> add 1109 -> add 1110:869
	                               relu 1111	    0.011	    0.011	  0.001%	 96.227%	     0.000	        1	Delegate/relu 1111:870
	                 winograd_4x4_to_36 1112	    0.032	    0.032	  0.002%	 96.229%	     0.000	        1	Delegate/winograd_4x4_to_36 1112:871
	       convolution_winograd_4x4_6x6 1112	    0.089	    0.086	  0.006%	 96.236%	     0.000	        1	Delegate/convolution_winograd_4x4_6x6 1112:872
	    winograd_36_to_4x4 1112 -> relu 1113	    0.041	    0.041	  0.003%	 96.239%	     0.000	        1	Delegate/winograd_36_to_4x4 1112 -> relu 1113:873
	                 winograd_4x4_to_36 1114	    0.033	    0.033	  0.002%	 96.241%	     0.000	        1	Delegate/winograd_4x4_to_36 1114:874
	       convolution_winograd_4x4_6x6 1114	    0.084	    0.086	  0.006%	 96.247%	     0.000	        1	Delegate/convolution_winograd_4x4_6x6 1114:875
	     winograd_36_to_4x4 1114 -> add 1115	    0.060	    0.060	  0.004%	 96.252%	     0.000	        1	Delegate/winograd_36_to_4x4 1114 -> add 1115:876
	                             resize 1116	    0.051	    0.051	  0.004%	 96.256%	     0.000	        1	Delegate/resize 1116:877
	                     convolution_2d 1117	    0.159	    0.159	  0.012%	 96.267%	     0.000	        1	Delegate/convolution_2d 1117:878
	                          transpose 1118	    0.306	    0.303	  0.022%	 96.290%	     0.000	        1	Delegate/transpose 1118:879
	                            reshape 1119	    0.117	    0.116	  0.009%	 96.298%	     0.000	        1	Delegate/reshape 1119:880
	                         reduce_sum 1120	    0.102	    0.100	  0.007%	 96.305%	     0.000	        1	Delegate/reduce_sum 1120:881
	                reshape 1121 -> mul 1122	    0.008	    0.008	  0.001%	 96.306%	     0.000	        1	Delegate/reshape 1121 -> mul 1122:882
	                            reshape 1123	    0.005	    0.005	  0.000%	 96.306%	     0.000	        1	Delegate/reshape 1123:883
	                           subtract 1124	    0.078	    0.079	  0.006%	 96.312%	     0.000	        1	Delegate/subtract 1124:884
	                             square 1125	    0.090	    0.091	  0.007%	 96.319%	     0.000	        1	Delegate/square 1125:885
	                         reduce_sum 1126	    0.106	    0.100	  0.007%	 96.326%	     0.000	        1	Delegate/reduce_sum 1126:886
	    reshape 1127 -> mul 1128 -> add 1129	    0.006	    0.008	  0.001%	 96.327%	     0.000	        1	Delegate/reshape 1127 -> mul 1128 -> add 1129:887
	              reshape 1130 -> rsqrt 1131	    0.005	    0.005	  0.000%	 96.327%	     0.000	        1	Delegate/reshape 1130 -> rsqrt 1131:888
	                                mul 1132	    0.080	    0.080	  0.006%	 96.333%	     0.000	        1	Delegate/mul 1132:889
	    reshape 1133 -> mul 1134 -> add 1135	    0.109	    0.109	  0.008%	 96.341%	     0.000	        1	Delegate/reshape 1133 -> mul 1134 -> add 1135:890
	                          transpose 1136	    0.297	    0.301	  0.022%	 96.363%	     0.000	        1	Delegate/transpose 1136:891
	                            reshape 1137	    0.091	    0.089	  0.007%	 96.370%	     0.000	        1	Delegate/reshape 1137:892
	                     convolution_2d 1138	    0.164	    0.163	  0.012%	 96.382%	     0.000	        1	Delegate/convolution_2d 1138:893
	                         reduce_sum 1139	    0.045	    0.046	  0.003%	 96.385%	     0.000	        1	Delegate/reduce_sum 1139:894
	                reshape 1140 -> mul 1141	    0.078	    0.078	  0.006%	 96.391%	     0.000	        1	Delegate/reshape 1140 -> mul 1141:895
	                            reshape 1142	    0.009	    0.008	  0.001%	 96.391%	     0.000	        1	Delegate/reshape 1142:896
	                           subtract 1143	    0.092	    0.091	  0.007%	 96.398%	     0.000	        1	Delegate/subtract 1143:897
	                             square 1144	    0.092	    0.092	  0.007%	 96.405%	     0.000	        1	Delegate/square 1144:898
	                         reduce_sum 1145	    0.053	    0.052	  0.004%	 96.409%	     0.000	        1	Delegate/reduce_sum 1145:899
	    reshape 1146 -> mul 1147 -> add 1148	    0.072	    0.072	  0.005%	 96.414%	     0.000	        1	Delegate/reshape 1146 -> mul 1147 -> add 1148:900
	              reshape 1149 -> rsqrt 1150	    0.008	    0.008	  0.001%	 96.414%	     0.000	        1	Delegate/reshape 1149 -> rsqrt 1150:901
	        mul 1151 -> mul 1152 -> add 1153	    0.091	    0.091	  0.007%	 96.421%	     0.000	        1	Delegate/mul 1151 -> mul 1152 -> add 1153:902
	                            reshape 1154	    0.093	    0.094	  0.007%	 96.428%	     0.000	        1	Delegate/reshape 1154:903
	                                add 1155	    0.091	    0.091	  0.007%	 96.435%	     0.000	        1	Delegate/add 1155:904
	                            reshape 1156	    0.095	    0.093	  0.007%	 96.442%	     0.000	        1	Delegate/reshape 1156:905
	                     convolution_2d 1157	    0.162	    0.162	  0.012%	 96.454%	     0.000	        1	Delegate/convolution_2d 1157:906
	                     convolution_2d 1158	    0.164	    0.163	  0.012%	 96.465%	     0.000	        1	Delegate/convolution_2d 1158:907
	                reshape 1159 -> add 1160	    0.135	    0.136	  0.010%	 96.475%	     0.000	        1	Delegate/reshape 1159 -> add 1160:908
	                         reduce_sum 1161	    0.051	    0.051	  0.004%	 96.479%	     0.000	        1	Delegate/reduce_sum 1161:909
	                reshape 1162 -> mul 1163	    0.073	    0.072	  0.005%	 96.484%	     0.000	        1	Delegate/reshape 1162 -> mul 1163:910
	                            reshape 1164	    0.008	    0.008	  0.001%	 96.485%	     0.000	        1	Delegate/reshape 1164:911
	                           subtract 1165	    0.090	    0.089	  0.007%	 96.492%	     0.000	        1	Delegate/subtract 1165:912
	                             square 1166	    0.091	    0.090	  0.007%	 96.498%	     0.000	        1	Delegate/square 1166:913
	                         reduce_sum 1167	    0.051	    0.052	  0.004%	 96.502%	     0.000	        1	Delegate/reduce_sum 1167:914
	    reshape 1168 -> mul 1169 -> add 1170	    0.071	    0.071	  0.005%	 96.507%	     0.000	        1	Delegate/reshape 1168 -> mul 1169 -> add 1170:915
	              reshape 1171 -> rsqrt 1172	    0.008	    0.008	  0.001%	 96.508%	     0.000	        1	Delegate/reshape 1171 -> rsqrt 1172:916
	        mul 1173 -> mul 1174 -> add 1175	    0.091	    0.091	  0.007%	 96.515%	     0.000	        1	Delegate/mul 1173 -> mul 1174 -> add 1175:917
	                            reshape 1176	    0.094	    0.092	  0.007%	 96.521%	     0.000	        1	Delegate/reshape 1176:918
	                                add 1177	    0.091	    0.092	  0.007%	 96.528%	     0.000	        1	Delegate/add 1177:919
	                            reshape 1178	    0.091	    0.091	  0.007%	 96.535%	     0.000	        1	Delegate/reshape 1178:920
	                     convolution_2d 1179	    0.163	    0.163	  0.012%	 96.547%	     0.000	        1	Delegate/convolution_2d 1179:921
	                     convolution_2d 1180	    0.163	    0.163	  0.012%	 96.559%	     0.000	        1	Delegate/convolution_2d 1180:922
	                reshape 1181 -> add 1182	    0.135	    0.135	  0.010%	 96.569%	     0.000	        1	Delegate/reshape 1181 -> add 1182:923
	                         reduce_sum 1183	    0.051	    0.050	  0.004%	 96.572%	     0.000	        1	Delegate/reduce_sum 1183:924
	                reshape 1184 -> mul 1185	    0.071	    0.072	  0.005%	 96.578%	     0.000	        1	Delegate/reshape 1184 -> mul 1185:925
	                            reshape 1186	    0.009	    0.008	  0.001%	 96.578%	     0.000	        1	Delegate/reshape 1186:926
	                           subtract 1187	    0.091	    0.091	  0.007%	 96.585%	     0.000	        1	Delegate/subtract 1187:927
	                             square 1188	    0.091	    0.092	  0.007%	 96.592%	     0.000	        1	Delegate/square 1188:928
	                         reduce_sum 1189	    0.050	    0.051	  0.004%	 96.595%	     0.000	        1	Delegate/reduce_sum 1189:929
	    reshape 1190 -> mul 1191 -> add 1192	    0.071	    0.071	  0.005%	 96.601%	     0.000	        1	Delegate/reshape 1190 -> mul 1191 -> add 1192:930
	              reshape 1193 -> rsqrt 1194	    0.009	    0.008	  0.001%	 96.601%	     0.000	        1	Delegate/reshape 1193 -> rsqrt 1194:931
	                                mul 1195	    0.095	    0.095	  0.007%	 96.608%	     0.000	        1	Delegate/mul 1195:932
	                     convolution_2d 1198	    1.183	    1.185	  0.087%	 96.695%	     0.000	        1	Delegate/convolution_2d 1198:933
	                              slice 1199	    0.367	    0.370	  0.027%	 96.722%	     0.000	        1	Delegate/slice 1199:934
	     slice 1200 -> gelu 1201 -> mul 1202	    0.526	    0.527	  0.039%	 96.761%	     0.000	        1	Delegate/slice 1200 -> gelu 1201 -> mul 1202:935
	                            reshape 1203	    0.363	    0.363	  0.027%	 96.788%	     0.000	        1	Delegate/reshape 1203:936
	                     convolution_2d 1204	    0.583	    0.582	  0.043%	 96.830%	     0.000	        1	Delegate/convolution_2d 1204:937
	                reshape 1205 -> add 1206	    0.130	    0.131	  0.010%	 96.840%	     0.000	        1	Delegate/reshape 1205 -> add 1206:938
	                     convolution_2d 1207	    0.162	    0.162	  0.012%	 96.852%	     0.000	        1	Delegate/convolution_2d 1207:939
	                reshape 1208 -> add 1209	    0.137	    0.136	  0.010%	 96.862%	     0.000	        1	Delegate/reshape 1208 -> add 1209:940
	                               relu 1210	    0.106	    0.103	  0.008%	 96.870%	     0.000	        1	Delegate/relu 1210:941
	                 winograd_4x4_to_36 1211	    0.172	    0.172	  0.013%	 96.882%	     0.000	        1	Delegate/winograd_4x4_to_36 1211:942
	       convolution_winograd_4x4_6x6 1211	    0.282	    0.280	  0.021%	 96.903%	     0.000	        1	Delegate/convolution_winograd_4x4_6x6 1211:943
	    winograd_36_to_4x4 1211 -> relu 1212	    0.162	    0.161	  0.012%	 96.915%	     0.000	        1	Delegate/winograd_36_to_4x4 1211 -> relu 1212:944
	                 winograd_4x4_to_36 1213	    0.153	    0.155	  0.011%	 96.926%	     0.000	        1	Delegate/winograd_4x4_to_36 1213:945
	       convolution_winograd_4x4_6x6 1213	    0.263	    0.264	  0.019%	 96.945%	     0.000	        1	Delegate/convolution_winograd_4x4_6x6 1213:946
	winograd_36_to_4x4 1213 -> add 1214 -> add 1215	    0.259	    0.260	  0.019%	 96.965%	     0.000	        1	Delegate/winograd_36_to_4x4 1213 -> add 1214 -> add 1215:947
	                               relu 1216	    0.087	    0.087	  0.006%	 96.971%	     0.000	        1	Delegate/relu 1216:948
	                 winograd_4x4_to_36 1217	    0.158	    0.157	  0.012%	 96.983%	     0.000	        1	Delegate/winograd_4x4_to_36 1217:949
	       convolution_winograd_4x4_6x6 1217	    0.266	    0.265	  0.019%	 97.002%	     0.000	        1	Delegate/convolution_winograd_4x4_6x6 1217:950
	    winograd_36_to_4x4 1217 -> relu 1218	    0.159	    0.159	  0.012%	 97.014%	     0.000	        1	Delegate/winograd_36_to_4x4 1217 -> relu 1218:951
	                 winograd_4x4_to_36 1219	    0.153	    0.153	  0.011%	 97.025%	     0.000	        1	Delegate/winograd_4x4_to_36 1219:952
	       convolution_winograd_4x4_6x6 1219	    0.264	    0.264	  0.019%	 97.044%	     0.000	        1	Delegate/convolution_winograd_4x4_6x6 1219:953
	     winograd_36_to_4x4 1219 -> add 1220	    0.223	    0.223	  0.016%	 97.061%	     0.000	        1	Delegate/winograd_36_to_4x4 1219 -> add 1220:954
	                             resize 1221	    0.235	    0.232	  0.017%	 97.078%	     0.000	        1	Delegate/resize 1221:955
	                     convolution_2d 1222	    0.532	    0.532	  0.039%	 97.117%	     0.000	        1	Delegate/convolution_2d 1222:956
	                               relu 1223	    0.322	    0.322	  0.024%	 97.140%	     0.000	        1	Delegate/relu 1223:957
	                 winograd_4x4_to_36 1224	    0.651	    0.648	  0.048%	 97.188%	     0.000	        1	Delegate/winograd_4x4_to_36 1224:958
	       convolution_winograd_4x4_6x6 1224	    0.936	    0.940	  0.069%	 97.257%	     0.000	        1	Delegate/convolution_winograd_4x4_6x6 1224:959
	    winograd_36_to_4x4 1224 -> relu 1225	    0.604	    0.605	  0.044%	 97.302%	     0.000	        1	Delegate/winograd_36_to_4x4 1224 -> relu 1225:960
	                 winograd_4x4_to_36 1226	    0.641	    0.639	  0.047%	 97.348%	     0.000	        1	Delegate/winograd_4x4_to_36 1226:961
	       convolution_winograd_4x4_6x6 1226	    0.910	    0.915	  0.067%	 97.416%	     0.000	        1	Delegate/convolution_winograd_4x4_6x6 1226:962
	winograd_36_to_4x4 1226 -> add 1227 -> add 1228	    0.957	    0.955	  0.070%	 97.486%	     0.000	        1	Delegate/winograd_36_to_4x4 1226 -> add 1227 -> add 1228:963
	                               relu 1229	    0.360	    0.360	  0.026%	 97.512%	     0.000	        1	Delegate/relu 1229:964
	                 winograd_4x4_to_36 1230	    0.643	    0.643	  0.047%	 97.559%	     0.000	        1	Delegate/winograd_4x4_to_36 1230:965
	       convolution_winograd_4x4_6x6 1230	    0.916	    0.916	  0.067%	 97.627%	     0.000	        1	Delegate/convolution_winograd_4x4_6x6 1230:966
	    winograd_36_to_4x4 1230 -> relu 1231	    0.583	    0.585	  0.043%	 97.670%	     0.000	        1	Delegate/winograd_36_to_4x4 1230 -> relu 1231:967
	                 winograd_4x4_to_36 1232	    0.639	    0.637	  0.047%	 97.717%	     0.000	        1	Delegate/winograd_4x4_to_36 1232:968
	       convolution_winograd_4x4_6x6 1232	    0.914	    0.917	  0.067%	 97.784%	     0.000	        1	Delegate/convolution_winograd_4x4_6x6 1232:969
	     winograd_36_to_4x4 1232 -> add 1233	    0.821	    0.824	  0.061%	 97.844%	     0.000	        1	Delegate/winograd_36_to_4x4 1232 -> add 1233:970
	                             resize 1234	    0.972	    0.973	  0.071%	 97.916%	     0.000	        1	Delegate/resize 1234:971
	                     convolution_2d 1235	    1.790	    1.786	  0.131%	 98.047%	     0.000	        1	Delegate/convolution_2d 1235:972
	                 winograd_4x4_to_36 1236	    2.594	    2.599	  0.191%	 98.238%	     0.000	        1	Delegate/winograd_4x4_to_36 1236:973
	       convolution_winograd_4x4_6x6 1236	    2.416	    2.417	  0.178%	 98.416%	     0.000	        1	Delegate/convolution_winograd_4x4_6x6 1236:974
	                 winograd_36_to_4x4 1236	    1.178	    1.178	  0.087%	 98.502%	     0.000	        1	Delegate/winograd_36_to_4x4 1236:975
	                             resize 1237	    1.504	    1.523	  0.112%	 98.614%	     0.000	        1	Delegate/resize 1237:976
	        convolution_2d 1238 -> relu 1239	    8.702	    8.713	  0.640%	 99.254%	     0.000	        1	Delegate/convolution_2d 1238 -> relu 1239:977
	convolution_2d 1240 -> relu 1241 -> relu 1243	    1.245	    1.262	  0.093%	 99.347%	     0.000	        1	Delegate/convolution_2d 1240 -> relu 1241 -> relu 1243:978
	                               copy 1244	    0.046	    0.040	  0.003%	 99.350%	     0.000	        1	Delegate/copy 1244:979
	                               copy 1245	    0.065	    0.066	  0.005%	 99.354%	     0.000	        1	Delegate/copy 1245:980
	                               copy 1246	    0.067	    0.068	  0.005%	 99.359%	     0.000	        1	Delegate/copy 1246:981
	                               copy 1247	    0.067	    0.067	  0.005%	 99.364%	     0.000	        1	Delegate/copy 1247:982
	                               copy 1248	    0.065	    0.066	  0.005%	 99.369%	     0.000	        1	Delegate/copy 1248:983
	                               copy 1249	    0.064	    0.064	  0.005%	 99.374%	     0.000	        1	Delegate/copy 1249:984
	                             concat 1250	    0.480	    0.481	  0.035%	 99.409%	     0.000	        1	Delegate/concat 1250:985
	                               copy 1251	    0.073	    0.071	  0.005%	 99.414%	     0.000	        1	Delegate/copy 1251:986
	                               copy 1252	    0.064	    0.067	  0.005%	 99.419%	     0.000	        1	Delegate/copy 1252:987
	                               copy 1253	    0.067	    0.065	  0.005%	 99.424%	     0.000	        1	Delegate/copy 1253:988
	                               copy 1254	    0.066	    0.068	  0.005%	 99.429%	     0.000	        1	Delegate/copy 1254:989
	                               copy 1255	    0.068	    0.066	  0.005%	 99.434%	     0.000	        1	Delegate/copy 1255:990
	                               copy 1256	    0.062	    0.064	  0.005%	 99.439%	     0.000	        1	Delegate/copy 1256:991
	                             concat 1257	    0.479	    0.480	  0.035%	 99.474%	     0.000	        1	Delegate/concat 1257:992
	                               copy 1258	    0.038	    0.037	  0.003%	 99.477%	     0.000	        1	Delegate/copy 1258:993
	                               copy 1259	    0.024	    0.022	  0.002%	 99.478%	     0.000	        1	Delegate/copy 1259:994
	                               copy 1260	    0.022	    0.024	  0.002%	 99.480%	     0.000	        1	Delegate/copy 1260:995
	                               copy 1261	    0.025	    0.025	  0.002%	 99.482%	     0.000	        1	Delegate/copy 1261:996
	                               copy 1262	    0.020	    0.020	  0.001%	 99.483%	     0.000	        1	Delegate/copy 1262:997
	                               copy 1263	    0.025	    0.025	  0.002%	 99.485%	     0.000	        1	Delegate/copy 1263:998
	                             concat 1264	    0.249	    0.248	  0.018%	 99.503%	     0.000	        1	Delegate/concat 1264:999
	                               copy 1265	    0.033	    0.033	  0.002%	 99.506%	     0.000	        1	Delegate/copy 1265:1000
	                               copy 1266	    0.023	    0.024	  0.002%	 99.508%	     0.000	        1	Delegate/copy 1266:1001
	                               copy 1267	    0.029	    0.031	  0.002%	 99.510%	     0.000	        1	Delegate/copy 1267:1002
	                               copy 1268	    0.026	    0.026	  0.002%	 99.512%	     0.000	        1	Delegate/copy 1268:1003
	                               copy 1269	    0.028	    0.027	  0.002%	 99.514%	     0.000	        1	Delegate/copy 1269:1004
	                               copy 1270	    0.026	    0.027	  0.002%	 99.516%	     0.000	        1	Delegate/copy 1270:1005
	                             concat 1271	    0.245	    0.246	  0.018%	 99.534%	     0.000	        1	Delegate/concat 1271:1006
	                               copy 1272	    0.024	    0.024	  0.002%	 99.536%	     0.000	        1	Delegate/copy 1272:1007
	                               copy 1273	    0.008	    0.009	  0.001%	 99.536%	     0.000	        1	Delegate/copy 1273:1008
	                               copy 1274	    0.011	    0.011	  0.001%	 99.537%	     0.000	        1	Delegate/copy 1274:1009
	                               copy 1275	    0.011	    0.011	  0.001%	 99.538%	     0.000	        1	Delegate/copy 1275:1010
	                               copy 1276	    0.012	    0.011	  0.001%	 99.539%	     0.000	        1	Delegate/copy 1276:1011
	                               copy 1277	    0.011	    0.012	  0.001%	 99.539%	     0.000	        1	Delegate/copy 1277:1012
	                             concat 1278	    0.155	    0.156	  0.011%	 99.551%	     0.000	        1	Delegate/concat 1278:1013
	                               copy 1279	    0.023	    0.024	  0.002%	 99.553%	     0.000	        1	Delegate/copy 1279:1014
	                               copy 1280	    0.013	    0.012	  0.001%	 99.554%	     0.000	        1	Delegate/copy 1280:1015
	                               copy 1281	    0.010	    0.012	  0.001%	 99.554%	     0.000	        1	Delegate/copy 1281:1016
	                               copy 1282	    0.010	    0.010	  0.001%	 99.555%	     0.000	        1	Delegate/copy 1282:1017
	                               copy 1283	    0.010	    0.010	  0.001%	 99.556%	     0.000	        1	Delegate/copy 1283:1018
	                               copy 1284	    0.011	    0.012	  0.001%	 99.557%	     0.000	        1	Delegate/copy 1284:1019
	                             concat 1285	    0.155	    0.159	  0.012%	 99.568%	     0.000	        1	Delegate/concat 1285:1020
	                               copy 1286	    0.092	    0.089	  0.007%	 99.575%	     0.000	        1	Delegate/copy 1286:1021
	                               copy 1287	    0.089	    0.089	  0.007%	 99.582%	     0.000	        1	Delegate/copy 1287:1022
	                               copy 1288	    0.090	    0.089	  0.007%	 99.588%	     0.000	        1	Delegate/copy 1288:1023
	                               copy 1289	    0.087	    0.088	  0.006%	 99.595%	     0.000	        1	Delegate/copy 1289:1024
	                               copy 1290	    0.090	    0.090	  0.007%	 99.601%	     0.000	        1	Delegate/copy 1290:1025
	                               copy 1291	    0.086	    0.086	  0.006%	 99.607%	     0.000	        1	Delegate/copy 1291:1026
	                             concat 1292	    0.638	    0.639	  0.047%	 99.654%	     0.000	        1	Delegate/concat 1292:1027
	                               copy 1293	    0.093	    0.095	  0.007%	 99.661%	     0.000	        1	Delegate/copy 1293:1028
	                               copy 1294	    0.092	    0.090	  0.007%	 99.668%	     0.000	        1	Delegate/copy 1294:1029
	                               copy 1295	    0.090	    0.088	  0.006%	 99.674%	     0.000	        1	Delegate/copy 1295:1030
	                               copy 1296	    0.090	    0.088	  0.006%	 99.681%	     0.000	        1	Delegate/copy 1296:1031
	                               copy 1297	    0.090	    0.091	  0.007%	 99.688%	     0.000	        1	Delegate/copy 1297:1032
	                               copy 1298	    0.085	    0.087	  0.006%	 99.694%	     0.000	        1	Delegate/copy 1298:1033
	                             concat 1299	    0.636	    0.638	  0.047%	 99.741%	     0.000	        1	Delegate/concat 1299:1034
	                             resize 1300	    0.418	    0.418	  0.031%	 99.772%	     0.000	        1	Delegate/resize 1300:1035
	                            reshape 1301	    0.493	    0.495	  0.036%	 99.808%	     0.000	        1	Delegate/reshape 1301:1036
	                            reshape 1302	    0.487	    0.485	  0.036%	 99.844%	     0.000	        1	Delegate/reshape 1302:1037
	                            reshape 1303	    0.249	    0.250	  0.018%	 99.862%	     0.000	        1	Delegate/reshape 1303:1038
	                            reshape 1304	    0.250	    0.250	  0.018%	 99.880%	     0.000	        1	Delegate/reshape 1304:1039
	                            reshape 1305	    0.164	    0.162	  0.012%	 99.892%	     0.000	        1	Delegate/reshape 1305:1040
	                            reshape 1306	    0.166	    0.165	  0.012%	 99.904%	     0.000	        1	Delegate/reshape 1306:1041
	                            reshape 1307	    0.647	    0.649	  0.048%	 99.952%	     0.000	        1	Delegate/reshape 1307:1042
	                            reshape 1308	    0.650	    0.654	  0.048%	100.000%	     0.000	        1	Delegate/reshape 1308:1043

============================== Top by Computation Time ==============================
	                             [node type]	  [first]	 [avg ms]	     [%]	  [cdf%]	  [mem KB]	[times called]	[Name]
	                mat_mul_reshape_input 50	   16.789	   16.844	  1.237%	  1.237%	     0.000	        1	Delegate/mat_mul_reshape_input 50:40
	               mat_mul_reshape_input 302	   16.798	   16.814	  1.235%	  2.472%	     0.000	        1	Delegate/mat_mul_reshape_input 302:244
	               mat_mul_reshape_input 176	   16.801	   16.809	  1.235%	  3.707%	     0.000	        1	Delegate/mat_mul_reshape_input 176:142
	               mat_mul_reshape_input 113	   16.755	   16.809	  1.235%	  4.942%	     0.000	        1	Delegate/mat_mul_reshape_input 113:91
	               mat_mul_reshape_input 239	   16.806	   16.806	  1.234%	  6.176%	     0.000	        1	Delegate/mat_mul_reshape_input 239:193
	               mat_mul_reshape_input 743	   16.742	   16.795	  1.234%	  7.410%	     0.000	        1	Delegate/mat_mul_reshape_input 743:601
	               mat_mul_reshape_input 554	   16.403	   16.748	  1.230%	  8.640%	     0.000	        1	Delegate/mat_mul_reshape_input 554:448
	               mat_mul_reshape_input 680	   16.418	   16.748	  1.230%	  9.870%	     0.000	        1	Delegate/mat_mul_reshape_input 680:550
	               mat_mul_reshape_input 617	   16.409	   16.745	  1.230%	 11.100%	     0.000	        1	Delegate/mat_mul_reshape_input 617:499
	               mat_mul_reshape_input 491	   16.389	   16.742	  1.230%	 12.330%	     0.000	        1	Delegate/mat_mul_reshape_input 491:397

Number of nodes executed: 1044
============================== Summary by node type ==============================
	                             [Node type]	  [count]	  [avg ms]	    [avg %]	    [cdf %]	  [mem KB]	[times called]
	                mat_mul_reshape_input 50	        1	    16.844	     1.238%	     1.238%	     0.000	        1
	               mat_mul_reshape_input 302	        1	    16.813	     1.235%	     2.473%	     0.000	        1
	               mat_mul_reshape_input 176	        1	    16.809	     1.235%	     3.708%	     0.000	        1
	               mat_mul_reshape_input 113	        1	    16.808	     1.235%	     4.943%	     0.000	        1
	               mat_mul_reshape_input 239	        1	    16.805	     1.235%	     6.178%	     0.000	        1
	               mat_mul_reshape_input 743	        1	    16.795	     1.234%	     7.412%	     0.000	        1
	               mat_mul_reshape_input 554	        1	    16.748	     1.231%	     8.643%	     0.000	        1
	               mat_mul_reshape_input 680	        1	    16.747	     1.231%	     9.873%	     0.000	        1
	               mat_mul_reshape_input 617	        1	    16.745	     1.230%	    11.104%	     0.000	        1
	               mat_mul_reshape_input 491	        1	    16.742	     1.230%	    12.334%	     0.000	        1
	               mat_mul_reshape_input 428	        1	    16.715	     1.228%	    13.562%	     0.000	        1
	               mat_mul_reshape_input 365	        1	    16.701	     1.227%	    14.789%	     0.000	        1
	                              reshape 46	        1	    16.639	     1.223%	    16.012%	     0.000	        1
	                             reshape 172	        1	    16.626	     1.222%	    17.233%	     0.000	        1
	                             reshape 298	        1	    16.624	     1.222%	    18.455%	     0.000	        1
	                             reshape 361	        1	    16.617	     1.221%	    19.676%	     0.000	        1
	                             reshape 235	        1	    16.608	     1.220%	    20.896%	     0.000	        1
	                             reshape 739	        1	    16.607	     1.220%	    22.117%	     0.000	        1
	                             reshape 109	        1	    16.598	     1.220%	    23.336%	     0.000	        1
	                             reshape 676	        1	    16.575	     1.218%	    24.554%	     0.000	        1
	                             reshape 550	        1	    16.561	     1.217%	    25.771%	     0.000	        1
	                             reshape 487	        1	    16.555	     1.216%	    26.987%	     0.000	        1
	                             reshape 613	        1	    16.550	     1.216%	    28.204%	     0.000	        1
	                             reshape 424	        1	    16.498	     1.212%	    29.416%	     0.000	        1
	              mat_mul_reshape_output 171	        1	    14.404	     1.058%	    30.474%	     0.000	        1
	               mat_mul_reshape_output 45	        1	    14.129	     1.038%	    31.512%	     0.000	        1
	              mat_mul_reshape_output 360	        1	    14.125	     1.038%	    32.550%	     0.000	        1
	              mat_mul_reshape_output 549	        1	    14.078	     1.034%	    33.585%	     0.000	        1
	              mat_mul_reshape_output 234	        1	    13.746	     1.010%	    34.595%	     0.000	        1
	              mat_mul_reshape_output 108	        1	    13.734	     1.009%	    35.604%	     0.000	        1
	              mat_mul_reshape_output 612	        1	    13.727	     1.009%	    36.612%	     0.000	        1
	              mat_mul_reshape_output 297	        1	    13.727	     1.009%	    37.621%	     0.000	        1
	              mat_mul_reshape_output 738	        1	    13.724	     1.008%	    38.630%	     0.000	        1
	              mat_mul_reshape_output 423	        1	    13.717	     1.008%	    39.637%	     0.000	        1
	              mat_mul_reshape_output 486	        1	    13.715	     1.008%	    40.645%	     0.000	        1
	              mat_mul_reshape_output 675	        1	    13.710	     1.007%	    41.653%	     0.000	        1
	                              reshape 48	        1	    13.671	     1.005%	    42.657%	     0.000	        1
	                             reshape 174	        1	    13.657	     1.003%	    43.661%	     0.000	        1
	                             reshape 237	        1	    13.652	     1.003%	    44.664%	     0.000	        1
	                             reshape 741	        1	    13.651	     1.003%	    45.667%	     0.000	        1
	                             reshape 300	        1	    13.651	     1.003%	    46.670%	     0.000	        1
	                             reshape 363	        1	    13.648	     1.003%	    47.673%	     0.000	        1
	                             reshape 111	        1	    13.648	     1.003%	    48.676%	     0.000	        1
	                             reshape 552	        1	    13.636	     1.002%	    49.678%	     0.000	        1
	                             reshape 489	        1	    13.634	     1.002%	    50.679%	     0.000	        1
	                             reshape 615	        1	    13.632	     1.002%	    51.681%	     0.000	        1
	                             reshape 678	        1	    13.631	     1.002%	    52.683%	     0.000	        1
	                             reshape 426	        1	    13.626	     1.001%	    53.684%	     0.000	        1
	                              softmax 47	        1	    11.344	     0.834%	    54.517%	     0.000	        1
	                             softmax 173	        1	    11.316	     0.831%	    55.349%	     0.000	        1
	                             softmax 110	        1	    11.312	     0.831%	    56.180%	     0.000	        1
	                             softmax 236	        1	    11.307	     0.831%	    57.011%	     0.000	        1
	                             softmax 362	        1	    11.287	     0.829%	    57.840%	     0.000	        1
	                             softmax 740	        1	    11.271	     0.828%	    58.668%	     0.000	        1
	                             softmax 299	        1	    11.257	     0.827%	    59.496%	     0.000	        1
	                             softmax 488	        1	    11.086	     0.815%	    60.310%	     0.000	        1
	                             softmax 551	        1	    11.084	     0.814%	    61.125%	     0.000	        1
	                             softmax 614	        1	    11.083	     0.814%	    61.939%	     0.000	        1
	                             softmax 677	        1	    10.988	     0.807%	    62.746%	     0.000	        1
	                             softmax 425	        1	    10.921	     0.802%	    63.549%	     0.000	        1
	        convolution_2d 1238 -> relu 1239	        1	     8.712	     0.640%	    64.189%	     0.000	        1
	                        convolution_2d 2	        1	     8.192	     0.602%	    64.791%	     0.000	        1
	               mat_mul_as_convolution 45	        1	     5.592	     0.411%	    65.202%	     0.000	        1
	              mat_mul_as_convolution 360	        1	     5.532	     0.406%	    65.608%	     0.000	        1
	              mat_mul_as_convolution 549	        1	     5.485	     0.403%	    66.011%	     0.000	        1
	              mat_mul_as_convolution 171	        1	     5.381	     0.395%	    66.407%	     0.000	        1
	              mat_mul_as_convolution 108	        1	     5.358	     0.394%	    66.800%	     0.000	        1
	              mat_mul_as_convolution 297	        1	     5.342	     0.393%	    67.193%	     0.000	        1
	              mat_mul_as_convolution 234	        1	     5.335	     0.392%	    67.585%	     0.000	        1
	              mat_mul_as_convolution 738	        1	     5.321	     0.391%	    67.976%	     0.000	        1
	              mat_mul_as_convolution 486	        1	     5.309	     0.390%	    68.366%	     0.000	        1
	              mat_mul_as_convolution 612	        1	     5.301	     0.390%	    68.755%	     0.000	        1
	              mat_mul_as_convolution 675	        1	     5.300	     0.389%	    69.145%	     0.000	        1
	              mat_mul_as_convolution 423	        1	     5.285	     0.388%	    69.533%	     0.000	        1
	                      convolution_2d 265	        1	     5.189	     0.381%	    69.915%	     0.000	        1
	                      convolution_2d 769	        1	     5.188	     0.381%	    70.296%	     0.000	        1
	                      convolution_2d 706	        1	     5.188	     0.381%	    70.677%	     0.000	        1
	            convolution_2d 73 -> gelu 74	        1	     5.185	     0.381%	    71.058%	     0.000	        1
	                       convolution_2d 76	        1	     5.184	     0.381%	    71.439%	     0.000	        1
	                      convolution_2d 202	        1	     5.184	     0.381%	    71.820%	     0.000	        1
	                      convolution_2d 328	        1	     5.182	     0.381%	    72.201%	     0.000	        1
	                      convolution_2d 139	        1	     5.182	     0.381%	    72.581%	     0.000	        1
	          convolution_2d 262 -> gelu 263	        1	     5.180	     0.381%	    72.962%	     0.000	        1
	          convolution_2d 766 -> gelu 767	        1	     5.179	     0.381%	    73.342%	     0.000	        1
	                      convolution_2d 580	        1	     5.179	     0.381%	    73.723%	     0.000	        1
	          convolution_2d 325 -> gelu 326	        1	     5.179	     0.381%	    74.104%	     0.000	        1
	          convolution_2d 136 -> gelu 137	        1	     5.179	     0.381%	    74.484%	     0.000	        1
	          convolution_2d 703 -> gelu 704	        1	     5.178	     0.380%	    74.865%	     0.000	        1
	          convolution_2d 199 -> gelu 200	        1	     5.178	     0.380%	    75.245%	     0.000	        1
	                      convolution_2d 643	        1	     5.177	     0.380%	    75.625%	     0.000	        1
	                      convolution_2d 454	        1	     5.176	     0.380%	    76.006%	     0.000	        1
	                      convolution_2d 517	        1	     5.174	     0.380%	    76.386%	     0.000	        1
	          convolution_2d 514 -> gelu 515	        1	     5.174	     0.380%	    76.766%	     0.000	        1
	          convolution_2d 451 -> gelu 452	        1	     5.174	     0.380%	    77.146%	     0.000	        1
	          convolution_2d 577 -> gelu 578	        1	     5.173	     0.380%	    77.526%	     0.000	        1
	          convolution_2d 640 -> gelu 641	        1	     5.172	     0.380%	    77.906%	     0.000	        1
	                      convolution_2d 391	        1	     5.172	     0.380%	    78.287%	     0.000	        1
	          convolution_2d 388 -> gelu 389	        1	     5.168	     0.380%	    78.666%	     0.000	        1
	               mat_mul_as_convolution 50	        1	     4.437	     0.326%	    78.992%	     0.000	        1
	              mat_mul_as_convolution 113	        1	     4.428	     0.325%	    79.318%	     0.000	        1
	              mat_mul_as_convolution 302	        1	     4.425	     0.325%	    79.643%	     0.000	        1
	              mat_mul_as_convolution 176	        1	     4.425	     0.325%	    79.968%	     0.000	        1
	              mat_mul_as_convolution 239	        1	     4.421	     0.325%	    80.293%	     0.000	        1
	              mat_mul_as_convolution 680	        1	     4.413	     0.324%	    80.617%	     0.000	        1
	              mat_mul_as_convolution 743	        1	     4.412	     0.324%	    80.941%	     0.000	        1
	              mat_mul_as_convolution 554	        1	     4.407	     0.324%	    81.265%	     0.000	        1
	              mat_mul_as_convolution 617	        1	     4.403	     0.324%	    81.589%	     0.000	        1
	              mat_mul_as_convolution 491	        1	     4.403	     0.324%	    81.912%	     0.000	        1
	              mat_mul_as_convolution 365	        1	     4.403	     0.324%	    82.236%	     0.000	        1
	              mat_mul_as_convolution 428	        1	     4.402	     0.323%	    82.559%	     0.000	        1
	                             transpose 1	        1	     4.215	     0.310%	    82.869%	     0.000	        1
	                       convolution_2d 32	        1	     3.828	     0.281%	    83.150%	     0.000	        1
	                      convolution_2d 347	        1	     3.827	     0.281%	    83.431%	     0.000	        1
	                       convolution_2d 95	        1	     3.822	     0.281%	    83.712%	     0.000	        1
	                      convolution_2d 158	        1	     3.822	     0.281%	    83.993%	     0.000	        1
	                      convolution_2d 284	        1	     3.821	     0.281%	    84.274%	     0.000	        1
	                      convolution_2d 725	        1	     3.819	     0.281%	    84.554%	     0.000	        1
	                      convolution_2d 536	        1	     3.816	     0.280%	    84.835%	     0.000	        1
	                      convolution_2d 662	        1	     3.815	     0.280%	    85.115%	     0.000	        1
	                      convolution_2d 473	        1	     3.815	     0.280%	    85.395%	     0.000	        1
	                      convolution_2d 221	        1	     3.812	     0.280%	    85.675%	     0.000	        1
	                      convolution_2d 599	        1	     3.808	     0.280%	    85.955%	     0.000	        1
	                      convolution_2d 410	        1	     3.801	     0.279%	    86.235%	     0.000	        1
	                      convolution_2d 817	        1	     3.233	     0.238%	    86.472%	     0.000	        1
	                     convolution_2d 1002	        1	     2.881	     0.212%	    86.684%	     0.000	        1
	                 winograd_4x4_to_36 1236	        1	     2.598	     0.191%	    86.875%	     0.000	        1
	 convolution_2d 4 -> subtract 5 -> mul 6	        1	     2.591	     0.190%	    87.065%	     0.000	        1
	                      convolution_2d 990	        1	     2.577	     0.189%	    87.254%	     0.000	        1
	                      convolution_2d 898	        1	     2.496	     0.183%	    87.438%	     0.000	        1
	       convolution_winograd_4x4_6x6 1236	        1	     2.417	     0.178%	    87.615%	     0.000	        1
	                        convolution_2d 8	        1	     2.299	     0.169%	    87.784%	     0.000	        1
	                     convolution_2d 1235	        1	     1.786	     0.131%	    87.916%	     0.000	        1
	                             resize 1237	        1	     1.522	     0.112%	    88.027%	     0.000	        1
	                      convolution_2d 996	        1	     1.389	     0.102%	    88.129%	     0.000	        1
	                      convolution_2d 904	        1	     1.333	     0.098%	    88.227%	     0.000	        1
	                      convolution_2d 684	        1	     1.320	     0.097%	    88.324%	     0.000	        1
	                       convolution_2d 54	        1	     1.320	     0.097%	    88.421%	     0.000	        1
	                      convolution_2d 747	        1	     1.319	     0.097%	    88.518%	     0.000	        1
	                      convolution_2d 432	        1	     1.319	     0.097%	    88.615%	     0.000	        1
	                      convolution_2d 180	        1	     1.319	     0.097%	    88.712%	     0.000	        1
	                      convolution_2d 117	        1	     1.319	     0.097%	    88.809%	     0.000	        1
	                      convolution_2d 558	        1	     1.318	     0.097%	    88.906%	     0.000	        1
	                      convolution_2d 306	        1	     1.318	     0.097%	    89.003%	     0.000	        1
	                      convolution_2d 243	        1	     1.318	     0.097%	    89.100%	     0.000	        1
	                      convolution_2d 621	        1	     1.317	     0.097%	    89.196%	     0.000	        1
	                      convolution_2d 495	        1	     1.316	     0.097%	    89.293%	     0.000	        1
	                      convolution_2d 369	        1	     1.314	     0.097%	    89.390%	     0.000	        1
	convolution_2d 1240 -> relu 1241 -> relu 1243	        1	     1.262	     0.093%	    89.482%	     0.000	        1
	                     convolution_2d 1198	        1	     1.184	     0.087%	    89.569%	     0.000	        1
	                 winograd_36_to_4x4 1236	        1	     1.178	     0.087%	    89.656%	     0.000	        1
	                             resize 1234	        1	     0.972	     0.071%	    89.727%	     0.000	        1
	winograd_36_to_4x4 1226 -> add 1227 -> add 1228	        1	     0.954	     0.070%	    89.797%	     0.000	        1
	       convolution_winograd_4x4_6x6 1224	        1	     0.940	     0.069%	    89.867%	     0.000	        1
	       convolution_winograd_4x4_6x6 1232	        1	     0.917	     0.067%	    89.934%	     0.000	        1
	       convolution_winograd_4x4_6x6 1230	        1	     0.916	     0.067%	    90.001%	     0.000	        1
	       convolution_winograd_4x4_6x6 1226	        1	     0.915	     0.067%	    90.068%	     0.000	        1
	                      convolution_2d 815	        1	     0.890	     0.065%	    90.134%	     0.000	        1
	     winograd_36_to_4x4 1232 -> add 1233	        1	     0.824	     0.061%	    90.194%	     0.000	        1
	                             transpose 3	        1	     0.807	     0.059%	    90.254%	     0.000	        1
	                              reshape 10	        1	     0.771	     0.057%	    90.310%	     0.000	        1
	                            reshape 1308	        1	     0.654	     0.048%	    90.358%	     0.000	        1
	                 winograd_4x4_to_36 1224	        1	     0.648	     0.048%	    90.406%	     0.000	        1
	                            reshape 1307	        1	     0.648	     0.048%	    90.454%	     0.000	        1
	                 winograd_4x4_to_36 1230	        1	     0.642	     0.047%	    90.501%	     0.000	        1
	                 winograd_4x4_to_36 1226	        1	     0.638	     0.047%	    90.548%	     0.000	        1
	                             concat 1292	        1	     0.638	     0.047%	    90.595%	     0.000	        1
	                             concat 1299	        1	     0.637	     0.047%	    90.641%	     0.000	        1
	                 winograd_4x4_to_36 1232	        1	     0.636	     0.047%	    90.688%	     0.000	        1
	    winograd_36_to_4x4 1224 -> relu 1225	        1	     0.604	     0.044%	    90.732%	     0.000	        1
	    winograd_36_to_4x4 1230 -> relu 1231	        1	     0.584	     0.043%	    90.775%	     0.000	        1
	                     convolution_2d 1204	        1	     0.581	     0.043%	    90.818%	     0.000	        1
	         bhwc_tensor_to_conv_weights 108	        1	     0.577	     0.042%	    90.860%	     0.000	        1
	          bhwc_tensor_to_conv_weights 45	        1	     0.576	     0.042%	    90.903%	     0.000	        1
	         bhwc_tensor_to_conv_weights 297	        1	     0.574	     0.042%	    90.945%	     0.000	        1
	         bhwc_tensor_to_conv_weights 171	        1	     0.572	     0.042%	    90.987%	     0.000	        1
	         bhwc_tensor_to_conv_weights 738	        1	     0.571	     0.042%	    91.029%	     0.000	        1
	         bhwc_tensor_to_conv_weights 360	        1	     0.570	     0.042%	    91.071%	     0.000	        1
	         bhwc_tensor_to_conv_weights 675	        1	     0.567	     0.042%	    91.113%	     0.000	        1
	         bhwc_tensor_to_conv_weights 234	        1	     0.567	     0.042%	    91.154%	     0.000	        1
	         bhwc_tensor_to_conv_weights 549	        1	     0.565	     0.042%	    91.196%	     0.000	        1
	         bhwc_tensor_to_conv_weights 486	        1	     0.565	     0.042%	    91.237%	     0.000	        1
	         bhwc_tensor_to_conv_weights 612	        1	     0.562	     0.041%	    91.279%	     0.000	        1
	         bhwc_tensor_to_conv_weights 423	        1	     0.560	     0.041%	    91.320%	     0.000	        1
	                              reshape 75	        1	     0.550	     0.040%	    91.360%	     0.000	        1
	                             reshape 327	        1	     0.548	     0.040%	    91.400%	     0.000	        1
	                             reshape 264	        1	     0.547	     0.040%	    91.441%	     0.000	        1
	                             reshape 768	        1	     0.545	     0.040%	    91.481%	     0.000	        1
	                             reshape 138	        1	     0.545	     0.040%	    91.521%	     0.000	        1
	                             reshape 705	        1	     0.544	     0.040%	    91.561%	     0.000	        1
	                             transpose 7	        1	     0.543	     0.040%	    91.600%	     0.000	        1
	                             reshape 201	        1	     0.543	     0.040%	    91.640%	     0.000	        1
	                                   mul 0	        1	     0.541	     0.040%	    91.680%	     0.000	        1
	                             reshape 516	        1	     0.540	     0.040%	    91.720%	     0.000	        1
	                             reshape 642	        1	     0.539	     0.040%	    91.759%	     0.000	        1
	                             reshape 579	        1	     0.538	     0.040%	    91.799%	     0.000	        1
	                             reshape 453	        1	     0.537	     0.039%	    91.838%	     0.000	        1
	                             reshape 390	        1	     0.532	     0.039%	    91.878%	     0.000	        1
	                     convolution_2d 1222	        1	     0.531	     0.039%	    91.917%	     0.000	        1
	     slice 1200 -> gelu 1201 -> mul 1202	        1	     0.527	     0.039%	    91.955%	     0.000	        1
	                            reshape 1301	        1	     0.494	     0.036%	    91.992%	     0.000	        1
	                            reshape 1302	        1	     0.485	     0.036%	    92.027%	     0.000	        1
	                             concat 1257	        1	     0.480	     0.035%	    92.062%	     0.000	        1
	                             concat 1250	        1	     0.480	     0.035%	    92.098%	     0.000	        1
	                             transpose 9	        1	     0.479	     0.035%	    92.133%	     0.000	        1
	                              reshape 53	        1	     0.475	     0.035%	    92.168%	     0.000	        1
	                             reshape 305	        1	     0.473	     0.035%	    92.203%	     0.000	        1
	                             reshape 179	        1	     0.472	     0.035%	    92.237%	     0.000	        1
	                             reshape 809	        1	     0.471	     0.035%	    92.272%	     0.000	        1
	                             reshape 804	        1	     0.471	     0.035%	    92.306%	     0.000	        1
	                             reshape 799	        1	     0.471	     0.035%	    92.341%	     0.000	        1
	                             reshape 746	        1	     0.470	     0.035%	    92.376%	     0.000	        1
	                             reshape 683	        1	     0.470	     0.035%	    92.410%	     0.000	        1
	                             reshape 242	        1	     0.470	     0.035%	    92.445%	     0.000	        1
	                             reshape 116	        1	     0.470	     0.035%	    92.479%	     0.000	        1
	                            transpose 11	        1	     0.467	     0.034%	    92.514%	     0.000	        1
	                             reshape 813	        1	     0.467	     0.034%	    92.548%	     0.000	        1
	                      convolution_2d 811	        1	     0.465	     0.034%	    92.582%	     0.000	        1
	                             reshape 494	        1	     0.464	     0.034%	    92.616%	     0.000	        1
	                             reshape 620	        1	     0.463	     0.034%	    92.650%	     0.000	        1
	                             reshape 557	        1	     0.463	     0.034%	    92.684%	     0.000	        1
	                             reshape 431	        1	     0.463	     0.034%	    92.718%	     0.000	        1
	                             reshape 368	        1	     0.455	     0.033%	    92.752%	     0.000	        1
	                           transpose 810	        1	     0.430	     0.032%	    92.783%	     0.000	        1
	                           transpose 805	        1	     0.430	     0.032%	    92.815%	     0.000	        1
	                           transpose 814	        1	     0.429	     0.032%	    92.846%	     0.000	        1
	                           transpose 800	        1	     0.424	     0.031%	    92.877%	     0.000	        1
	                             resize 1300	        1	     0.418	     0.031%	    92.908%	     0.000	        1
	        slice 900 -> gelu 901 -> mul 902	        1	     0.400	     0.029%	    92.938%	     0.000	        1
	                             reshape 674	        1	     0.399	     0.029%	    92.967%	     0.000	        1
	                              reshape 44	        1	     0.399	     0.029%	    92.996%	     0.000	        1
	                             reshape 359	        1	     0.398	     0.029%	    93.025%	     0.000	        1
	                             reshape 170	        1	     0.398	     0.029%	    93.055%	     0.000	        1
	                             reshape 548	        1	     0.397	     0.029%	    93.084%	     0.000	        1
	                             reshape 296	        1	     0.397	     0.029%	    93.113%	     0.000	        1
	                             reshape 422	        1	     0.396	     0.029%	    93.142%	     0.000	        1
	                             reshape 485	        1	     0.395	     0.029%	    93.171%	     0.000	        1
	                             reshape 107	        1	     0.395	     0.029%	    93.200%	     0.000	        1
	                             reshape 737	        1	     0.394	     0.029%	    93.229%	     0.000	        1
	                             reshape 233	        1	     0.394	     0.029%	    93.258%	     0.000	        1
	                           transpose 812	        1	     0.393	     0.029%	    93.287%	     0.000	        1
	                             reshape 611	        1	     0.393	     0.029%	    93.316%	     0.000	        1
	              convolution_transposed 802	        1	     0.387	     0.028%	    93.344%	     0.000	        1
	                           transpose 798	        1	     0.377	     0.028%	    93.372%	     0.000	        1
	                           transpose 231	        1	     0.377	     0.028%	    93.400%	     0.000	        1
	                           transpose 168	        1	     0.377	     0.028%	    93.427%	     0.000	        1
	                           transpose 672	        1	     0.376	     0.028%	    93.455%	     0.000	        1
	                           transpose 105	        1	     0.376	     0.028%	    93.483%	     0.000	        1
	                           transpose 294	        1	     0.375	     0.028%	    93.510%	     0.000	        1
	                           transpose 609	        1	     0.374	     0.027%	    93.538%	     0.000	        1
	                           transpose 483	        1	     0.374	     0.027%	    93.565%	     0.000	        1
	                           transpose 357	        1	     0.374	     0.027%	    93.593%	     0.000	        1
	                           transpose 735	        1	     0.373	     0.027%	    93.620%	     0.000	        1
	                           transpose 546	        1	     0.373	     0.027%	    93.647%	     0.000	        1
	                           transpose 420	        1	     0.373	     0.027%	    93.675%	     0.000	        1
	                            transpose 42	        1	     0.373	     0.027%	    93.702%	     0.000	        1
	                              slice 1199	        1	     0.369	     0.027%	    93.729%	     0.000	        1
	                           transpose 803	        1	     0.362	     0.027%	    93.756%	     0.000	        1
	                            reshape 1203	        1	     0.362	     0.027%	    93.783%	     0.000	        1
	                               relu 1229	        1	     0.360	     0.026%	    93.809%	     0.000	        1
	       convolution_winograd_4x4_6x6 1003	        1	     0.360	     0.026%	    93.836%	     0.000	        1
	                      convolution_2d 972	        1	     0.348	     0.026%	    93.861%	     0.000	        1
	                      convolution_2d 857	        1	     0.347	     0.025%	    93.887%	     0.000	        1
	                      convolution_2d 999	        1	     0.346	     0.025%	    93.912%	     0.000	        1
	                      convolution_2d 930	        1	     0.346	     0.025%	    93.937%	     0.000	        1
	                           transpose 808	        1	     0.345	     0.025%	    93.963%	     0.000	        1
	                      convolution_2d 971	        1	     0.345	     0.025%	    93.988%	     0.000	        1
	                      convolution_2d 950	        1	     0.345	     0.025%	    94.013%	     0.000	        1
	                      convolution_2d 949	        1	     0.345	     0.025%	    94.039%	     0.000	        1
	                      convolution_2d 880	        1	     0.345	     0.025%	    94.064%	     0.000	        1
	         bhwc_tensor_to_conv_weights 302	        1	     0.345	     0.025%	    94.090%	     0.000	        1
	         bhwc_tensor_to_conv_weights 239	        1	     0.345	     0.025%	    94.115%	     0.000	        1
	                      convolution_2d 907	        1	     0.344	     0.025%	    94.140%	     0.000	        1
	                      convolution_2d 879	        1	     0.344	     0.025%	    94.165%	     0.000	        1
	                      convolution_2d 858	        1	     0.344	     0.025%	    94.191%	     0.000	        1
	          bhwc_tensor_to_conv_weights 50	        1	     0.344	     0.025%	    94.216%	     0.000	        1
	                      convolution_2d 838	        1	     0.343	     0.025%	    94.241%	     0.000	        1
	         bhwc_tensor_to_conv_weights 113	        1	     0.342	     0.025%	    94.266%	     0.000	        1
	         bhwc_tensor_to_conv_weights 743	        1	     0.341	     0.025%	    94.291%	     0.000	        1
	         bhwc_tensor_to_conv_weights 176	        1	     0.341	     0.025%	    94.316%	     0.000	        1
	         bhwc_tensor_to_conv_weights 680	        1	     0.339	     0.025%	    94.341%	     0.000	        1
	         bhwc_tensor_to_conv_weights 617	        1	     0.338	     0.025%	    94.366%	     0.000	        1
	         bhwc_tensor_to_conv_weights 554	        1	     0.337	     0.025%	    94.391%	     0.000	        1
	         bhwc_tensor_to_conv_weights 428	        1	     0.337	     0.025%	    94.416%	     0.000	        1
	         bhwc_tensor_to_conv_weights 491	        1	     0.336	     0.025%	    94.440%	     0.000	        1
	         bhwc_tensor_to_conv_weights 365	        1	     0.332	     0.024%	    94.465%	     0.000	        1
	                            transpose 38	        1	     0.322	     0.024%	    94.488%	     0.000	        1
	                               relu 1223	        1	     0.322	     0.024%	    94.512%	     0.000	        1
	                           transpose 101	        1	     0.319	     0.023%	    94.536%	     0.000	        1
	                            transpose 41	        1	     0.317	     0.023%	    94.559%	     0.000	        1
	                           transpose 164	        1	     0.317	     0.023%	    94.582%	     0.000	        1
	                             reshape 819	        1	     0.316	     0.023%	    94.605%	     0.000	        1
	                             reshape 303	        1	     0.316	     0.023%	    94.629%	     0.000	        1
	                           transpose 353	        1	     0.314	     0.023%	    94.652%	     0.000	        1
	                              reshape 51	        1	     0.314	     0.023%	    94.675%	     0.000	        1
	                           transpose 356	        1	     0.313	     0.023%	    94.698%	     0.000	        1
	                           transpose 290	        1	     0.313	     0.023%	    94.721%	     0.000	        1
	                           transpose 104	        1	     0.312	     0.023%	    94.744%	     0.000	        1
	                           transpose 167	        1	     0.311	     0.023%	    94.766%	     0.000	        1
	                           transpose 227	        1	     0.310	     0.023%	    94.789%	     0.000	        1
	                             reshape 681	        1	     0.310	     0.023%	    94.812%	     0.000	        1
	                             reshape 240	        1	     0.310	     0.023%	    94.835%	     0.000	        1
	                             reshape 177	        1	     0.310	     0.023%	    94.858%	     0.000	        1
	                             reshape 114	        1	     0.310	     0.023%	    94.880%	     0.000	        1
	              convolution_transposed 807	        1	     0.310	     0.023%	    94.903%	     0.000	        1
	                             reshape 744	        1	     0.309	     0.023%	    94.926%	     0.000	        1
	                           transpose 293	        1	     0.308	     0.023%	    94.949%	     0.000	        1
	                           transpose 230	        1	     0.307	     0.023%	    94.971%	     0.000	        1
	                             reshape 618	        1	     0.307	     0.023%	    94.994%	     0.000	        1
	                           transpose 734	        1	     0.306	     0.022%	    95.016%	     0.000	        1
	                           transpose 605	        1	     0.306	     0.022%	    95.039%	     0.000	        1
	                             reshape 555	        1	     0.306	     0.022%	    95.061%	     0.000	        1
	                             reshape 492	        1	     0.306	     0.022%	    95.084%	     0.000	        1
	                             reshape 429	        1	     0.306	     0.022%	    95.106%	     0.000	        1
	                           transpose 731	        1	     0.305	     0.022%	    95.128%	     0.000	        1
	                           transpose 668	        1	     0.304	     0.022%	    95.151%	     0.000	        1
	                           transpose 608	        1	     0.304	     0.022%	    95.173%	     0.000	        1
	                           transpose 542	        1	     0.304	     0.022%	    95.195%	     0.000	        1
	                           transpose 482	        1	     0.304	     0.022%	    95.218%	     0.000	        1
	                     convolution_2d 1093	        1	     0.304	     0.022%	    95.240%	     0.000	        1
	                           transpose 671	        1	     0.303	     0.022%	    95.262%	     0.000	        1
	                           transpose 479	        1	     0.303	     0.022%	    95.285%	     0.000	        1
	                          transpose 1118	        1	     0.303	     0.022%	    95.307%	     0.000	        1
	                           transpose 545	        1	     0.302	     0.022%	    95.329%	     0.000	        1
	                          transpose 1136	        1	     0.300	     0.022%	    95.351%	     0.000	        1
	                             reshape 366	        1	     0.300	     0.022%	    95.373%	     0.000	        1
	                           transpose 419	        1	     0.298	     0.022%	    95.395%	     0.000	        1
	                           transpose 416	        1	     0.296	     0.022%	    95.417%	     0.000	        1
	       convolution_winograd_4x4_6x6 1211	        1	     0.280	     0.021%	    95.437%	     0.000	        1
	                               slice 899	        1	     0.276	     0.020%	    95.458%	     0.000	        1
	                             reshape 903	        1	     0.272	     0.020%	    95.478%	     0.000	        1
	                mat_mul_reshape_input 45	        1	     0.267	     0.020%	    95.497%	     0.000	        1
	               mat_mul_reshape_input 108	        1	     0.266	     0.020%	    95.517%	     0.000	        1
	               mat_mul_reshape_input 738	        1	     0.265	     0.019%	    95.536%	     0.000	        1
	               mat_mul_reshape_input 234	        1	     0.264	     0.019%	    95.556%	     0.000	        1
	       convolution_winograd_4x4_6x6 1219	        1	     0.264	     0.019%	    95.575%	     0.000	        1
	       convolution_winograd_4x4_6x6 1217	        1	     0.264	     0.019%	    95.595%	     0.000	        1
	       convolution_winograd_4x4_6x6 1213	        1	     0.264	     0.019%	    95.614%	     0.000	        1
	               mat_mul_reshape_input 171	        1	     0.263	     0.019%	    95.633%	     0.000	        1
	               mat_mul_reshape_input 360	        1	     0.261	     0.019%	    95.652%	     0.000	        1
	               mat_mul_reshape_input 297	        1	     0.261	     0.019%	    95.672%	     0.000	        1
	               mat_mul_reshape_input 612	        1	     0.260	     0.019%	    95.691%	     0.000	        1
	                      convolution_2d 806	        1	     0.260	     0.019%	    95.710%	     0.000	        1
	winograd_36_to_4x4 1213 -> add 1214 -> add 1215	        1	     0.259	     0.019%	    95.729%	     0.000	        1
	               mat_mul_reshape_input 486	        1	     0.258	     0.019%	    95.748%	     0.000	        1
	               mat_mul_reshape_input 549	        1	     0.257	     0.019%	    95.767%	     0.000	        1
	               mat_mul_reshape_input 675	        1	     0.255	     0.019%	    95.785%	     0.000	        1
	               mat_mul_reshape_input 423	        1	     0.253	     0.019%	    95.804%	     0.000	        1
	                            reshape 1304	        1	     0.250	     0.018%	    95.822%	     0.000	        1
	                            reshape 1303	        1	     0.250	     0.018%	    95.841%	     0.000	        1
	                             concat 1264	        1	     0.248	     0.018%	    95.859%	     0.000	        1
	                             concat 1271	        1	     0.245	     0.018%	    95.877%	     0.000	        1
	                           transpose 818	        1	     0.236	     0.017%	    95.894%	     0.000	        1
	                             resize 1221	        1	     0.232	     0.017%	    95.911%	     0.000	        1
	       reshape 833 -> mul 834 -> add 835	        1	     0.225	     0.017%	    95.928%	     0.000	        1
	     winograd_36_to_4x4 1219 -> add 1220	        1	     0.223	     0.016%	    95.944%	     0.000	        1
	       convolution_winograd_4x4_6x6 1004	        1	     0.219	     0.016%	    95.960%	     0.000	        1
	                           transpose 836	        1	     0.216	     0.016%	    95.976%	     0.000	        1
	                      mul 777 -> add 778	        1	     0.214	     0.016%	    95.992%	     0.000	        1
	        slice 992 -> gelu 993 -> mul 994	        1	     0.209	     0.015%	    96.007%	     0.000	        1
	                     concat 14 -> add 15	        1	     0.208	     0.015%	    96.023%	     0.000	        1
	          reshape 55 -> mul 56 -> add 57	        1	     0.201	     0.015%	    96.037%	     0.000	        1
	       reshape 559 -> mul 560 -> add 561	        1	     0.199	     0.015%	    96.052%	     0.000	        1
	       reshape 307 -> mul 308 -> add 309	        1	     0.199	     0.015%	    96.067%	     0.000	        1
	       reshape 181 -> mul 182 -> add 183	        1	     0.199	     0.015%	    96.081%	     0.000	        1
	       reshape 118 -> mul 119 -> add 120	        1	     0.199	     0.015%	    96.096%	     0.000	        1
	       reshape 748 -> mul 749 -> add 750	        1	     0.198	     0.015%	    96.110%	     0.000	        1
	       reshape 685 -> mul 686 -> add 687	        1	     0.198	     0.015%	    96.125%	     0.000	        1
	       reshape 244 -> mul 245 -> add 246	        1	     0.198	     0.015%	    96.140%	     0.000	        1
	       reshape 496 -> mul 497 -> add 498	        1	     0.196	     0.014%	    96.154%	     0.000	        1
	       reshape 433 -> mul 434 -> add 435	        1	     0.196	     0.014%	    96.168%	     0.000	        1
	       reshape 622 -> mul 623 -> add 624	        1	     0.195	     0.014%	    96.183%	     0.000	        1
	       reshape 266 -> mul 267 -> add 268	        1	     0.195	     0.014%	    96.197%	     0.000	        1
	          reshape 77 -> mul 78 -> add 79	        1	     0.193	     0.014%	    96.211%	     0.000	        1
	       reshape 770 -> mul 771 -> add 772	        1	     0.192	     0.014%	    96.225%	     0.000	        1
	       reshape 518 -> mul 519 -> add 520	        1	     0.192	     0.014%	    96.239%	     0.000	        1
	       reshape 370 -> mul 371 -> add 372	        1	     0.192	     0.014%	    96.254%	     0.000	        1
	       reshape 203 -> mul 204 -> add 205	        1	     0.192	     0.014%	    96.268%	     0.000	        1
	       reshape 140 -> mul 141 -> add 142	        1	     0.192	     0.014%	    96.282%	     0.000	        1
	       reshape 707 -> mul 708 -> add 709	        1	     0.191	     0.014%	    96.296%	     0.000	        1
	       reshape 329 -> mul 330 -> add 331	        1	     0.191	     0.014%	    96.310%	     0.000	        1
	       reshape 644 -> mul 645 -> add 646	        1	     0.190	     0.014%	    96.324%	     0.000	        1
	       reshape 455 -> mul 456 -> add 457	        1	     0.190	     0.014%	    96.338%	     0.000	        1
	       reshape 581 -> mul 582 -> add 583	        1	     0.189	     0.014%	    96.352%	     0.000	        1
	       reshape 392 -> mul 393 -> add 394	        1	     0.186	     0.014%	    96.365%	     0.000	        1
	                 winograd_4x4_to_36 1211	        1	     0.172	     0.013%	    96.378%	     0.000	        1
	                     convolution_2d 1099	        1	     0.172	     0.013%	    96.391%	     0.000	        1
	                 winograd_36_to_4x4 1003	        1	     0.168	     0.012%	    96.403%	     0.000	        1
	       convolution_winograd_4x4_6x6 1005	        1	     0.165	     0.012%	    96.415%	     0.000	        1
	                            reshape 1306	        1	     0.164	     0.012%	    96.427%	     0.000	        1
	                     convolution_2d 1180	        1	     0.163	     0.012%	    96.439%	     0.000	        1
	                     convolution_2d 1138	        1	     0.163	     0.012%	    96.451%	     0.000	        1
	                     convolution_2d 1207	        1	     0.162	     0.012%	    96.463%	     0.000	        1
	                     convolution_2d 1179	        1	     0.162	     0.012%	    96.475%	     0.000	        1
	                     convolution_2d 1158	        1	     0.162	     0.012%	    96.487%	     0.000	        1
	                     convolution_2d 1157	        1	     0.162	     0.012%	    96.499%	     0.000	        1
	    winograd_36_to_4x4 1211 -> relu 1212	        1	     0.161	     0.012%	    96.510%	     0.000	        1
	                            reshape 1305	        1	     0.161	     0.012%	    96.522%	     0.000	        1
	                      convolution_2d 801	        1	     0.160	     0.012%	    96.534%	     0.000	        1
	    winograd_36_to_4x4 1217 -> relu 1218	        1	     0.159	     0.012%	    96.546%	     0.000	        1
	                     convolution_2d 1117	        1	     0.159	     0.012%	    96.557%	     0.000	        1
	                             concat 1285	        1	     0.158	     0.012%	    96.569%	     0.000	        1
	                 winograd_4x4_to_36 1217	        1	     0.157	     0.012%	    96.581%	     0.000	        1
	                             concat 1278	        1	     0.155	     0.011%	    96.592%	     0.000	        1
	                 winograd_4x4_to_36 1213	        1	     0.154	     0.011%	    96.603%	     0.000	        1
	                 winograd_4x4_to_36 1219	        1	     0.152	     0.011%	    96.614%	     0.000	        1
	                             reshape 911	        1	     0.146	     0.011%	    96.625%	     0.000	        1
	                              reshape 36	        1	     0.143	     0.011%	    96.636%	     0.000	        1
	                             reshape 351	        1	     0.142	     0.010%	    96.646%	     0.000	        1
	                            subtract 503	        1	     0.141	     0.010%	    96.656%	     0.000	        1
	                              reshape 99	        1	     0.141	     0.010%	    96.667%	     0.000	        1
	                             reshape 288	        1	     0.141	     0.010%	    96.677%	     0.000	        1
	                                slice 34	        1	     0.140	     0.010%	    96.687%	     0.000	        1
	     slice 1095 -> gelu 1096 -> mul 1097	        1	     0.140	     0.010%	    96.698%	     0.000	        1
	                              reshape 37	        1	     0.140	     0.010%	    96.708%	     0.000	        1
	                             reshape 162	        1	     0.140	     0.010%	    96.718%	     0.000	        1
	                                slice 97	        1	     0.139	     0.010%	    96.729%	     0.000	        1
	                               slice 794	        1	     0.139	     0.010%	    96.739%	     0.000	        1
	                               slice 160	        1	     0.139	     0.010%	    96.749%	     0.000	        1
	                             reshape 729	        1	     0.139	     0.010%	    96.759%	     0.000	        1
	                             reshape 604	        1	     0.139	     0.010%	    96.769%	     0.000	        1
	                             reshape 540	        1	     0.139	     0.010%	    96.780%	     0.000	        1
	                             reshape 226	        1	     0.139	     0.010%	    96.790%	     0.000	        1
	                             reshape 225	        1	     0.139	     0.010%	    96.800%	     0.000	        1
	                             reshape 163	        1	     0.139	     0.010%	    96.810%	     0.000	        1
	                             reshape 100	        1	     0.139	     0.010%	    96.820%	     0.000	        1
	                              square 784	        1	     0.138	     0.010%	    96.831%	     0.000	        1
	                               square 63	        1	     0.138	     0.010%	    96.841%	     0.000	        1
	                               square 22	        1	     0.138	     0.010%	    96.851%	     0.000	        1
	                               slice 797	        1	     0.138	     0.010%	    96.861%	     0.000	        1
	                               slice 286	        1	     0.138	     0.010%	    96.871%	     0.000	        1
	                               slice 223	        1	     0.138	     0.010%	    96.881%	     0.000	        1
	                             reshape 995	        1	     0.138	     0.010%	    96.891%	     0.000	        1
	                             reshape 730	        1	     0.138	     0.010%	    96.902%	     0.000	        1
	                             reshape 666	        1	     0.138	     0.010%	    96.912%	     0.000	        1
	                             reshape 603	        1	     0.138	     0.010%	    96.922%	     0.000	        1
	                             reshape 477	        1	     0.138	     0.010%	    96.932%	     0.000	        1
	                             reshape 352	        1	     0.138	     0.010%	    96.942%	     0.000	        1
	                             reshape 289	        1	     0.138	     0.010%	    96.952%	     0.000	        1
	                             subtract 21	        1	     0.137	     0.010%	    96.962%	     0.000	        1
	                              square 315	        1	     0.137	     0.010%	    96.972%	     0.000	        1
	                              square 252	        1	     0.137	     0.010%	    96.982%	     0.000	        1
	                              square 148	        1	     0.137	     0.010%	    96.993%	     0.000	        1
	                               slice 991	        1	     0.137	     0.010%	    97.003%	     0.000	        1
	                               slice 727	        1	     0.137	     0.010%	    97.013%	     0.000	        1
	                               slice 664	        1	     0.137	     0.010%	    97.023%	     0.000	        1
	                               slice 601	        1	     0.137	     0.010%	    97.033%	     0.000	        1
	                               slice 538	        1	     0.137	     0.010%	    97.043%	     0.000	        1
	                               slice 349	        1	     0.137	     0.010%	    97.053%	     0.000	        1
	                             reshape 667	        1	     0.137	     0.010%	    97.063%	     0.000	        1
	                             reshape 478	        1	     0.137	     0.010%	    97.073%	     0.000	        1
	                      mul 773 -> add 774	        1	     0.137	     0.010%	    97.083%	     0.000	        1
	                               square 85	        1	     0.136	     0.010%	    97.093%	     0.000	        1
	                              square 756	        1	     0.136	     0.010%	    97.103%	     0.000	        1
	                              square 715	        1	     0.136	     0.010%	    97.113%	     0.000	        1
	                              square 693	        1	     0.136	     0.010%	    97.123%	     0.000	        1
	                              square 337	        1	     0.136	     0.010%	    97.133%	     0.000	        1
	                              square 274	        1	     0.136	     0.010%	    97.143%	     0.000	        1
	                              square 211	        1	     0.136	     0.010%	    97.153%	     0.000	        1
	                              square 189	        1	     0.136	     0.010%	    97.163%	     0.000	        1
	                              square 126	        1	     0.136	     0.010%	    97.173%	     0.000	        1
	                     slice 96 -> mul 102	        1	     0.136	     0.010%	    97.183%	     0.000	        1
	                               slice 475	        1	     0.136	     0.010%	    97.193%	     0.000	        1
	                             reshape 541	        1	     0.136	     0.010%	    97.203%	     0.000	        1
	                reshape 1208 -> add 1209	        1	     0.136	     0.010%	    97.213%	     0.000	        1
	               mat_mul_reshape_output 50	        1	     0.136	     0.010%	    97.223%	     0.000	        1
	                              square 652	        1	     0.135	     0.010%	    97.233%	     0.000	        1
	                              square 630	        1	     0.135	     0.010%	    97.243%	     0.000	        1
	                              square 589	        1	     0.135	     0.010%	    97.253%	     0.000	        1
	                              square 567	        1	     0.135	     0.010%	    97.263%	     0.000	        1
	                              square 526	        1	     0.135	     0.010%	    97.273%	     0.000	        1
	                              square 441	        1	     0.135	     0.010%	    97.283%	     0.000	        1
	                               slice 795	        1	     0.135	     0.010%	    97.292%	     0.000	        1
	                    slice 348 -> mul 354	        1	     0.135	     0.010%	    97.302%	     0.000	        1
	                      slice 33 -> mul 39	        1	     0.135	     0.010%	    97.312%	     0.000	        1
	                    slice 159 -> mul 165	        1	     0.135	     0.010%	    97.322%	     0.000	        1
	                             reshape 414	        1	     0.135	     0.010%	    97.332%	     0.000	        1
	                              reshape 40	        1	     0.135	     0.010%	    97.342%	     0.000	        1
	                             reshape 355	        1	     0.135	     0.010%	    97.352%	     0.000	        1
	                reshape 1159 -> add 1160	        1	     0.135	     0.010%	    97.362%	     0.000	        1
	              mat_mul_reshape_output 302	        1	     0.135	     0.010%	    97.372%	     0.000	        1
	              mat_mul_reshape_output 239	        1	     0.135	     0.010%	    97.382%	     0.000	        1
	              mat_mul_reshape_output 176	        1	     0.135	     0.010%	    97.392%	     0.000	        1
	                            transpose 52	        1	     0.134	     0.010%	    97.402%	     0.000	        1
	                            subtract 210	        1	     0.134	     0.010%	    97.411%	     0.000	        1
	                              square 463	        1	     0.134	     0.010%	    97.421%	     0.000	        1
	                    slice 726 -> mul 732	        1	     0.134	     0.010%	    97.431%	     0.000	        1
	                    slice 222 -> mul 228	        1	     0.134	     0.010%	    97.441%	     0.000	        1
	                              reshape 49	        1	     0.134	     0.010%	    97.451%	     0.000	        1
	                             reshape 415	        1	     0.134	     0.010%	    97.461%	     0.000	        1
	                reshape 1181 -> add 1182	        1	     0.134	     0.010%	    97.470%	     0.000	        1
	                             reshape 103	        1	     0.134	     0.010%	    97.480%	     0.000	        1
	                      mul 775 -> add 776	        1	     0.134	     0.010%	    97.490%	     0.000	        1
	              mat_mul_reshape_output 743	        1	     0.134	     0.010%	    97.500%	     0.000	        1
	              mat_mul_reshape_output 680	        1	     0.134	     0.010%	    97.510%	     0.000	        1
	              mat_mul_reshape_output 113	        1	     0.134	     0.010%	    97.520%	     0.000	        1
	                           transpose 745	        1	     0.133	     0.010%	    97.529%	     0.000	        1
	                           transpose 682	        1	     0.133	     0.010%	    97.539%	     0.000	        1
	                           transpose 304	        1	     0.133	     0.010%	    97.549%	     0.000	        1
	                           transpose 241	        1	     0.133	     0.010%	    97.559%	     0.000	        1
	                           transpose 178	        1	     0.133	     0.010%	    97.569%	     0.000	        1
	                               slice 796	        1	     0.133	     0.010%	    97.578%	     0.000	        1
	                    slice 663 -> mul 669	        1	     0.133	     0.010%	    97.588%	     0.000	        1
	                    slice 474 -> mul 480	        1	     0.133	     0.010%	    97.598%	     0.000	        1
	                               slice 412	        1	     0.133	     0.010%	    97.608%	     0.000	        1
	                                slice 35	        1	     0.133	     0.010%	    97.617%	     0.000	        1
	                    slice 285 -> mul 291	        1	     0.133	     0.010%	    97.627%	     0.000	        1
	                             reshape 292	        1	     0.133	     0.010%	    97.637%	     0.000	        1
	                             reshape 166	        1	     0.133	     0.010%	    97.647%	     0.000	        1
	              mat_mul_reshape_output 617	        1	     0.133	     0.010%	    97.657%	     0.000	        1
	              mat_mul_reshape_output 554	        1	     0.133	     0.010%	    97.666%	     0.000	        1
	              mat_mul_reshape_output 428	        1	     0.133	     0.010%	    97.676%	     0.000	        1
	                           transpose 493	        1	     0.132	     0.010%	    97.686%	     0.000	        1
	                           transpose 430	        1	     0.132	     0.010%	    97.695%	     0.000	        1
	                           transpose 115	        1	     0.132	     0.010%	    97.705%	     0.000	        1
	                             subtract 84	        1	     0.132	     0.010%	    97.715%	     0.000	        1
	                              square 400	        1	     0.132	     0.010%	    97.725%	     0.000	        1
	                              square 378	        1	     0.132	     0.010%	    97.734%	     0.000	        1
	                                slice 98	        1	     0.132	     0.010%	    97.744%	     0.000	        1
	                               slice 728	        1	     0.132	     0.010%	    97.754%	     0.000	        1
	                    slice 600 -> mul 606	        1	     0.132	     0.010%	    97.763%	     0.000	        1
	                    slice 537 -> mul 543	        1	     0.132	     0.010%	    97.773%	     0.000	        1
	                               slice 350	        1	     0.132	     0.010%	    97.783%	     0.000	        1
	                               slice 287	        1	     0.132	     0.010%	    97.792%	     0.000	        1
	                               slice 224	        1	     0.132	     0.010%	    97.802%	     0.000	        1
	                             reshape 742	        1	     0.132	     0.010%	    97.812%	     0.000	        1
	                             reshape 733	        1	     0.132	     0.010%	    97.822%	     0.000	        1
	                             reshape 616	        1	     0.132	     0.010%	    97.831%	     0.000	        1
	                              reshape 43	        1	     0.132	     0.010%	    97.841%	     0.000	        1
	                             reshape 238	        1	     0.132	     0.010%	    97.851%	     0.000	        1
	                             reshape 229	        1	     0.132	     0.010%	    97.860%	     0.000	        1
	                                  mul 29	        1	     0.132	     0.010%	    97.870%	     0.000	        1
	              mat_mul_reshape_output 491	        1	     0.132	     0.010%	    97.880%	     0.000	        1
	                           transpose 619	        1	     0.131	     0.010%	    97.889%	     0.000	        1
	                           transpose 556	        1	     0.131	     0.010%	    97.899%	     0.000	        1
	                            subtract 783	        1	     0.131	     0.010%	    97.909%	     0.000	        1
	                            subtract 714	        1	     0.131	     0.010%	    97.918%	     0.000	        1
	                             subtract 62	        1	     0.131	     0.010%	    97.928%	     0.000	        1
	                            subtract 336	        1	     0.131	     0.010%	    97.937%	     0.000	        1
	                            subtract 147	        1	     0.131	     0.010%	    97.947%	     0.000	        1
	                               slice 161	        1	     0.131	     0.010%	    97.957%	     0.000	        1
	                             reshape 670	        1	     0.131	     0.010%	    97.966%	     0.000	        1
	                             reshape 607	        1	     0.131	     0.010%	    97.976%	     0.000	        1
	                             reshape 544	        1	     0.131	     0.010%	    97.986%	     0.000	        1
	                             reshape 481	        1	     0.131	     0.010%	    97.995%	     0.000	        1
	                             reshape 295	        1	     0.131	     0.010%	    98.005%	     0.000	        1
	                reshape 1205 -> add 1206	        1	     0.131	     0.010%	    98.015%	     0.000	        1
	                             reshape 112	        1	     0.131	     0.010%	    98.024%	     0.000	        1
	                             reshape 106	        1	     0.131	     0.010%	    98.034%	     0.000	        1
	                                  mul 70	        1	     0.131	     0.010%	    98.043%	     0.000	        1
	              mat_mul_reshape_output 365	        1	     0.131	     0.010%	    98.053%	     0.000	        1
	                            subtract 692	        1	     0.130	     0.010%	    98.063%	     0.000	        1
	                            subtract 251	        1	     0.130	     0.010%	    98.072%	     0.000	        1
	                            subtract 125	        1	     0.130	     0.010%	    98.082%	     0.000	        1
	                               slice 602	        1	     0.130	     0.010%	    98.091%	     0.000	        1
	                               slice 539	        1	     0.130	     0.010%	    98.101%	     0.000	        1
	                               slice 476	        1	     0.130	     0.010%	    98.110%	     0.000	        1
	                             reshape 736	        1	     0.130	     0.010%	    98.120%	     0.000	        1
	                             reshape 547	        1	     0.130	     0.010%	    98.129%	     0.000	        1
	                             reshape 358	        1	     0.130	     0.010%	    98.139%	     0.000	        1
	                             reshape 301	        1	     0.130	     0.010%	    98.149%	     0.000	        1
	                                  mul 92	        1	     0.130	     0.010%	    98.158%	     0.000	        1
	           mul 791 -> mul 792 -> add 793	        1	     0.130	     0.010%	    98.168%	     0.000	        1
	                                 mul 344	        1	     0.130	     0.010%	    98.177%	     0.000	        1
	                                 mul 322	        1	     0.130	     0.010%	    98.187%	     0.000	        1
	                                 mul 281	        1	     0.130	     0.010%	    98.196%	     0.000	        1
	                                 mul 259	        1	     0.130	     0.010%	    98.206%	     0.000	        1
	                                 mul 196	        1	     0.130	     0.010%	    98.215%	     0.000	        1
	                                 mul 133	        1	     0.130	     0.010%	    98.225%	     0.000	        1
	                           transpose 367	        1	     0.129	     0.009%	    98.234%	     0.000	        1
	                            subtract 755	        1	     0.129	     0.009%	    98.244%	     0.000	        1
	                            subtract 651	        1	     0.129	     0.009%	    98.253%	     0.000	        1
	                            subtract 588	        1	     0.129	     0.009%	    98.263%	     0.000	        1
	                            subtract 525	        1	     0.129	     0.009%	    98.272%	     0.000	        1
	                            subtract 462	        1	     0.129	     0.009%	    98.282%	     0.000	        1
	                            subtract 314	        1	     0.129	     0.009%	    98.291%	     0.000	        1
	                            subtract 273	        1	     0.129	     0.009%	    98.301%	     0.000	        1
	                            subtract 188	        1	     0.129	     0.009%	    98.310%	     0.000	        1
	                               slice 665	        1	     0.129	     0.009%	    98.320%	     0.000	        1
	                    slice 411 -> mul 417	        1	     0.129	     0.009%	    98.329%	     0.000	        1
	                             reshape 679	        1	     0.129	     0.009%	    98.339%	     0.000	        1
	                             reshape 610	        1	     0.129	     0.009%	    98.348%	     0.000	        1
	                             reshape 490	        1	     0.129	     0.009%	    98.358%	     0.000	        1
	                             reshape 484	        1	     0.129	     0.009%	    98.367%	     0.000	        1
	                             reshape 418	        1	     0.129	     0.009%	    98.377%	     0.000	        1
	                             reshape 232	        1	     0.129	     0.009%	    98.386%	     0.000	        1
	                             reshape 175	        1	     0.129	     0.009%	    98.396%	     0.000	        1
	                             reshape 169	        1	     0.129	     0.009%	    98.405%	     0.000	        1
	                                 mul 763	        1	     0.129	     0.009%	    98.414%	     0.000	        1
	                                 mul 722	        1	     0.129	     0.009%	    98.424%	     0.000	        1
	                                 mul 700	        1	     0.129	     0.009%	    98.433%	     0.000	        1
	                                 mul 574	        1	     0.129	     0.009%	    98.443%	     0.000	        1
	                                 mul 511	        1	     0.129	     0.009%	    98.452%	     0.000	        1
	                                 mul 218	        1	     0.129	     0.009%	    98.462%	     0.000	        1
	                                 mul 155	        1	     0.129	     0.009%	    98.471%	     0.000	        1
	                            subtract 629	        1	     0.128	     0.009%	    98.481%	     0.000	        1
	                            subtract 566	        1	     0.128	     0.009%	    98.490%	     0.000	        1
	                            subtract 440	        1	     0.128	     0.009%	    98.500%	     0.000	        1
	                             reshape 673	        1	     0.128	     0.009%	    98.509%	     0.000	        1
	                             reshape 553	        1	     0.128	     0.009%	    98.518%	     0.000	        1
	                                 mul 637	        1	     0.128	     0.009%	    98.528%	     0.000	        1
	                                 mul 596	        1	     0.128	     0.009%	    98.537%	     0.000	        1
	                                 mul 533	        1	     0.128	     0.009%	    98.547%	     0.000	        1
	                                 mul 448	        1	     0.128	     0.009%	    98.556%	     0.000	        1
	                               slice 413	        1	     0.127	     0.009%	    98.565%	     0.000	        1
	                             reshape 364	        1	     0.127	     0.009%	    98.575%	     0.000	        1
	                                 mul 659	        1	     0.127	     0.009%	    98.584%	     0.000	        1
	                                 mul 470	        1	     0.127	     0.009%	    98.593%	     0.000	        1
	                            subtract 399	        1	     0.126	     0.009%	    98.603%	     0.000	        1
	                            subtract 377	        1	     0.126	     0.009%	    98.612%	     0.000	        1
	                              square 504	        1	     0.126	     0.009%	    98.621%	     0.000	        1
	                             reshape 421	        1	     0.126	     0.009%	    98.630%	     0.000	        1
	                                 mul 385	        1	     0.126	     0.009%	    98.640%	     0.000	        1
	                             reshape 427	        1	     0.125	     0.009%	    98.649%	     0.000	        1
	                                 mul 407	        1	     0.125	     0.009%	    98.658%	     0.000	        1
	                           transpose 910	        1	     0.124	     0.009%	    98.667%	     0.000	        1
	                 winograd_4x4_to_36 1004	        1	     0.118	     0.009%	    98.676%	     0.000	        1
	                           transpose 928	        1	     0.117	     0.009%	    98.684%	     0.000	        1
	       reshape 925 -> mul 926 -> add 927	        1	     0.117	     0.009%	    98.693%	     0.000	        1
	                            reshape 1119	        1	     0.115	     0.008%	    98.701%	     0.000	        1
	    reshape 1133 -> mul 1134 -> add 1135	        1	     0.108	     0.008%	    98.709%	     0.000	        1
	                            reshape 1014	        1	     0.104	     0.008%	    98.717%	     0.000	        1
	                               relu 1210	        1	     0.103	     0.008%	    98.725%	     0.000	        1
	                  reshape 908 -> add 909	        1	     0.101	     0.007%	    98.732%	     0.000	        1
	                  reshape 859 -> add 860	        1	     0.101	     0.007%	    98.739%	     0.000	        1
	                         reduce_sum 1120	        1	     0.100	     0.007%	    98.747%	     0.000	        1
	                              slice 1094	        1	     0.099	     0.007%	    98.754%	     0.000	        1
	                  reshape 881 -> add 882	        1	     0.099	     0.007%	    98.761%	     0.000	        1
	                         reduce_sum 1126	        1	     0.099	     0.007%	    98.769%	     0.000	        1
	    reshape 1028 -> mul 1029 -> add 1030	        1	     0.097	     0.007%	    98.776%	     0.000	        1
	                  reshape 905 -> add 906	        1	     0.096	     0.007%	    98.783%	     0.000	        1
	                               copy 1293	        1	     0.095	     0.007%	    98.790%	     0.000	        1
	                                mul 1195	        1	     0.094	     0.007%	    98.797%	     0.000	        1
	                            reshape 1156	        1	     0.093	     0.007%	    98.803%	     0.000	        1
	                            reshape 1154	        1	     0.093	     0.007%	    98.810%	     0.000	        1
	                            reshape 1176	        1	     0.092	     0.007%	    98.817%	     0.000	        1
	                           subtract 1187	        1	     0.091	     0.007%	    98.824%	     0.000	        1
	                           subtract 1143	        1	     0.091	     0.007%	    98.830%	     0.000	        1
	                             square 1188	        1	     0.091	     0.007%	    98.837%	     0.000	        1
	                             square 1144	        1	     0.091	     0.007%	    98.844%	     0.000	        1
	                            reshape 1178	        1	     0.091	     0.007%	    98.850%	     0.000	        1
	        mul 1151 -> mul 1152 -> add 1153	        1	     0.091	     0.007%	    98.857%	     0.000	        1
	                               copy 1297	        1	     0.091	     0.007%	    98.864%	     0.000	        1
	                                add 1177	        1	     0.091	     0.007%	    98.871%	     0.000	        1
	                                add 1155	        1	     0.091	     0.007%	    98.877%	     0.000	        1
	                             square 1166	        1	     0.090	     0.007%	    98.884%	     0.000	        1
	                             square 1125	        1	     0.090	     0.007%	    98.890%	     0.000	        1
	                            reshape 1098	        1	     0.090	     0.007%	    98.897%	     0.000	        1
	        mul 1173 -> mul 1174 -> add 1175	        1	     0.090	     0.007%	    98.904%	     0.000	        1
	                               copy 1294	        1	     0.090	     0.007%	    98.910%	     0.000	        1
	                               copy 1290	        1	     0.090	     0.007%	    98.917%	     0.000	        1
	       convolution_winograd_4x4_6x6 1106	        1	     0.090	     0.007%	    98.924%	     0.000	        1
	                           subtract 1165	        1	     0.089	     0.007%	    98.930%	     0.000	        1
	                            reshape 1137	        1	     0.089	     0.007%	    98.937%	     0.000	        1
	                               copy 1288	        1	     0.089	     0.007%	    98.943%	     0.000	        1
	                               copy 1287	        1	     0.089	     0.007%	    98.950%	     0.000	        1
	                               copy 1286	        1	     0.089	     0.007%	    98.956%	     0.000	        1
	                               copy 1296	        1	     0.088	     0.006%	    98.963%	     0.000	        1
	                               copy 1295	        1	     0.088	     0.006%	    98.969%	     0.000	        1
	                               copy 1289	        1	     0.088	     0.006%	    98.976%	     0.000	        1
	                               relu 1216	        1	     0.087	     0.006%	    98.982%	     0.000	        1
	                               copy 1298	        1	     0.086	     0.006%	    98.988%	     0.000	        1
	       convolution_winograd_4x4_6x6 1112	        1	     0.086	     0.006%	    98.995%	     0.000	        1
	       convolution_winograd_4x4_6x6 1108	        1	     0.086	     0.006%	    99.001%	     0.000	        1
	                          reduce_sum 275	        1	     0.085	     0.006%	    99.007%	     0.000	        1
	                               copy 1291	        1	     0.085	     0.006%	    99.013%	     0.000	        1
	       convolution_winograd_4x4_6x6 1114	        1	     0.085	     0.006%	    99.020%	     0.000	        1
	                 winograd_4x4_to_36 1005	        1	     0.084	     0.006%	    99.026%	     0.000	        1
	                 winograd_4x4_to_36 1003	        1	     0.084	     0.006%	    99.032%	     0.000	        1
	                          reduce_sum 338	        1	     0.084	     0.006%	    99.038%	     0.000	        1
	                           reduce_sum 23	        1	     0.084	     0.006%	    99.044%	     0.000	        1
	                             reshape 854	        1	     0.083	     0.006%	    99.051%	     0.000	        1
	                           reduce_sum 64	        1	     0.083	     0.006%	    99.057%	     0.000	        1
	                           reduce_sum 86	        1	     0.082	     0.006%	    99.063%	     0.000	        1
	                          reduce_sum 316	        1	     0.082	     0.006%	    99.069%	     0.000	        1
	                          reduce_sum 253	        1	     0.082	     0.006%	    99.075%	     0.000	        1
	                          transpose 1031	        1	     0.081	     0.006%	    99.081%	     0.000	        1
	                          reduce_sum 757	        1	     0.081	     0.006%	    99.087%	     0.000	        1
	                          reduce_sum 716	        1	     0.081	     0.006%	    99.093%	     0.000	        1
	                          reduce_sum 694	        1	     0.081	     0.006%	    99.098%	     0.000	        1
	                          reduce_sum 505	        1	     0.081	     0.006%	    99.104%	     0.000	        1
	                          reduce_sum 212	        1	     0.081	     0.006%	    99.110%	     0.000	        1
	                          reduce_sum 190	        1	     0.081	     0.006%	    99.116%	     0.000	        1
	                          reduce_sum 149	        1	     0.081	     0.006%	    99.122%	     0.000	        1
	                          reduce_sum 127	        1	     0.081	     0.006%	    99.128%	     0.000	        1
	                          reduce_sum 820	        1	     0.080	     0.006%	    99.134%	     0.000	        1
	                          reduce_sum 785	        1	     0.080	     0.006%	    99.140%	     0.000	        1
	                          reduce_sum 653	        1	     0.080	     0.006%	    99.146%	     0.000	        1
	                          reduce_sum 631	        1	     0.080	     0.006%	    99.152%	     0.000	        1
	                          reduce_sum 568	        1	     0.080	     0.006%	    99.158%	     0.000	        1
	                          reduce_sum 527	        1	     0.080	     0.006%	    99.163%	     0.000	        1
	                          reduce_sum 442	        1	     0.080	     0.006%	    99.169%	     0.000	        1
	                           reduce_sum 17	        1	     0.080	     0.006%	    99.175%	     0.000	        1
	                          reduce_sum 590	        1	     0.079	     0.006%	    99.181%	     0.000	        1
	                           reduce_sum 58	        1	     0.079	     0.006%	    99.187%	     0.000	        1
	                          reduce_sum 401	        1	     0.079	     0.006%	    99.193%	     0.000	        1
	                          reduce_sum 247	        1	     0.079	     0.006%	    99.198%	     0.000	        1
	                          reduce_sum 184	        1	     0.079	     0.006%	    99.204%	     0.000	        1
	                                mul 1132	        1	     0.079	     0.006%	    99.210%	     0.000	        1
	                           subtract 1124	        1	     0.078	     0.006%	    99.216%	     0.000	        1
	                reshape 1140 -> mul 1141	        1	     0.078	     0.006%	    99.222%	     0.000	        1
	                           reduce_sum 80	        1	     0.078	     0.006%	    99.227%	     0.000	        1
	                          reduce_sum 751	        1	     0.078	     0.006%	    99.233%	     0.000	        1
	                          reduce_sum 688	        1	     0.078	     0.006%	    99.239%	     0.000	        1
	                          reduce_sum 562	        1	     0.078	     0.006%	    99.244%	     0.000	        1
	                          reduce_sum 379	        1	     0.078	     0.006%	    99.250%	     0.000	        1
	                          reduce_sum 310	        1	     0.078	     0.006%	    99.256%	     0.000	        1
	                          reduce_sum 269	        1	     0.078	     0.006%	    99.262%	     0.000	        1
	                          reduce_sum 143	        1	     0.078	     0.006%	    99.267%	     0.000	        1
	                          reduce_sum 121	        1	     0.078	     0.006%	    99.273%	     0.000	        1
	                          transpose 1013	        1	     0.077	     0.006%	    99.279%	     0.000	        1
	                          reduce_sum 710	        1	     0.077	     0.006%	    99.284%	     0.000	        1
	                          reduce_sum 625	        1	     0.077	     0.006%	    99.290%	     0.000	        1
	                          reduce_sum 521	        1	     0.077	     0.006%	    99.296%	     0.000	        1
	                          reduce_sum 499	        1	     0.077	     0.006%	    99.301%	     0.000	        1
	                          reduce_sum 436	        1	     0.077	     0.006%	    99.307%	     0.000	        1
	                          reduce_sum 373	        1	     0.077	     0.006%	    99.313%	     0.000	        1
	                          reduce_sum 332	        1	     0.077	     0.006%	    99.318%	     0.000	        1
	                          reduce_sum 206	        1	     0.077	     0.006%	    99.324%	     0.000	        1
	                          reduce_sum 647	        1	     0.076	     0.006%	    99.330%	     0.000	        1
	                          reduce_sum 584	        1	     0.076	     0.006%	    99.335%	     0.000	        1
	                          reduce_sum 458	        1	     0.076	     0.006%	    99.341%	     0.000	        1
	                          reduce_sum 395	        1	     0.076	     0.006%	    99.346%	     0.000	        1
	                          reduce_sum 826	        1	     0.074	     0.005%	    99.352%	     0.000	        1
	winograd_36_to_4x4 1108 -> add 1109 -> add 1110	        1	     0.072	     0.005%	    99.357%	     0.000	        1
	                             reshape 876	        1	     0.072	     0.005%	    99.362%	     0.000	        1
	                             reshape 856	        1	     0.072	     0.005%	    99.368%	     0.000	        1
	                reshape 1184 -> mul 1185	        1	     0.072	     0.005%	    99.373%	     0.000	        1
	                reshape 1162 -> mul 1163	        1	     0.072	     0.005%	    99.378%	     0.000	        1
	    reshape 1146 -> mul 1147 -> add 1148	        1	     0.072	     0.005%	    99.384%	     0.000	        1
	                          reduce_sum 464	        1	     0.072	     0.005%	    99.389%	     0.000	        1
	                              square 844	        1	     0.071	     0.005%	    99.394%	     0.000	        1
	    reshape 1190 -> mul 1191 -> add 1192	        1	     0.071	     0.005%	    99.399%	     0.000	        1
	                               copy 1251	        1	     0.071	     0.005%	    99.404%	     0.000	        1
	                             reshape 837	        1	     0.070	     0.005%	    99.410%	     0.000	        1
	    reshape 1168 -> mul 1169 -> add 1170	        1	     0.070	     0.005%	    99.415%	     0.000	        1
	                              square 888	        1	     0.069	     0.005%	    99.420%	     0.000	        1
	                              square 866	        1	     0.069	     0.005%	    99.425%	     0.000	        1
	                              square 825	        1	     0.069	     0.005%	    99.430%	     0.000	        1
	                                 add 877	        1	     0.069	     0.005%	    99.435%	     0.000	        1
	                               copy 1254	        1	     0.068	     0.005%	    99.440%	     0.000	        1
	                               copy 1246	        1	     0.068	     0.005%	    99.445%	     0.000	        1
	                             reshape 878	        1	     0.067	     0.005%	    99.450%	     0.000	        1
	                               copy 1252	        1	     0.066	     0.005%	    99.455%	     0.000	        1
	                               copy 1247	        1	     0.066	     0.005%	    99.460%	     0.000	        1
	                               copy 1255	        1	     0.065	     0.005%	    99.464%	     0.000	        1
	                               copy 1253	        1	     0.065	     0.005%	    99.469%	     0.000	        1
	                               copy 1248	        1	     0.065	     0.005%	    99.474%	     0.000	        1
	                               copy 1245	        1	     0.065	     0.005%	    99.479%	     0.000	        1
	                               copy 1249	        1	     0.064	     0.005%	    99.483%	     0.000	        1
	                                 mul 895	        1	     0.063	     0.005%	    99.488%	     0.000	        1
	                               copy 1256	        1	     0.063	     0.005%	    99.493%	     0.000	        1
	           mul 851 -> mul 852 -> add 853	        1	     0.062	     0.005%	    99.497%	     0.000	        1
	           mul 873 -> mul 874 -> add 875	        1	     0.061	     0.004%	    99.502%	     0.000	        1
	     winograd_36_to_4x4 1114 -> add 1115	        1	     0.060	     0.004%	    99.506%	     0.000	        1
	                                 mul 832	        1	     0.059	     0.004%	    99.511%	     0.000	        1
	                                 add 855	        1	     0.058	     0.004%	    99.515%	     0.000	        1
	                            subtract 865	        1	     0.056	     0.004%	    99.519%	     0.000	        1
	                            subtract 887	        1	     0.055	     0.004%	    99.523%	     0.000	        1
	                            subtract 843	        1	     0.055	     0.004%	    99.527%	     0.000	        1
	                         reduce_sum 1167	        1	     0.052	     0.004%	    99.531%	     0.000	        1
	                             resize 1116	        1	     0.051	     0.004%	    99.535%	     0.000	        1
	                  reshape 752 -> mul 753	        1	     0.051	     0.004%	    99.538%	     0.000	        1
	                  reshape 689 -> mul 690	        1	     0.051	     0.004%	    99.542%	     0.000	        1
	                    reshape 59 -> mul 60	        1	     0.051	     0.004%	    99.546%	     0.000	        1
	                  reshape 500 -> mul 501	        1	     0.051	     0.004%	    99.550%	     0.000	        1
	                  reshape 374 -> mul 375	        1	     0.051	     0.004%	    99.553%	     0.000	        1
	                  reshape 311 -> mul 312	        1	     0.051	     0.004%	    99.557%	     0.000	        1
	                  reshape 248 -> mul 249	        1	     0.051	     0.004%	    99.561%	     0.000	        1
	                  reshape 122 -> mul 123	        1	     0.051	     0.004%	    99.565%	     0.000	        1
	                         reduce_sum 1189	        1	     0.051	     0.004%	    99.568%	     0.000	        1
	                         reduce_sum 1161	        1	     0.051	     0.004%	    99.572%	     0.000	        1
	                         reduce_sum 1145	        1	     0.051	     0.004%	    99.576%	     0.000	        1
	                  reshape 626 -> mul 627	        1	     0.050	     0.004%	    99.579%	     0.000	        1
	                  reshape 563 -> mul 564	        1	     0.050	     0.004%	    99.583%	     0.000	        1
	                  reshape 437 -> mul 438	        1	     0.050	     0.004%	    99.587%	     0.000	        1
	                  reshape 185 -> mul 186	        1	     0.050	     0.004%	    99.590%	     0.000	        1
	                         reduce_sum 1183	        1	     0.050	     0.004%	    99.594%	     0.000	        1
	                            subtract 824	        1	     0.049	     0.004%	    99.598%	     0.000	        1
	                  reshape 951 -> add 952	        1	     0.049	     0.004%	    99.601%	     0.000	        1
	                reshape 1000 -> add 1001	        1	     0.049	     0.004%	    99.605%	     0.000	        1
	                     convolution_2d 1033	        1	     0.048	     0.004%	    99.608%	     0.000	        1
	                  reshape 997 -> add 998	        1	     0.047	     0.003%	    99.612%	     0.000	        1
	                  reshape 973 -> add 974	        1	     0.047	     0.003%	    99.615%	     0.000	        1
	                  reshape 840 -> mul 841	        1	     0.047	     0.003%	    99.619%	     0.000	        1
	       reshape 506 -> mul 507 -> add 508	        1	     0.047	     0.003%	    99.622%	     0.000	        1
	                 winograd_4x4_to_36 1106	        1	     0.046	     0.003%	    99.626%	     0.000	        1
	       reshape 632 -> mul 633 -> add 634	        1	     0.046	     0.003%	    99.629%	     0.000	        1
	       reshape 254 -> mul 255 -> add 256	        1	     0.046	     0.003%	    99.632%	     0.000	        1
	                reshape 1035 -> mul 1036	        1	     0.046	     0.003%	    99.636%	     0.000	        1
	                          reduce_sum 861	        1	     0.046	     0.003%	    99.639%	     0.000	        1
	                  reshape 780 -> mul 781	        1	     0.045	     0.003%	    99.643%	     0.000	        1
	       reshape 758 -> mul 759 -> add 760	        1	     0.045	     0.003%	    99.646%	     0.000	        1
	       reshape 695 -> mul 696 -> add 697	        1	     0.045	     0.003%	    99.649%	     0.000	        1
	          reshape 65 -> mul 66 -> add 67	        1	     0.045	     0.003%	    99.652%	     0.000	        1
	       reshape 569 -> mul 570 -> add 571	        1	     0.045	     0.003%	    99.656%	     0.000	        1
	                  reshape 522 -> mul 523	        1	     0.045	     0.003%	    99.659%	     0.000	        1
	       reshape 443 -> mul 444 -> add 445	        1	     0.045	     0.003%	    99.662%	     0.000	        1
	       reshape 380 -> mul 381 -> add 382	        1	     0.045	     0.003%	    99.666%	     0.000	        1
	       reshape 317 -> mul 318 -> add 319	        1	     0.045	     0.003%	    99.669%	     0.000	        1
	       reshape 191 -> mul 192 -> add 193	        1	     0.045	     0.003%	    99.672%	     0.000	        1
	                    reshape 18 -> mul 19	        1	     0.045	     0.003%	    99.676%	     0.000	        1
	       reshape 128 -> mul 129 -> add 130	        1	     0.045	     0.003%	    99.679%	     0.000	        1
	                         reduce_sum 1139	        1	     0.045	     0.003%	    99.682%	     0.000	        1
	    winograd_36_to_4x4 1106 -> relu 1107	        1	     0.044	     0.003%	    99.685%	     0.000	        1
	                  reshape 862 -> mul 863	        1	     0.044	     0.003%	    99.689%	     0.000	        1
	                  reshape 648 -> mul 649	        1	     0.044	     0.003%	    99.692%	     0.000	        1
	                  reshape 585 -> mul 586	        1	     0.044	     0.003%	    99.695%	     0.000	        1
	       reshape 339 -> mul 340 -> add 341	        1	     0.044	     0.003%	    99.698%	     0.000	        1
	                  reshape 207 -> mul 208	        1	     0.044	     0.003%	    99.702%	     0.000	        1
	                     convolution_2d 1102	        1	     0.044	     0.003%	    99.705%	     0.000	        1
	                     convolution_2d 1075	        1	     0.044	     0.003%	    99.708%	     0.000	        1
	                     convolution_2d 1074	        1	     0.044	     0.003%	    99.711%	     0.000	        1
	                     convolution_2d 1053	        1	     0.044	     0.003%	    99.715%	     0.000	        1
	                     convolution_2d 1052	        1	     0.044	     0.003%	    99.718%	     0.000	        1
	                    reshape 81 -> mul 82	        1	     0.043	     0.003%	    99.721%	     0.000	        1
	                  reshape 711 -> mul 712	        1	     0.043	     0.003%	    99.724%	     0.000	        1
	                  reshape 459 -> mul 460	        1	     0.043	     0.003%	    99.727%	     0.000	        1
	                  reshape 396 -> mul 397	        1	     0.043	     0.003%	    99.730%	     0.000	        1
	                  reshape 333 -> mul 334	        1	     0.043	     0.003%	    99.734%	     0.000	        1
	                  reshape 270 -> mul 271	        1	     0.043	     0.003%	    99.737%	     0.000	        1
	          reshape 24 -> mul 25 -> add 26	        1	     0.043	     0.003%	    99.740%	     0.000	        1
	                  reshape 144 -> mul 145	        1	     0.043	     0.003%	    99.743%	     0.000	        1
	                          reduce_sum 867	        1	     0.043	     0.003%	    99.746%	     0.000	        1
	                          reduce_sum 845	        1	     0.043	     0.003%	    99.749%	     0.000	        1
	                     convolution_2d 1012	        1	     0.043	     0.003%	    99.752%	     0.000	        1
	       reshape 846 -> mul 847 -> add 848	        1	     0.042	     0.003%	    99.756%	     0.000	        1
	                          reduce_sum 883	        1	     0.042	     0.003%	    99.759%	     0.000	        1
	          reshape 87 -> mul 88 -> add 89	        1	     0.041	     0.003%	    99.762%	     0.000	        1
	       reshape 786 -> mul 787 -> add 788	        1	     0.041	     0.003%	    99.765%	     0.000	        1
	    reshape 1041 -> mul 1042 -> add 1043	        1	     0.041	     0.003%	    99.768%	     0.000	        1
	                          reduce_sum 931	        1	     0.041	     0.003%	    99.771%	     0.000	        1
	                          reduce_sum 889	        1	     0.041	     0.003%	    99.774%	     0.000	        1
	    winograd_36_to_4x4 1112 -> relu 1113	        1	     0.040	     0.003%	    99.777%	     0.000	        1
	                 winograd_36_to_4x4 1004	        1	     0.040	     0.003%	    99.780%	     0.000	        1
	                  reshape 884 -> mul 885	        1	     0.040	     0.003%	    99.783%	     0.000	        1
	       reshape 868 -> mul 869 -> add 870	        1	     0.040	     0.003%	    99.785%	     0.000	        1
	       reshape 717 -> mul 718 -> add 719	        1	     0.040	     0.003%	    99.788%	     0.000	        1
	       reshape 654 -> mul 655 -> add 656	        1	     0.040	     0.003%	    99.791%	     0.000	        1
	       reshape 591 -> mul 592 -> add 593	        1	     0.040	     0.003%	    99.794%	     0.000	        1
	       reshape 528 -> mul 529 -> add 530	        1	     0.040	     0.003%	    99.797%	     0.000	        1
	       reshape 465 -> mul 466 -> add 467	        1	     0.040	     0.003%	    99.800%	     0.000	        1
	       reshape 402 -> mul 403 -> add 404	        1	     0.040	     0.003%	    99.803%	     0.000	        1
	       reshape 276 -> mul 277 -> add 278	        1	     0.040	     0.003%	    99.806%	     0.000	        1
	       reshape 213 -> mul 214 -> add 215	        1	     0.040	     0.003%	    99.809%	     0.000	        1
	       reshape 150 -> mul 151 -> add 152	        1	     0.040	     0.003%	    99.812%	     0.000	        1
	                               copy 1244	        1	     0.040	     0.003%	    99.815%	     0.000	        1
	       reshape 890 -> mul 891 -> add 892	        1	     0.038	     0.003%	    99.818%	     0.000	        1
	                reshape 1079 -> mul 1080	        1	     0.038	     0.003%	    99.820%	     0.000	        1
	    reshape 1063 -> mul 1064 -> add 1065	        1	     0.038	     0.003%	    99.823%	     0.000	        1
	                reshape 1057 -> mul 1058	        1	     0.038	     0.003%	    99.826%	     0.000	        1
	                          reduce_sum 839	        1	     0.038	     0.003%	    99.829%	     0.000	        1
	    reshape 1085 -> mul 1086 -> add 1087	        1	     0.037	     0.003%	    99.832%	     0.000	        1
	       convolution_winograd_4x4_6x6 1009	        1	     0.037	     0.003%	    99.834%	     0.000	        1
	       convolution_winograd_4x4_6x6 1007	        1	     0.037	     0.003%	    99.837%	     0.000	        1
	                          reduce_sum 975	        1	     0.036	     0.003%	    99.840%	     0.000	        1
	                               copy 1258	        1	     0.036	     0.003%	    99.842%	     0.000	        1
	                          reduce_sum 953	        1	     0.035	     0.003%	    99.845%	     0.000	        1
	                          reduce_sum 912	        1	     0.034	     0.002%	    99.847%	     0.000	        1
	                reshape 1103 -> add 1104	        1	     0.033	     0.002%	    99.850%	     0.000	        1
	                               copy 1265	        1	     0.033	     0.002%	    99.852%	     0.000	        1
	                 winograd_4x4_to_36 1114	        1	     0.032	     0.002%	    99.855%	     0.000	        1
	                 winograd_4x4_to_36 1112	        1	     0.032	     0.002%	    99.857%	     0.000	        1
	                reshape 1054 -> add 1055	        1	     0.032	     0.002%	    99.859%	     0.000	        1
	                 winograd_4x4_to_36 1108	        1	     0.031	     0.002%	    99.862%	     0.000	        1
	                reshape 1076 -> add 1077	        1	     0.031	     0.002%	    99.864%	     0.000	        1
	                               copy 1267	        1	     0.030	     0.002%	    99.866%	     0.000	        1
	                             reshape 929	        1	     0.029	     0.002%	    99.868%	     0.000	        1
	                          reduce_sum 918	        1	     0.028	     0.002%	    99.870%	     0.000	        1
	                                 add 969	        1	     0.028	     0.002%	    99.872%	     0.000	        1
	                             reshape 968	        1	     0.027	     0.002%	    99.874%	     0.000	        1
	                          reduce_sum 981	        1	     0.027	     0.002%	    99.876%	     0.000	        1
	                          reduce_sum 937	        1	     0.027	     0.002%	    99.878%	     0.000	        1
	                               copy 1270	        1	     0.027	     0.002%	    99.880%	     0.000	        1
	                             reshape 946	        1	     0.026	     0.002%	    99.882%	     0.000	        1
	                          reduce_sum 959	        1	     0.026	     0.002%	    99.884%	     0.000	        1
	                               copy 1269	        1	     0.026	     0.002%	    99.886%	     0.000	        1
	                             reshape 970	        1	     0.025	     0.002%	    99.888%	     0.000	        1
	                reshape 1100 -> add 1101	        1	     0.025	     0.002%	    99.890%	     0.000	        1
	                               copy 1268	        1	     0.025	     0.002%	    99.891%	     0.000	        1
	                              square 917	        1	     0.024	     0.002%	    99.893%	     0.000	        1
	                             reshape 948	        1	     0.024	     0.002%	    99.895%	     0.000	        1
	                               copy 1266	        1	     0.024	     0.002%	    99.897%	     0.000	        1
	                               copy 1263	        1	     0.024	     0.002%	    99.898%	     0.000	        1
	                               copy 1261	        1	     0.024	     0.002%	    99.900%	     0.000	        1
	                               copy 1260	        1	     0.024	     0.002%	    99.902%	     0.000	        1
	                              square 980	        1	     0.023	     0.002%	    99.904%	     0.000	        1
	                              square 936	        1	     0.023	     0.002%	    99.905%	     0.000	        1
	                                 mul 987	        1	     0.023	     0.002%	    99.907%	     0.000	        1
	                               copy 1279	        1	     0.023	     0.002%	    99.909%	     0.000	        1
	                               copy 1272	        1	     0.023	     0.002%	    99.910%	     0.000	        1
	                                 add 947	        1	     0.023	     0.002%	    99.912%	     0.000	        1
	                              square 958	        1	     0.022	     0.002%	    99.914%	     0.000	        1
	           mul 965 -> mul 966 -> add 967	        1	     0.022	     0.002%	    99.915%	     0.000	        1
	           mul 943 -> mul 944 -> add 945	        1	     0.022	     0.002%	    99.917%	     0.000	        1
	                               copy 1259	        1	     0.022	     0.002%	    99.919%	     0.000	        1
	                         reduce_sum 1015	        1	     0.021	     0.002%	    99.920%	     0.000	        1
	                                 mul 924	        1	     0.020	     0.001%	    99.922%	     0.000	        1
	                               copy 1262	        1	     0.020	     0.001%	    99.923%	     0.000	        1
	     winograd_36_to_4x4 1009 -> add 1010	        1	     0.019	     0.001%	    99.925%	     0.000	        1
	                               relu 1105	        1	     0.019	     0.001%	    99.926%	     0.000	        1
	                            reshape 1049	        1	     0.018	     0.001%	    99.927%	     0.000	        1
	                         reduce_sum 1021	        1	     0.018	     0.001%	    99.929%	     0.000	        1
	                 winograd_4x4_to_36 1009	        1	     0.017	     0.001%	    99.930%	     0.000	        1
	                 winograd_4x4_to_36 1007	        1	     0.017	     0.001%	    99.931%	     0.000	        1
	                            reshape 1071	        1	     0.016	     0.001%	    99.932%	     0.000	        1
	    winograd_36_to_4x4 1007 -> relu 1008	        1	     0.015	     0.001%	    99.933%	     0.000	        1
	                            subtract 979	        1	     0.015	     0.001%	    99.934%	     0.000	        1
	                            subtract 935	        1	     0.015	     0.001%	    99.936%	     0.000	        1
	       reshape 982 -> mul 983 -> add 984	        1	     0.015	     0.001%	    99.937%	     0.000	        1
	                  reshape 976 -> mul 977	        1	     0.015	     0.001%	    99.938%	     0.000	        1
	       reshape 960 -> mul 961 -> add 962	        1	     0.015	     0.001%	    99.939%	     0.000	        1
	                  reshape 954 -> mul 955	        1	     0.015	     0.001%	    99.940%	     0.000	        1
	       reshape 938 -> mul 939 -> add 940	        1	     0.015	     0.001%	    99.941%	     0.000	        1
	                  reshape 932 -> mul 933	        1	     0.015	     0.001%	    99.942%	     0.000	        1
	                            subtract 916	        1	     0.014	     0.001%	    99.943%	     0.000	        1
	                            reshape 1051	        1	     0.014	     0.001%	    99.944%	     0.000	        1
	                            reshape 1032	        1	     0.014	     0.001%	    99.945%	     0.000	        1
	                            subtract 957	        1	     0.013	     0.001%	    99.946%	     0.000	        1
	                            reshape 1073	        1	     0.013	     0.001%	    99.947%	     0.000	        1
	                                mul 1090	        1	     0.013	     0.001%	    99.948%	     0.000	        1
	        mul 1046 -> mul 1047 -> add 1048	        1	     0.013	     0.001%	    99.949%	     0.000	        1
	                             square 1083	        1	     0.012	     0.001%	    99.950%	     0.000	        1
	                 winograd_36_to_4x4 1005	        1	     0.011	     0.001%	    99.951%	     0.000	        1
	                             square 1039	        1	     0.011	     0.001%	    99.952%	     0.000	        1
	                               relu 1111	        1	     0.011	     0.001%	    99.952%	     0.000	        1
	        mul 1068 -> mul 1069 -> add 1070	        1	     0.011	     0.001%	    99.953%	     0.000	        1
	                               copy 1284	        1	     0.011	     0.001%	    99.954%	     0.000	        1
	                               copy 1281	        1	     0.011	     0.001%	    99.955%	     0.000	        1
	                               copy 1280	        1	     0.011	     0.001%	    99.956%	     0.000	        1
	                               copy 1277	        1	     0.011	     0.001%	    99.956%	     0.000	        1
	                               copy 1276	        1	     0.011	     0.001%	    99.957%	     0.000	        1
	                                add 1050	        1	     0.011	     0.001%	    99.958%	     0.000	        1
	                           subtract 1038	        1	     0.010	     0.001%	    99.959%	     0.000	        1
	                             square 1061	        1	     0.010	     0.001%	    99.959%	     0.000	        1
	                             square 1020	        1	     0.010	     0.001%	    99.960%	     0.000	        1
	                             resize 1011	        1	     0.010	     0.001%	    99.961%	     0.000	        1
	                               copy 1283	        1	     0.010	     0.001%	    99.962%	     0.000	        1
	                               copy 1282	        1	     0.010	     0.001%	    99.962%	     0.000	        1
	                               copy 1275	        1	     0.010	     0.001%	    99.963%	     0.000	        1
	                               copy 1274	        1	     0.010	     0.001%	    99.964%	     0.000	        1
	                                add 1072	        1	     0.010	     0.001%	    99.965%	     0.000	        1
	                           subtract 1082	        1	     0.009	     0.001%	    99.965%	     0.000	        1
	                                mul 1027	        1	     0.009	     0.001%	    99.966%	     0.000	        1
	                               copy 1273	        1	     0.009	     0.001%	    99.967%	     0.000	        1
	                           subtract 1060	        1	     0.008	     0.001%	    99.967%	     0.000	        1
	                           subtract 1019	        1	     0.008	     0.001%	    99.968%	     0.000	        1
	              reshape 1193 -> rsqrt 1194	        1	     0.008	     0.001%	    99.968%	     0.000	        1
	                            reshape 1164	        1	     0.008	     0.001%	    99.969%	     0.000	        1
	                            reshape 1142	        1	     0.008	     0.001%	    99.970%	     0.000	        1
	                reshape 1016 -> mul 1017	        1	     0.008	     0.001%	    99.970%	     0.000	        1
	                            reshape 1186	        1	     0.007	     0.001%	    99.971%	     0.000	        1
	              reshape 1171 -> rsqrt 1172	        1	     0.007	     0.001%	    99.971%	     0.000	        1
	              reshape 1149 -> rsqrt 1150	        1	     0.007	     0.001%	    99.972%	     0.000	        1
	    reshape 1127 -> mul 1128 -> add 1129	        1	     0.007	     0.001%	    99.972%	     0.000	        1
	                reshape 1121 -> mul 1122	        1	     0.007	     0.001%	    99.973%	     0.000	        1
	    reshape 1022 -> mul 1023 -> add 1024	        1	     0.007	     0.001%	    99.973%	     0.000	        1
	                         reduce_sum 1034	        1	     0.007	     0.001%	    99.974%	     0.000	        1
	                  reshape 913 -> mul 914	        1	     0.006	     0.000%	    99.974%	     0.000	        1
	                reshape 871 -> rsqrt 872	        1	     0.006	     0.000%	    99.975%	     0.000	        1
	                  reshape 821 -> mul 822	        1	     0.006	     0.000%	    99.975%	     0.000	        1
	                reshape 698 -> rsqrt 699	        1	     0.006	     0.000%	    99.975%	     0.000	        1
	                reshape 509 -> rsqrt 510	        1	     0.006	     0.000%	    99.976%	     0.000	        1
	                         reduce_sum 1078	        1	     0.006	     0.000%	    99.976%	     0.000	        1
	                         reduce_sum 1056	        1	     0.006	     0.000%	    99.977%	     0.000	        1
	       reshape 919 -> mul 920 -> add 921	        1	     0.005	     0.000%	    99.977%	     0.000	        1
	                  reshape 90 -> rsqrt 91	        1	     0.005	     0.000%	    99.978%	     0.000	        1
	                             reshape 864	        1	     0.005	     0.000%	    99.978%	     0.000	        1
	       reshape 827 -> mul 828 -> add 829	        1	     0.005	     0.000%	    99.978%	     0.000	        1
	                reshape 789 -> rsqrt 790	        1	     0.005	     0.000%	    99.979%	     0.000	        1
	                             reshape 754	        1	     0.005	     0.000%	    99.979%	     0.000	        1
	                reshape 720 -> rsqrt 721	        1	     0.005	     0.000%	    99.979%	     0.000	        1
	                             reshape 691	        1	     0.005	     0.000%	    99.980%	     0.000	        1
	                  reshape 68 -> rsqrt 69	        1	     0.005	     0.000%	    99.980%	     0.000	        1
	                reshape 657 -> rsqrt 658	        1	     0.005	     0.000%	    99.980%	     0.000	        1
	                             reshape 628	        1	     0.005	     0.000%	    99.981%	     0.000	        1
	                reshape 594 -> rsqrt 595	        1	     0.005	     0.000%	    99.981%	     0.000	        1
	                reshape 572 -> rsqrt 573	        1	     0.005	     0.000%	    99.982%	     0.000	        1
	                reshape 531 -> rsqrt 532	        1	     0.005	     0.000%	    99.982%	     0.000	        1
	                             reshape 524	        1	     0.005	     0.000%	    99.982%	     0.000	        1
	                             reshape 502	        1	     0.005	     0.000%	    99.983%	     0.000	        1
	                             reshape 439	        1	     0.005	     0.000%	    99.983%	     0.000	        1
	                reshape 405 -> rsqrt 406	        1	     0.005	     0.000%	    99.983%	     0.000	        1
	                reshape 383 -> rsqrt 384	        1	     0.005	     0.000%	    99.984%	     0.000	        1
	                             reshape 376	        1	     0.005	     0.000%	    99.984%	     0.000	        1
	                reshape 342 -> rsqrt 343	        1	     0.005	     0.000%	    99.984%	     0.000	        1
	                reshape 320 -> rsqrt 321	        1	     0.005	     0.000%	    99.985%	     0.000	        1
	                  reshape 27 -> rsqrt 28	        1	     0.005	     0.000%	    99.985%	     0.000	        1
	                reshape 257 -> rsqrt 258	        1	     0.005	     0.000%	    99.986%	     0.000	        1
	                reshape 216 -> rsqrt 217	        1	     0.005	     0.000%	    99.986%	     0.000	        1
	                reshape 153 -> rsqrt 154	        1	     0.005	     0.000%	    99.986%	     0.000	        1
	              reshape 1130 -> rsqrt 1131	        1	     0.005	     0.000%	    99.987%	     0.000	        1
	                            reshape 1123	        1	     0.005	     0.000%	    99.987%	     0.000	        1
	              reshape 1044 -> rsqrt 1045	        1	     0.005	     0.000%	    99.987%	     0.000	        1
	              reshape 1025 -> rsqrt 1026	        1	     0.005	     0.000%	    99.988%	     0.000	        1
	                         reduce_sum 1084	        1	     0.005	     0.000%	    99.988%	     0.000	        1
	                         reduce_sum 1040	        1	     0.005	     0.000%	    99.988%	     0.000	        1
	                             reshape 934	        1	     0.004	     0.000%	    99.989%	     0.000	        1
	                             reshape 886	        1	     0.004	     0.000%	    99.989%	     0.000	        1
	                reshape 849 -> rsqrt 850	        1	     0.004	     0.000%	    99.989%	     0.000	        1
	                             reshape 842	        1	     0.004	     0.000%	    99.990%	     0.000	        1
	                              reshape 83	        1	     0.004	     0.000%	    99.990%	     0.000	        1
	                             reshape 782	        1	     0.004	     0.000%	    99.990%	     0.000	        1
	                             reshape 713	        1	     0.004	     0.000%	    99.991%	     0.000	        1
	                reshape 635 -> rsqrt 636	        1	     0.004	     0.000%	    99.991%	     0.000	        1
	                              reshape 61	        1	     0.004	     0.000%	    99.991%	     0.000	        1
	                             reshape 565	        1	     0.004	     0.000%	    99.991%	     0.000	        1
	                reshape 468 -> rsqrt 469	        1	     0.004	     0.000%	    99.992%	     0.000	        1
	                reshape 446 -> rsqrt 447	        1	     0.004	     0.000%	    99.992%	     0.000	        1
	                             reshape 398	        1	     0.004	     0.000%	    99.992%	     0.000	        1
	                             reshape 335	        1	     0.004	     0.000%	    99.993%	     0.000	        1
	                reshape 279 -> rsqrt 280	        1	     0.004	     0.000%	    99.993%	     0.000	        1
	                             reshape 250	        1	     0.004	     0.000%	    99.993%	     0.000	        1
	                             reshape 187	        1	     0.004	     0.000%	    99.994%	     0.000	        1
	                             reshape 146	        1	     0.004	     0.000%	    99.994%	     0.000	        1
	                reshape 131 -> rsqrt 132	        1	     0.004	     0.000%	    99.994%	     0.000	        1
	              reshape 1088 -> rsqrt 1089	        1	     0.004	     0.000%	    99.994%	     0.000	        1
	                            reshape 1081	        1	     0.004	     0.000%	    99.995%	     0.000	        1
	              reshape 1066 -> rsqrt 1067	        1	     0.004	     0.000%	    99.995%	     0.000	        1
	                            reshape 1059	        1	     0.004	     0.000%	    99.995%	     0.000	        1
	                            reshape 1037	        1	     0.004	     0.000%	    99.996%	     0.000	        1
	                         reduce_sum 1062	        1	     0.004	     0.000%	    99.996%	     0.000	        1
	                             reshape 956	        1	     0.003	     0.000%	    99.996%	     0.000	        1
	                reshape 922 -> rsqrt 923	        1	     0.003	     0.000%	    99.996%	     0.000	        1
	                             reshape 915	        1	     0.003	     0.000%	    99.997%	     0.000	        1
	                reshape 893 -> rsqrt 894	        1	     0.003	     0.000%	    99.997%	     0.000	        1
	                reshape 830 -> rsqrt 831	        1	     0.003	     0.000%	    99.997%	     0.000	        1
	                reshape 761 -> rsqrt 762	        1	     0.003	     0.000%	    99.997%	     0.000	        1
	                             reshape 650	        1	     0.003	     0.000%	    99.997%	     0.000	        1
	                             reshape 587	        1	     0.003	     0.000%	    99.998%	     0.000	        1
	                             reshape 461	        1	     0.003	     0.000%	    99.998%	     0.000	        1
	                             reshape 313	        1	     0.003	     0.000%	    99.998%	     0.000	        1
	                             reshape 272	        1	     0.003	     0.000%	    99.998%	     0.000	        1
	                             reshape 209	        1	     0.003	     0.000%	    99.999%	     0.000	        1
	                              reshape 20	        1	     0.003	     0.000%	    99.999%	     0.000	        1
	                reshape 194 -> rsqrt 195	        1	     0.003	     0.000%	    99.999%	     0.000	        1
	                             reshape 124	        1	     0.003	     0.000%	    99.999%	     0.000	        1
	                            reshape 1018	        1	     0.003	     0.000%	    99.999%	     0.000	        1
	                               relu 1006	        1	     0.003	     0.000%	   100.000%	     0.000	        1
	                             reshape 823	        1	     0.002	     0.000%	   100.000%	     0.000	        1
	                             reshape 978	        1	     0.001	     0.000%	   100.000%	     0.000	        1
	                reshape 963 -> rsqrt 964	        1	     0.001	     0.000%	   100.000%	     0.000	        1
	                reshape 985 -> rsqrt 986	        1	     0.000	     0.000%	   100.000%	     0.000	        1
	                reshape 941 -> rsqrt 942	        1	     0.000	     0.000%	   100.000%	     0.000	        1
	                          reduce_sum 779	        1	     0.000	     0.000%	   100.000%	     0.000	        1

Timings (microseconds): count=10 first=1338366 curr=1362813 min=1338366 max=1373170 avg=1.3614e+06 std=8327
Memory (bytes): count=0
1044 nodes observed



