INFO: STARTING!
INFO: Log parameter values verbosely: [1]
INFO: Min num runs: [10]
INFO: Min runs duration (seconds): [1]
INFO: Max runs duration (seconds): [150]
INFO: Inter-run delay (seconds): [-1]
INFO: Number of prorated runs per second: [-1]
INFO: Num threads: [-1]
INFO: Use caching: [0]
INFO: Benchmark name: []
INFO: Output prefix: []
INFO: Min warmup runs: [1]
INFO: Min warmup runs duration (seconds): [0.5]
INFO: Run w/o invoking kernels: [0]
INFO: Report the peak memory footprint: [0]
INFO: Memory footprint check interval (ms): [50]
INFO: Graph: [/data/local/tmp/vda_benchmark/vda_vits_720x1280_input518_infer8_step.tflite]
INFO: Signature to run: []
INFO: Input layers: []
INFO: Input shapes: []
INFO: Input value ranges: []
INFO: Input value files: []
INFO: Allow fp16: [0]
INFO: Require full delegation: [0]
INFO: Enable op profiling: [1]
INFO: Op profiling output mode.: [stdout]
INFO: Op profiling output file.: []
INFO: Max initial profiling buffer entries: [1024]
INFO: Allow dynamic increase on profiling buffer entries: [0]
INFO: CSV File to export profiling data to: []
INFO: Enable Model Runtime Info Export: [0]
INFO: Proto File to export model runtime info to: []
INFO: Print pre-invoke interpreter state: [0]
INFO: Print post-invoke interpreter state: [0]
INFO: Release dynamic tensor memory: [0]
INFO: Optimize memory usage for large tensors: [0]
INFO: Disable delegate clustering: [0]
INFO: Constant CAST output cache: [0]
INFO: File path to export outputs layer to: []
INFO: File path to export outputs layer as tf example to: []
INFO: Tensor name display length: [25]
INFO: Tensor type display length: [15]
INFO: Tensor allocation type display length: [18]
INFO: print out all supported flags: [0]
INFO: #threads used for CPU inference: [-1]
INFO: Max number of delegated partitions: [0]
INFO: Min nodes per partition: [0]
INFO: Index of the first node that could be delegated: [0]
INFO: Index of the last node that could be delegated: [2147483647]
INFO: Number of GPU delegate invoke loop iterations: [1]
INFO: Directory for delegate serialization: []
INFO: Model-specific token/key for delegate serialization.: []
INFO: External delegate path: []
INFO: External delegate options: []
INFO: Use gpu: [1]
INFO: Allow lower precision in gpu: [1]
INFO: Enable running quant models in gpu: [1]
INFO: Prefer maximizing the throughput in gpu: [0]
INFO: GPU backend: []
INFO: Use Hexagon: [0]
INFO: Hexagon lib path: [/data/local/tmp]
INFO: Hexagon profiling: [0]
INFO: Use NNAPI: [0]
INFO: Use xnnpack: [0]
INFO: xnnpack_force_fp16: [0]
INFO: xnnpack_weight_cache_file_path: []
INFO: Use Slinky: [0]
INFO: Loaded model /data/local/tmp/vda_benchmark/vda_vits_720x1280_input518_infer8_step.tflite
INFO: Initialized TensorFlow Lite runtime.
INFO: GPU delegate created.
INFO: Created TensorFlow Lite delegate for GPU.
INFO: Loaded OpenCL library with dlopen.
VERBOSE: Replacing 1321 out of 1321 node(s) with delegate (TfLiteGpuDelegateV2) node, yielding 1 partitions for subgraph 0.
INFO: Initialized OpenCL-based API.
INFO: Created 1 GPU delegate kernels.
INFO: Explicitly applied GPU delegate, and the model graph will be completely executed by the delegate.
INFO: The input model file size (MB): 124.356
INFO: Initialized session in 6659.52ms.
INFO: Running benchmark for at least 1 iterations and at least 0.5 seconds but terminate if exceeding 150 seconds.
INFO: count=1 curr=3192665 p5=3192665 median=3192665 p95=3192665

INFO: Running benchmark for at least 10 iterations and at least 1 seconds but terminate if exceeding 150 seconds.
INFO: count=10 first=3164728 curr=3191069 min=3080364 max=3191069 avg=3.1634e+06 std=28804 p5=3080364 median=3173656 p95=3191069

INFO: Inference timings in us: Init: 6659525, First inference: 3192665, Warmup (avg): 3.19266e+06, Inference (avg): 3.1634e+06
INFO: Note: as the benchmark tool itself affects memory footprint, the following is only APPROXIMATE to the actual memory footprint of the model at runtime. Take the information at your discretion.
INFO: Memory footprint delta from the start of the tool (MB): init=472.359 overall=622.059
INFO: Profiling Info for Benchmark Initialization:
============================== Run Order ==============================
	                             [node type]	  [first]	 [avg ms]	     [%]	  [cdf%]	  [mem KB]	[times called]	[Name]
	                 ModifyGraphWithDelegate	 6650.443	 6650.443	 99.987%	 99.987%	475036.000	        1	ModifyGraphWithDelegate/0
	                         AllocateTensors	    0.887	    0.887	  0.013%	100.000%	     0.000	        1	AllocateTensors/0

============================== Top by Computation Time ==============================
	                             [node type]	  [first]	 [avg ms]	     [%]	  [cdf%]	  [mem KB]	[times called]	[Name]
	                 ModifyGraphWithDelegate	 6650.443	 6650.443	 99.987%	 99.987%	475036.000	        1	ModifyGraphWithDelegate/0
	                         AllocateTensors	    0.887	    0.887	  0.013%	100.000%	     0.000	        1	AllocateTensors/0

Number of nodes executed: 2
============================== Summary by node type ==============================
	                             [Node type]	  [count]	  [avg ms]	    [avg %]	    [cdf %]	  [mem KB]	[times called]
	                 ModifyGraphWithDelegate	        1	  6650.443	    99.987%	    99.987%	475036.000	        1
	                         AllocateTensors	        1	     0.887	     0.013%	   100.000%	     0.000	        1

Timings (microseconds): count=1 curr=6651330
Memory (bytes): count=0
2 nodes observed



INFO: Operator-wise Profiling Info for Regular Benchmark Runs:
============================== Run Order ==============================
	                             [node type]	  [first]	 [avg ms]	     [%]	  [cdf%]	  [mem KB]	[times called]	[Name]
	                                   mul 0	    0.543	    0.547	  0.036%	  0.036%	     0.000	        1	Delegate/mul 0:0
	                             transpose 1	    4.253	    4.296	  0.287%	  0.323%	     0.000	        1	Delegate/transpose 1:1
	                        convolution_2d 2	    8.549	    8.285	  0.553%	  0.876%	     0.000	        1	Delegate/convolution_2d 2:2
	                             transpose 3	    0.828	    0.816	  0.054%	  0.931%	     0.000	        1	Delegate/transpose 3:3
	 convolution_2d 4 -> subtract 5 -> mul 6	    4.062	    3.956	  0.264%	  1.195%	     0.000	        1	Delegate/convolution_2d 4 -> subtract 5 -> mul 6:4
	                               reshape 7	    0.198	    0.183	  0.012%	  1.207%	     0.000	        1	Delegate/reshape 7:5
	                               reshape 8	    1.580	    1.517	  0.101%	  1.308%	     0.000	        1	Delegate/reshape 8:6
	                               reshape 9	    0.310	    0.307	  0.020%	  1.328%	     0.000	        1	Delegate/reshape 9:7
	                              reshape 10	    0.325	    0.318	  0.021%	  1.350%	     0.000	        1	Delegate/reshape 10:8
	                              reshape 11	    0.505	    0.490	  0.033%	  1.382%	     0.000	        1	Delegate/reshape 11:9
	                              reshape 12	    0.542	    0.502	  0.034%	  1.416%	     0.000	        1	Delegate/reshape 12:10
	                              reshape 13	    2.664	    2.519	  0.168%	  1.584%	     0.000	        1	Delegate/reshape 13:11
	                              reshape 14	    2.650	    2.509	  0.167%	  1.751%	     0.000	        1	Delegate/reshape 14:12
	                            transpose 15	    0.567	    0.564	  0.038%	  1.789%	     0.000	        1	Delegate/transpose 15:13
	                       convolution_2d 16	    2.342	    2.322	  0.155%	  1.944%	     0.000	        1	Delegate/convolution_2d 16:14
	                            transpose 17	    0.480	    0.477	  0.032%	  1.976%	     0.000	        1	Delegate/transpose 17:15
	                              reshape 18	    0.741	    0.724	  0.048%	  2.024%	     0.000	        1	Delegate/reshape 18:16
	                            transpose 19	    0.467	    0.464	  0.031%	  2.055%	     0.000	        1	Delegate/transpose 19:17
	                     concat 22 -> add 23	    0.215	    0.209	  0.014%	  2.069%	     0.000	        1	Delegate/concat 22 -> add 23:18
	                           reduce_sum 25	    0.084	    0.080	  0.005%	  2.074%	     0.000	        1	Delegate/reduce_sum 25:19
	                    reshape 26 -> mul 27	    0.047	    0.047	  0.003%	  2.078%	     0.000	        1	Delegate/reshape 26 -> mul 27:20
	                              reshape 28	    0.004	    0.003	  0.000%	  2.078%	     0.000	        1	Delegate/reshape 28:21
	                             subtract 29	    0.139	    0.131	  0.009%	  2.086%	     0.000	        1	Delegate/subtract 29:22
	                               square 30	    0.145	    0.140	  0.009%	  2.096%	     0.000	        1	Delegate/square 30:23
	                           reduce_sum 31	    0.085	    0.066	  0.004%	  2.100%	     0.000	        1	Delegate/reduce_sum 31:24
	          reshape 32 -> mul 33 -> add 34	    0.044	    0.043	  0.003%	  2.103%	     0.000	        1	Delegate/reshape 32 -> mul 33 -> add 34:25
	                  reshape 35 -> rsqrt 36	    0.006	    0.006	  0.000%	  2.103%	     0.000	        1	Delegate/reshape 35 -> rsqrt 36:26
	                                  mul 37	    0.136	    0.133	  0.009%	  2.112%	     0.000	        1	Delegate/mul 37:27
	                       convolution_2d 40	    3.838	    3.826	  0.255%	  2.368%	     0.000	        1	Delegate/convolution_2d 40:28
	                      slice 41 -> mul 47	    0.141	    0.136	  0.009%	  2.377%	     0.000	        1	Delegate/slice 41 -> mul 47:29
	                                slice 42	    0.143	    0.139	  0.009%	  2.386%	     0.000	        1	Delegate/slice 42:30
	                                slice 43	    0.137	    0.134	  0.009%	  2.395%	     0.000	        1	Delegate/slice 43:31
	                              reshape 44	    0.153	    0.144	  0.010%	  2.405%	     0.000	        1	Delegate/reshape 44:32
	                              reshape 45	    0.145	    0.139	  0.009%	  2.414%	     0.000	        1	Delegate/reshape 45:33
	                            transpose 46	    0.339	    0.319	  0.021%	  2.435%	     0.000	        1	Delegate/transpose 46:34
	                              reshape 48	    0.140	    0.134	  0.009%	  2.444%	     0.000	        1	Delegate/reshape 48:35
	                            transpose 49	    0.328	    0.314	  0.021%	  2.465%	     0.000	        1	Delegate/transpose 49:36
	                            transpose 50	    0.380	    0.376	  0.025%	  2.490%	     0.000	        1	Delegate/transpose 50:37
	                              reshape 51	    0.135	    0.131	  0.009%	  2.499%	     0.000	        1	Delegate/reshape 51:38
	                              reshape 52	    0.390	    0.395	  0.026%	  2.525%	     0.000	        1	Delegate/reshape 52:39
	                mat_mul_reshape_input 53	    0.269	    0.265	  0.018%	  2.543%	     0.000	        1	Delegate/mat_mul_reshape_input 53:40
	          bhwc_tensor_to_conv_weights 53	    0.593	    0.581	  0.039%	  2.582%	     0.000	        1	Delegate/bhwc_tensor_to_conv_weights 53:41
	               mat_mul_as_convolution 53	    5.682	    5.578	  0.372%	  2.954%	     0.000	        1	Delegate/mat_mul_as_convolution 53:42
	               mat_mul_reshape_output 53	   14.065	   14.056	  0.938%	  3.892%	     0.000	        1	Delegate/mat_mul_reshape_output 53:43
	                              reshape 54	   16.712	   16.604	  1.108%	  5.000%	     0.000	        1	Delegate/reshape 54:44
	                              softmax 55	   11.539	   11.276	  0.752%	  5.753%	     0.000	        1	Delegate/softmax 55:45
	                              reshape 56	   13.662	   13.648	  0.911%	  6.663%	     0.000	        1	Delegate/reshape 56:46
	                              reshape 57	    0.135	    0.131	  0.009%	  6.672%	     0.000	        1	Delegate/reshape 57:47
	                mat_mul_reshape_input 58	   16.896	   16.826	  1.123%	  7.795%	     0.000	        1	Delegate/mat_mul_reshape_input 58:48
	          bhwc_tensor_to_conv_weights 58	    0.342	    0.336	  0.022%	  7.817%	     0.000	        1	Delegate/bhwc_tensor_to_conv_weights 58:49
	               mat_mul_as_convolution 58	    4.435	    4.410	  0.294%	  8.112%	     0.000	        1	Delegate/mat_mul_as_convolution 58:50
	               mat_mul_reshape_output 58	    0.134	    0.134	  0.009%	  8.121%	     0.000	        1	Delegate/mat_mul_reshape_output 58:51
	                              reshape 59	    0.305	    0.301	  0.020%	  8.141%	     0.000	        1	Delegate/reshape 59:52
	                            transpose 60	    0.133	    0.132	  0.009%	  8.150%	     0.000	        1	Delegate/transpose 60:53
	                              reshape 61	    0.488	    0.472	  0.032%	  8.181%	     0.000	        1	Delegate/reshape 61:54
	                       convolution_2d 62	    1.322	    1.319	  0.088%	  8.269%	     0.000	        1	Delegate/convolution_2d 62:55
	          reshape 63 -> mul 64 -> add 65	    0.204	    0.199	  0.013%	  8.282%	     0.000	        1	Delegate/reshape 63 -> mul 64 -> add 65:56
	                           reduce_sum 66	    0.084	    0.078	  0.005%	  8.288%	     0.000	        1	Delegate/reduce_sum 66:57
	                    reshape 67 -> mul 68	    0.053	    0.052	  0.003%	  8.291%	     0.000	        1	Delegate/reshape 67 -> mul 68:58
	                              reshape 69	    0.005	    0.005	  0.000%	  8.291%	     0.000	        1	Delegate/reshape 69:59
	                             subtract 70	    0.133	    0.129	  0.009%	  8.300%	     0.000	        1	Delegate/subtract 70:60
	                               square 71	    0.142	    0.139	  0.009%	  8.309%	     0.000	        1	Delegate/square 71:61
	                           reduce_sum 72	    0.083	    0.081	  0.005%	  8.315%	     0.000	        1	Delegate/reduce_sum 72:62
	          reshape 73 -> mul 74 -> add 75	    0.045	    0.046	  0.003%	  8.318%	     0.000	        1	Delegate/reshape 73 -> mul 74 -> add 75:63
	                  reshape 76 -> rsqrt 77	    0.005	    0.005	  0.000%	  8.318%	     0.000	        1	Delegate/reshape 76 -> rsqrt 77:64
	                                  mul 78	    0.133	    0.131	  0.009%	  8.327%	     0.000	        1	Delegate/mul 78:65
	            convolution_2d 81 -> gelu 82	    5.180	    5.179	  0.346%	  8.672%	     0.000	        1	Delegate/convolution_2d 81 -> gelu 82:66
	                              reshape 83	    0.556	    0.545	  0.036%	  8.709%	     0.000	        1	Delegate/reshape 83:67
	                       convolution_2d 84	    5.184	    5.181	  0.346%	  9.055%	     0.000	        1	Delegate/convolution_2d 84:68
	          reshape 85 -> mul 86 -> add 87	    0.199	    0.192	  0.013%	  9.067%	     0.000	        1	Delegate/reshape 85 -> mul 86 -> add 87:69
	                           reduce_sum 88	    0.080	    0.076	  0.005%	  9.072%	     0.000	        1	Delegate/reduce_sum 88:70
	                    reshape 89 -> mul 90	    0.047	    0.046	  0.003%	  9.075%	     0.000	        1	Delegate/reshape 89 -> mul 90:71
	                              reshape 91	    0.006	    0.005	  0.000%	  9.076%	     0.000	        1	Delegate/reshape 91:72
	                             subtract 92	    0.131	    0.128	  0.009%	  9.084%	     0.000	        1	Delegate/subtract 92:73
	                               square 93	    0.139	    0.137	  0.009%	  9.094%	     0.000	        1	Delegate/square 93:74
	                           reduce_sum 94	    0.086	    0.081	  0.005%	  9.099%	     0.000	        1	Delegate/reduce_sum 94:75
	          reshape 95 -> mul 96 -> add 97	    0.041	    0.042	  0.003%	  9.102%	     0.000	        1	Delegate/reshape 95 -> mul 96 -> add 97:76
	                  reshape 98 -> rsqrt 99	    0.005	    0.005	  0.000%	  9.102%	     0.000	        1	Delegate/reshape 98 -> rsqrt 99:77
	                                 mul 100	    0.136	    0.131	  0.009%	  9.111%	     0.000	        1	Delegate/mul 100:78
	                      convolution_2d 103	    3.825	    3.821	  0.255%	  9.366%	     0.000	        1	Delegate/convolution_2d 103:79
	                    slice 104 -> mul 110	    0.136	    0.134	  0.009%	  9.375%	     0.000	        1	Delegate/slice 104 -> mul 110:80
	                               slice 105	    0.139	    0.137	  0.009%	  9.384%	     0.000	        1	Delegate/slice 105:81
	                               slice 106	    0.134	    0.132	  0.009%	  9.393%	     0.000	        1	Delegate/slice 106:82
	                             reshape 107	    0.146	    0.140	  0.009%	  9.402%	     0.000	        1	Delegate/reshape 107:83
	                             reshape 108	    0.139	    0.137	  0.009%	  9.411%	     0.000	        1	Delegate/reshape 108:84
	                           transpose 109	    0.323	    0.312	  0.021%	  9.432%	     0.000	        1	Delegate/transpose 109:85
	                             reshape 111	    0.135	    0.132	  0.009%	  9.441%	     0.000	        1	Delegate/reshape 111:86
	                           transpose 112	    0.307	    0.307	  0.021%	  9.461%	     0.000	        1	Delegate/transpose 112:87
	                           transpose 113	    0.375	    0.379	  0.025%	  9.487%	     0.000	        1	Delegate/transpose 113:88
	                             reshape 114	    0.134	    0.129	  0.009%	  9.495%	     0.000	        1	Delegate/reshape 114:89
	                             reshape 115	    0.392	    0.395	  0.026%	  9.522%	     0.000	        1	Delegate/reshape 115:90
	               mat_mul_reshape_input 116	    0.270	    0.261	  0.017%	  9.539%	     0.000	        1	Delegate/mat_mul_reshape_input 116:91
	         bhwc_tensor_to_conv_weights 116	    0.582	    0.576	  0.038%	  9.578%	     0.000	        1	Delegate/bhwc_tensor_to_conv_weights 116:92
	              mat_mul_as_convolution 116	    5.435	    5.325	  0.355%	  9.933%	     0.000	        1	Delegate/mat_mul_as_convolution 116:93
	              mat_mul_reshape_output 116	   13.741	   13.725	  0.916%	 10.849%	     0.000	        1	Delegate/mat_mul_reshape_output 116:94
	                             reshape 117	   16.731	   16.595	  1.107%	 11.956%	     0.000	        1	Delegate/reshape 117:95
	                             softmax 118	   11.581	   11.281	  0.753%	 12.709%	     0.000	        1	Delegate/softmax 118:96
	                             reshape 119	   13.663	   13.649	  0.911%	 13.620%	     0.000	        1	Delegate/reshape 119:97
	                             reshape 120	    0.137	    0.132	  0.009%	 13.629%	     0.000	        1	Delegate/reshape 120:98
	               mat_mul_reshape_input 121	   16.950	   16.823	  1.123%	 14.751%	     0.000	        1	Delegate/mat_mul_reshape_input 121:99
	         bhwc_tensor_to_conv_weights 121	    0.337	    0.341	  0.023%	 14.774%	     0.000	        1	Delegate/bhwc_tensor_to_conv_weights 121:100
	              mat_mul_as_convolution 121	    4.439	    4.412	  0.294%	 15.069%	     0.000	        1	Delegate/mat_mul_as_convolution 121:101
	              mat_mul_reshape_output 121	    0.134	    0.134	  0.009%	 15.078%	     0.000	        1	Delegate/mat_mul_reshape_output 121:102
	                             reshape 122	    0.306	    0.303	  0.020%	 15.098%	     0.000	        1	Delegate/reshape 122:103
	                           transpose 123	    0.138	    0.133	  0.009%	 15.107%	     0.000	        1	Delegate/transpose 123:104
	                             reshape 124	    0.479	    0.471	  0.031%	 15.138%	     0.000	        1	Delegate/reshape 124:105
	                      convolution_2d 125	    1.313	    1.317	  0.088%	 15.226%	     0.000	        1	Delegate/convolution_2d 125:106
	       reshape 126 -> mul 127 -> add 128	    0.203	    0.198	  0.013%	 15.239%	     0.000	        1	Delegate/reshape 126 -> mul 127 -> add 128:107
	                          reduce_sum 129	    0.078	    0.078	  0.005%	 15.244%	     0.000	        1	Delegate/reduce_sum 129:108
	                  reshape 130 -> mul 131	    0.051	    0.051	  0.003%	 15.248%	     0.000	        1	Delegate/reshape 130 -> mul 131:109
	                             reshape 132	    0.007	    0.006	  0.000%	 15.248%	     0.000	        1	Delegate/reshape 132:110
	                            subtract 133	    0.129	    0.131	  0.009%	 15.257%	     0.000	        1	Delegate/subtract 133:111
	                              square 134	    0.137	    0.138	  0.009%	 15.266%	     0.000	        1	Delegate/square 134:112
	                          reduce_sum 135	    0.084	    0.082	  0.005%	 15.272%	     0.000	        1	Delegate/reduce_sum 135:113
	       reshape 136 -> mul 137 -> add 138	    0.044	    0.045	  0.003%	 15.275%	     0.000	        1	Delegate/reshape 136 -> mul 137 -> add 138:114
	                reshape 139 -> rsqrt 140	    0.006	    0.005	  0.000%	 15.275%	     0.000	        1	Delegate/reshape 139 -> rsqrt 140:115
	                                 mul 141	    0.132	    0.130	  0.009%	 15.284%	     0.000	        1	Delegate/mul 141:116
	          convolution_2d 144 -> gelu 145	    5.182	    5.179	  0.346%	 15.629%	     0.000	        1	Delegate/convolution_2d 144 -> gelu 145:117
	                             reshape 146	    0.548	    0.544	  0.036%	 15.666%	     0.000	        1	Delegate/reshape 146:118
	                      convolution_2d 147	    5.188	    5.186	  0.346%	 16.012%	     0.000	        1	Delegate/convolution_2d 147:119
	       reshape 148 -> mul 149 -> add 150	    0.194	    0.191	  0.013%	 16.024%	     0.000	        1	Delegate/reshape 148 -> mul 149 -> add 150:120
	                          reduce_sum 151	    0.082	    0.077	  0.005%	 16.030%	     0.000	        1	Delegate/reduce_sum 151:121
	                  reshape 152 -> mul 153	    0.045	    0.045	  0.003%	 16.033%	     0.000	        1	Delegate/reshape 152 -> mul 153:122
	                             reshape 154	    0.006	    0.005	  0.000%	 16.033%	     0.000	        1	Delegate/reshape 154:123
	                            subtract 155	    0.130	    0.128	  0.009%	 16.041%	     0.000	        1	Delegate/subtract 155:124
	                              square 156	    0.138	    0.137	  0.009%	 16.051%	     0.000	        1	Delegate/square 156:125
	                          reduce_sum 157	    0.083	    0.081	  0.005%	 16.056%	     0.000	        1	Delegate/reduce_sum 157:126
	       reshape 158 -> mul 159 -> add 160	    0.042	    0.042	  0.003%	 16.059%	     0.000	        1	Delegate/reshape 158 -> mul 159 -> add 160:127
	                reshape 161 -> rsqrt 162	    0.005	    0.006	  0.000%	 16.059%	     0.000	        1	Delegate/reshape 161 -> rsqrt 162:128
	                                 mul 163	    0.132	    0.131	  0.009%	 16.068%	     0.000	        1	Delegate/mul 163:129
	                      convolution_2d 166	    3.824	    3.822	  0.255%	 16.323%	     0.000	        1	Delegate/convolution_2d 166:130
	                    slice 167 -> mul 173	    0.135	    0.134	  0.009%	 16.332%	     0.000	        1	Delegate/slice 167 -> mul 173:131
	                               slice 168	    0.137	    0.137	  0.009%	 16.341%	     0.000	        1	Delegate/slice 168:132
	                               slice 169	    0.133	    0.132	  0.009%	 16.350%	     0.000	        1	Delegate/slice 169:133
	                             reshape 170	    0.143	    0.141	  0.009%	 16.359%	     0.000	        1	Delegate/reshape 170:134
	                             reshape 171	    0.135	    0.136	  0.009%	 16.368%	     0.000	        1	Delegate/reshape 171:135
	                           transpose 172	    0.316	    0.309	  0.021%	 16.389%	     0.000	        1	Delegate/transpose 172:136
	                             reshape 174	    0.133	    0.133	  0.009%	 16.398%	     0.000	        1	Delegate/reshape 174:137
	                           transpose 175	    0.312	    0.307	  0.020%	 16.418%	     0.000	        1	Delegate/transpose 175:138
	                           transpose 176	    0.390	    0.387	  0.026%	 16.444%	     0.000	        1	Delegate/transpose 176:139
	                             reshape 177	    0.134	    0.133	  0.009%	 16.453%	     0.000	        1	Delegate/reshape 177:140
	                             reshape 178	    0.418	    0.420	  0.028%	 16.481%	     0.000	        1	Delegate/reshape 178:141
	               mat_mul_reshape_input 179	    0.268	    0.265	  0.018%	 16.499%	     0.000	        1	Delegate/mat_mul_reshape_input 179:142
	         bhwc_tensor_to_conv_weights 179	    0.562	    0.569	  0.038%	 16.537%	     0.000	        1	Delegate/bhwc_tensor_to_conv_weights 179:143
	              mat_mul_as_convolution 179	    5.525	    5.505	  0.367%	 16.904%	     0.000	        1	Delegate/mat_mul_as_convolution 179:144
	              mat_mul_reshape_output 179	   14.159	   14.152	  0.944%	 17.849%	     0.000	        1	Delegate/mat_mul_reshape_output 179:145
	                             reshape 180	   16.677	   16.589	  1.107%	 18.956%	     0.000	        1	Delegate/reshape 180:146
	                             softmax 181	   11.438	   11.264	  0.752%	 19.707%	     0.000	        1	Delegate/softmax 181:147
	                             reshape 182	   13.671	   13.650	  0.911%	 20.618%	     0.000	        1	Delegate/reshape 182:148
	                             reshape 183	    0.130	    0.131	  0.009%	 20.627%	     0.000	        1	Delegate/reshape 183:149
	               mat_mul_reshape_input 184	   16.915	   16.829	  1.123%	 21.750%	     0.000	        1	Delegate/mat_mul_reshape_input 184:150
	         bhwc_tensor_to_conv_weights 184	    0.346	    0.338	  0.023%	 21.773%	     0.000	        1	Delegate/bhwc_tensor_to_conv_weights 184:151
	              mat_mul_as_convolution 184	    4.455	    4.416	  0.295%	 22.067%	     0.000	        1	Delegate/mat_mul_as_convolution 184:152
	              mat_mul_reshape_output 184	    0.134	    0.134	  0.009%	 22.076%	     0.000	        1	Delegate/mat_mul_reshape_output 184:153
	                             reshape 185	    0.318	    0.303	  0.020%	 22.096%	     0.000	        1	Delegate/reshape 185:154
	                           transpose 186	    0.135	    0.133	  0.009%	 22.105%	     0.000	        1	Delegate/transpose 186:155
	                             reshape 187	    0.494	    0.473	  0.032%	 22.137%	     0.000	        1	Delegate/reshape 187:156
	                      convolution_2d 188	    1.318	    1.320	  0.088%	 22.225%	     0.000	        1	Delegate/convolution_2d 188:157
	       reshape 189 -> mul 190 -> add 191	    0.200	    0.199	  0.013%	 22.238%	     0.000	        1	Delegate/reshape 189 -> mul 190 -> add 191:158
	                          reduce_sum 192	    0.080	    0.078	  0.005%	 22.243%	     0.000	        1	Delegate/reduce_sum 192:159
	                  reshape 193 -> mul 194	    0.051	    0.051	  0.003%	 22.247%	     0.000	        1	Delegate/reshape 193 -> mul 194:160
	                             reshape 195	    0.005	    0.005	  0.000%	 22.247%	     0.000	        1	Delegate/reshape 195:161
	                            subtract 196	    0.131	    0.129	  0.009%	 22.256%	     0.000	        1	Delegate/subtract 196:162
	                              square 197	    0.139	    0.137	  0.009%	 22.265%	     0.000	        1	Delegate/square 197:163
	                          reduce_sum 198	    0.087	    0.082	  0.005%	 22.270%	     0.000	        1	Delegate/reduce_sum 198:164
	       reshape 199 -> mul 200 -> add 201	    0.045	    0.045	  0.003%	 22.273%	     0.000	        1	Delegate/reshape 199 -> mul 200 -> add 201:165
	                reshape 202 -> rsqrt 203	    0.006	    0.005	  0.000%	 22.274%	     0.000	        1	Delegate/reshape 202 -> rsqrt 203:166
	                                 mul 204	    0.133	    0.131	  0.009%	 22.283%	     0.000	        1	Delegate/mul 204:167
	          convolution_2d 207 -> gelu 208	    5.176	    5.178	  0.346%	 22.628%	     0.000	        1	Delegate/convolution_2d 207 -> gelu 208:168
	                             reshape 209	    0.557	    0.548	  0.037%	 22.665%	     0.000	        1	Delegate/reshape 209:169
	                      convolution_2d 210	    5.184	    5.186	  0.346%	 23.011%	     0.000	        1	Delegate/convolution_2d 210:170
	       reshape 211 -> mul 212 -> add 213	    0.194	    0.190	  0.013%	 23.023%	     0.000	        1	Delegate/reshape 211 -> mul 212 -> add 213:171
	                          reduce_sum 214	    0.079	    0.076	  0.005%	 23.029%	     0.000	        1	Delegate/reduce_sum 214:172
	                  reshape 215 -> mul 216	    0.046	    0.045	  0.003%	 23.032%	     0.000	        1	Delegate/reshape 215 -> mul 216:173
	                             reshape 217	    0.004	    0.005	  0.000%	 23.032%	     0.000	        1	Delegate/reshape 217:174
	                            subtract 218	    0.129	    0.128	  0.009%	 23.040%	     0.000	        1	Delegate/subtract 218:175
	                              square 219	    0.139	    0.137	  0.009%	 23.050%	     0.000	        1	Delegate/square 219:176
	                          reduce_sum 220	    0.080	    0.073	  0.005%	 23.055%	     0.000	        1	Delegate/reduce_sum 220:177
	       reshape 221 -> mul 222 -> add 223	    0.042	    0.042	  0.003%	 23.057%	     0.000	        1	Delegate/reshape 221 -> mul 222 -> add 223:178
	                reshape 224 -> rsqrt 225	    0.005	    0.005	  0.000%	 23.058%	     0.000	        1	Delegate/reshape 224 -> rsqrt 225:179
	                                 mul 226	    0.132	    0.131	  0.009%	 23.066%	     0.000	        1	Delegate/mul 226:180
	                      convolution_2d 229	    3.812	    3.808	  0.254%	 23.320%	     0.000	        1	Delegate/convolution_2d 229:181
	                    slice 230 -> mul 236	    0.157	    0.137	  0.009%	 23.330%	     0.000	        1	Delegate/slice 230 -> mul 236:182
	                               slice 231	    0.169	    0.139	  0.009%	 23.339%	     0.000	        1	Delegate/slice 231:183
	                               slice 232	    0.137	    0.133	  0.009%	 23.348%	     0.000	        1	Delegate/slice 232:184
	                             reshape 233	    0.142	    0.140	  0.009%	 23.357%	     0.000	        1	Delegate/reshape 233:185
	                             reshape 234	    0.139	    0.137	  0.009%	 23.366%	     0.000	        1	Delegate/reshape 234:186
	                           transpose 235	    0.313	    0.309	  0.021%	 23.387%	     0.000	        1	Delegate/transpose 235:187
	                             reshape 237	    0.135	    0.132	  0.009%	 23.396%	     0.000	        1	Delegate/reshape 237:188
	                           transpose 238	    0.320	    0.308	  0.021%	 23.416%	     0.000	        1	Delegate/transpose 238:189
	                           transpose 239	    0.377	    0.378	  0.025%	 23.441%	     0.000	        1	Delegate/transpose 239:190
	                             reshape 240	    0.136	    0.130	  0.009%	 23.450%	     0.000	        1	Delegate/reshape 240:191
	                             reshape 241	    0.393	    0.395	  0.026%	 23.476%	     0.000	        1	Delegate/reshape 241:192
	               mat_mul_reshape_input 242	    0.275	    0.261	  0.017%	 23.494%	     0.000	        1	Delegate/mat_mul_reshape_input 242:193
	         bhwc_tensor_to_conv_weights 242	    0.570	    0.572	  0.038%	 23.532%	     0.000	        1	Delegate/bhwc_tensor_to_conv_weights 242:194
	              mat_mul_as_convolution 242	    5.430	    5.342	  0.357%	 23.889%	     0.000	        1	Delegate/mat_mul_as_convolution 242:195
	              mat_mul_reshape_output 242	   13.774	   13.753	  0.918%	 24.806%	     0.000	        1	Delegate/mat_mul_reshape_output 242:196
	                             reshape 243	   16.726	   16.595	  1.107%	 25.914%	     0.000	        1	Delegate/reshape 243:197
	                             softmax 244	   11.567	   11.278	  0.753%	 26.666%	     0.000	        1	Delegate/softmax 244:198
	                             reshape 245	   13.687	   13.651	  0.911%	 27.577%	     0.000	        1	Delegate/reshape 245:199
	                             reshape 246	    0.143	    0.133	  0.009%	 27.586%	     0.000	        1	Delegate/reshape 246:200
	               mat_mul_reshape_input 247	   16.960	   16.818	  1.122%	 28.709%	     0.000	        1	Delegate/mat_mul_reshape_input 247:201
	         bhwc_tensor_to_conv_weights 247	    0.340	    0.334	  0.022%	 28.731%	     0.000	        1	Delegate/bhwc_tensor_to_conv_weights 247:202
	              mat_mul_as_convolution 247	    4.439	    4.412	  0.294%	 29.025%	     0.000	        1	Delegate/mat_mul_as_convolution 247:203
	              mat_mul_reshape_output 247	    0.136	    0.133	  0.009%	 29.034%	     0.000	        1	Delegate/mat_mul_reshape_output 247:204
	                             reshape 248	    0.302	    0.302	  0.020%	 29.054%	     0.000	        1	Delegate/reshape 248:205
	                           transpose 249	    0.132	    0.132	  0.009%	 29.063%	     0.000	        1	Delegate/transpose 249:206
	                             reshape 250	    0.482	    0.470	  0.031%	 29.095%	     0.000	        1	Delegate/reshape 250:207
	                      convolution_2d 251	    1.318	    1.319	  0.088%	 29.183%	     0.000	        1	Delegate/convolution_2d 251:208
	       reshape 252 -> mul 253 -> add 254	    0.198	    0.197	  0.013%	 29.196%	     0.000	        1	Delegate/reshape 252 -> mul 253 -> add 254:209
	                          reduce_sum 255	    0.078	    0.078	  0.005%	 29.201%	     0.000	        1	Delegate/reduce_sum 255:210
	                  reshape 256 -> mul 257	    0.051	    0.051	  0.003%	 29.204%	     0.000	        1	Delegate/reshape 256 -> mul 257:211
	                             reshape 258	    0.004	    0.004	  0.000%	 29.205%	     0.000	        1	Delegate/reshape 258:212
	                            subtract 259	    0.133	    0.129	  0.009%	 29.213%	     0.000	        1	Delegate/subtract 259:213
	                              square 260	    0.136	    0.136	  0.009%	 29.222%	     0.000	        1	Delegate/square 260:214
	                          reduce_sum 261	    0.083	    0.080	  0.005%	 29.228%	     0.000	        1	Delegate/reduce_sum 261:215
	       reshape 262 -> mul 263 -> add 264	    0.046	    0.045	  0.003%	 29.231%	     0.000	        1	Delegate/reshape 262 -> mul 263 -> add 264:216
	                reshape 265 -> rsqrt 266	    0.004	    0.005	  0.000%	 29.231%	     0.000	        1	Delegate/reshape 265 -> rsqrt 266:217
	                                 mul 267	    0.132	    0.129	  0.009%	 29.240%	     0.000	        1	Delegate/mul 267:218
	          convolution_2d 270 -> gelu 271	    5.171	    5.177	  0.345%	 29.585%	     0.000	        1	Delegate/convolution_2d 270 -> gelu 271:219
	                             reshape 272	    0.546	    0.543	  0.036%	 29.621%	     0.000	        1	Delegate/reshape 272:220
	                      convolution_2d 273	    5.189	    5.187	  0.346%	 29.967%	     0.000	        1	Delegate/convolution_2d 273:221
	       reshape 274 -> mul 275 -> add 276	    0.198	    0.190	  0.013%	 29.980%	     0.000	        1	Delegate/reshape 274 -> mul 275 -> add 276:222
	                          reduce_sum 277	    0.079	    0.075	  0.005%	 29.985%	     0.000	        1	Delegate/reduce_sum 277:223
	                  reshape 278 -> mul 279	    0.046	    0.046	  0.003%	 29.988%	     0.000	        1	Delegate/reshape 278 -> mul 279:224
	                             reshape 280	    0.006	    0.005	  0.000%	 29.989%	     0.000	        1	Delegate/reshape 280:225
	                            subtract 281	    0.130	    0.128	  0.009%	 29.997%	     0.000	        1	Delegate/subtract 281:226
	                              square 282	    0.138	    0.136	  0.009%	 30.006%	     0.000	        1	Delegate/square 282:227
	                          reduce_sum 283	    0.084	    0.080	  0.005%	 30.011%	     0.000	        1	Delegate/reduce_sum 283:228
	       reshape 284 -> mul 285 -> add 286	    0.042	    0.042	  0.003%	 30.014%	     0.000	        1	Delegate/reshape 284 -> mul 285 -> add 286:229
	                reshape 287 -> rsqrt 288	    0.005	    0.006	  0.000%	 30.015%	     0.000	        1	Delegate/reshape 287 -> rsqrt 288:230
	                                 mul 289	    0.133	    0.130	  0.009%	 30.023%	     0.000	        1	Delegate/mul 289:231
	                      convolution_2d 292	    3.827	    3.821	  0.255%	 30.278%	     0.000	        1	Delegate/convolution_2d 292:232
	                    slice 293 -> mul 299	    0.142	    0.134	  0.009%	 30.287%	     0.000	        1	Delegate/slice 293 -> mul 299:233
	                               slice 294	    0.159	    0.139	  0.009%	 30.297%	     0.000	        1	Delegate/slice 294:234
	                               slice 295	    0.166	    0.136	  0.009%	 30.306%	     0.000	        1	Delegate/slice 295:235
	                             reshape 296	    0.143	    0.140	  0.009%	 30.315%	     0.000	        1	Delegate/reshape 296:236
	                             reshape 297	    0.141	    0.138	  0.009%	 30.324%	     0.000	        1	Delegate/reshape 297:237
	                           transpose 298	    0.301	    0.286	  0.019%	 30.343%	     0.000	        1	Delegate/transpose 298:238
	                             reshape 300	    0.135	    0.133	  0.009%	 30.352%	     0.000	        1	Delegate/reshape 300:239
	                           transpose 301	    0.301	    0.283	  0.019%	 30.371%	     0.000	        1	Delegate/transpose 301:240
	                           transpose 302	    0.372	    0.372	  0.025%	 30.396%	     0.000	        1	Delegate/transpose 302:241
	                             reshape 303	    0.155	    0.146	  0.010%	 30.406%	     0.000	        1	Delegate/reshape 303:242
	                             reshape 304	    0.405	    0.402	  0.027%	 30.432%	     0.000	        1	Delegate/reshape 304:243
	               mat_mul_reshape_input 305	    0.245	    0.233	  0.016%	 30.448%	     0.000	        1	Delegate/mat_mul_reshape_input 305:244
	         bhwc_tensor_to_conv_weights 305	    0.609	    0.571	  0.038%	 30.486%	     0.000	        1	Delegate/bhwc_tensor_to_conv_weights 305:245
	              mat_mul_as_convolution 305	    5.516	    5.332	  0.356%	 30.842%	     0.000	        1	Delegate/mat_mul_as_convolution 305:246
	              mat_mul_reshape_output 305	   13.800	   13.749	  0.918%	 31.759%	     0.000	        1	Delegate/mat_mul_reshape_output 305:247
	                             reshape 306	   16.771	   16.596	  1.107%	 32.867%	     0.000	        1	Delegate/reshape 306:248
	                             softmax 307	   11.670	   11.304	  0.754%	 33.621%	     0.000	        1	Delegate/softmax 307:249
	                             reshape 308	   13.719	   13.661	  0.912%	 34.533%	     0.000	        1	Delegate/reshape 308:250
	                             reshape 309	    0.135	    0.130	  0.009%	 34.542%	     0.000	        1	Delegate/reshape 309:251
	               mat_mul_reshape_input 310	   17.029	   16.841	  1.124%	 35.665%	     0.000	        1	Delegate/mat_mul_reshape_input 310:252
	         bhwc_tensor_to_conv_weights 310	    0.363	    0.340	  0.023%	 35.688%	     0.000	        1	Delegate/bhwc_tensor_to_conv_weights 310:253
	              mat_mul_as_convolution 310	    4.569	    4.427	  0.295%	 35.984%	     0.000	        1	Delegate/mat_mul_as_convolution 310:254
	              mat_mul_reshape_output 310	    0.134	    0.132	  0.009%	 35.992%	     0.000	        1	Delegate/mat_mul_reshape_output 310:255
	                             reshape 311	    0.303	    0.285	  0.019%	 36.011%	     0.000	        1	Delegate/reshape 311:256
	                           transpose 312	    0.138	    0.132	  0.009%	 36.020%	     0.000	        1	Delegate/transpose 312:257
	                             reshape 313	    0.527	    0.480	  0.032%	 36.052%	     0.000	        1	Delegate/reshape 313:258
	                      convolution_2d 314	    1.320	    1.319	  0.088%	 36.140%	     0.000	        1	Delegate/convolution_2d 314:259
	       reshape 315 -> mul 316 -> add 317	    0.209	    0.197	  0.013%	 36.153%	     0.000	        1	Delegate/reshape 315 -> mul 316 -> add 317:260
	                          reduce_sum 318	    0.086	    0.079	  0.005%	 36.159%	     0.000	        1	Delegate/reduce_sum 318:261
	                  reshape 319 -> mul 320	    0.051	    0.051	  0.003%	 36.162%	     0.000	        1	Delegate/reshape 319 -> mul 320:262
	                             reshape 321	    0.006	    0.004	  0.000%	 36.162%	     0.000	        1	Delegate/reshape 321:263
	                            subtract 322	    0.133	    0.130	  0.009%	 36.171%	     0.000	        1	Delegate/subtract 322:264
	                              square 323	    0.183	    0.140	  0.009%	 36.180%	     0.000	        1	Delegate/square 323:265
	                          reduce_sum 324	    0.084	    0.080	  0.005%	 36.186%	     0.000	        1	Delegate/reduce_sum 324:266
	       reshape 325 -> mul 326 -> add 327	    0.046	    0.045	  0.003%	 36.189%	     0.000	        1	Delegate/reshape 325 -> mul 326 -> add 327:267
	                reshape 328 -> rsqrt 329	    0.005	    0.006	  0.000%	 36.189%	     0.000	        1	Delegate/reshape 328 -> rsqrt 329:268
	                                 mul 330	    0.139	    0.130	  0.009%	 36.198%	     0.000	        1	Delegate/mul 330:269
	          convolution_2d 333 -> gelu 334	    5.205	    5.181	  0.346%	 36.544%	     0.000	        1	Delegate/convolution_2d 333 -> gelu 334:270
	                             reshape 335	    0.599	    0.549	  0.037%	 36.580%	     0.000	        1	Delegate/reshape 335:271
	                      convolution_2d 336	    5.189	    5.184	  0.346%	 36.926%	     0.000	        1	Delegate/convolution_2d 336:272
	       reshape 337 -> mul 338 -> add 339	    0.195	    0.191	  0.013%	 36.939%	     0.000	        1	Delegate/reshape 337 -> mul 338 -> add 339:273
	                          reduce_sum 340	    0.077	    0.075	  0.005%	 36.944%	     0.000	        1	Delegate/reduce_sum 340:274
	                  reshape 341 -> mul 342	    0.052	    0.052	  0.003%	 36.947%	     0.000	        1	Delegate/reshape 341 -> mul 342:275
	                             reshape 343	    0.006	    0.006	  0.000%	 36.948%	     0.000	        1	Delegate/reshape 343:276
	                            subtract 344	    0.131	    0.129	  0.009%	 36.956%	     0.000	        1	Delegate/subtract 344:277
	                              square 345	    0.137	    0.136	  0.009%	 36.965%	     0.000	        1	Delegate/square 345:278
	                          reduce_sum 346	    0.082	    0.081	  0.005%	 36.971%	     0.000	        1	Delegate/reduce_sum 346:279
	       reshape 347 -> mul 348 -> add 349	    0.042	    0.043	  0.003%	 36.974%	     0.000	        1	Delegate/reshape 347 -> mul 348 -> add 349:280
	                reshape 350 -> rsqrt 351	    0.006	    0.006	  0.000%	 36.974%	     0.000	        1	Delegate/reshape 350 -> rsqrt 351:281
	                                 mul 352	    0.131	    0.130	  0.009%	 36.983%	     0.000	        1	Delegate/mul 352:282
	                      convolution_2d 355	    3.830	    3.827	  0.255%	 37.238%	     0.000	        1	Delegate/convolution_2d 355:283
	                    slice 356 -> mul 362	    0.141	    0.134	  0.009%	 37.247%	     0.000	        1	Delegate/slice 356 -> mul 362:284
	                               slice 357	    0.139	    0.137	  0.009%	 37.256%	     0.000	        1	Delegate/slice 357:285
	                               slice 358	    0.136	    0.133	  0.009%	 37.265%	     0.000	        1	Delegate/slice 358:286
	                             reshape 359	    0.145	    0.141	  0.009%	 37.275%	     0.000	        1	Delegate/reshape 359:287
	                             reshape 360	    0.141	    0.139	  0.009%	 37.284%	     0.000	        1	Delegate/reshape 360:288
	                           transpose 361	    0.291	    0.285	  0.019%	 37.303%	     0.000	        1	Delegate/transpose 361:289
	                             reshape 363	    0.136	    0.135	  0.009%	 37.312%	     0.000	        1	Delegate/reshape 363:290
	                           transpose 364	    0.299	    0.285	  0.019%	 37.331%	     0.000	        1	Delegate/transpose 364:291
	                           transpose 365	    0.371	    0.371	  0.025%	 37.356%	     0.000	        1	Delegate/transpose 365:292
	                             reshape 366	    0.148	    0.145	  0.010%	 37.365%	     0.000	        1	Delegate/reshape 366:293
	                             reshape 367	    0.396	    0.401	  0.027%	 37.392%	     0.000	        1	Delegate/reshape 367:294
	               mat_mul_reshape_input 368	    0.243	    0.233	  0.016%	 37.408%	     0.000	        1	Delegate/mat_mul_reshape_input 368:295
	         bhwc_tensor_to_conv_weights 368	    0.572	    0.570	  0.038%	 37.446%	     0.000	        1	Delegate/bhwc_tensor_to_conv_weights 368:296
	              mat_mul_as_convolution 368	    5.655	    5.509	  0.368%	 37.813%	     0.000	        1	Delegate/mat_mul_as_convolution 368:297
	              mat_mul_reshape_output 368	   14.203	   14.149	  0.944%	 38.757%	     0.000	        1	Delegate/mat_mul_reshape_output 368:298
	                             reshape 369	   16.780	   16.596	  1.107%	 39.865%	     0.000	        1	Delegate/reshape 369:299
	                             softmax 370	   11.729	   11.293	  0.754%	 40.619%	     0.000	        1	Delegate/softmax 370:300
	                             reshape 371	   13.699	   13.653	  0.911%	 41.530%	     0.000	        1	Delegate/reshape 371:301
	                             reshape 372	    0.138	    0.132	  0.009%	 41.539%	     0.000	        1	Delegate/reshape 372:302
	               mat_mul_reshape_input 373	   16.918	   16.841	  1.124%	 42.662%	     0.000	        1	Delegate/mat_mul_reshape_input 373:303
	         bhwc_tensor_to_conv_weights 373	    0.340	    0.335	  0.022%	 42.685%	     0.000	        1	Delegate/bhwc_tensor_to_conv_weights 373:304
	              mat_mul_as_convolution 373	    4.433	    4.403	  0.294%	 42.979%	     0.000	        1	Delegate/mat_mul_as_convolution 373:305
	              mat_mul_reshape_output 373	    0.132	    0.129	  0.009%	 42.987%	     0.000	        1	Delegate/mat_mul_reshape_output 373:306
	                             reshape 374	    0.282	    0.272	  0.018%	 43.005%	     0.000	        1	Delegate/reshape 374:307
	                           transpose 375	    0.133	    0.128	  0.009%	 43.014%	     0.000	        1	Delegate/transpose 375:308
	                             reshape 376	    0.477	    0.456	  0.030%	 43.044%	     0.000	        1	Delegate/reshape 376:309
	                      convolution_2d 377	    1.323	    1.316	  0.088%	 43.132%	     0.000	        1	Delegate/convolution_2d 377:310
	       reshape 378 -> mul 379 -> add 380	    0.203	    0.192	  0.013%	 43.145%	     0.000	        1	Delegate/reshape 378 -> mul 379 -> add 380:311
	                          reduce_sum 381	    0.081	    0.077	  0.005%	 43.150%	     0.000	        1	Delegate/reduce_sum 381:312
	                  reshape 382 -> mul 383	    0.051	    0.051	  0.003%	 43.154%	     0.000	        1	Delegate/reshape 382 -> mul 383:313
	                             reshape 384	    0.006	    0.004	  0.000%	 43.154%	     0.000	        1	Delegate/reshape 384:314
	                            subtract 385	    0.135	    0.126	  0.008%	 43.162%	     0.000	        1	Delegate/subtract 385:315
	                              square 386	    0.138	    0.131	  0.009%	 43.171%	     0.000	        1	Delegate/square 386:316
	                          reduce_sum 387	    0.082	    0.078	  0.005%	 43.176%	     0.000	        1	Delegate/reduce_sum 387:317
	       reshape 388 -> mul 389 -> add 390	    0.046	    0.045	  0.003%	 43.179%	     0.000	        1	Delegate/reshape 388 -> mul 389 -> add 390:318
	                reshape 391 -> rsqrt 392	    0.007	    0.007	  0.000%	 43.180%	     0.000	        1	Delegate/reshape 391 -> rsqrt 392:319
	                                 mul 393	    0.130	    0.128	  0.009%	 43.188%	     0.000	        1	Delegate/mul 393:320
	          convolution_2d 396 -> gelu 397	    5.180	    5.168	  0.345%	 43.533%	     0.000	        1	Delegate/convolution_2d 396 -> gelu 397:321
	                             reshape 398	    0.554	    0.528	  0.035%	 43.568%	     0.000	        1	Delegate/reshape 398:322
	                      convolution_2d 399	    5.188	    5.175	  0.345%	 43.914%	     0.000	        1	Delegate/convolution_2d 399:323
	       reshape 400 -> mul 401 -> add 402	    0.194	    0.187	  0.012%	 43.926%	     0.000	        1	Delegate/reshape 400 -> mul 401 -> add 402:324
	                          reduce_sum 403	    0.078	    0.075	  0.005%	 43.931%	     0.000	        1	Delegate/reduce_sum 403:325
	                  reshape 404 -> mul 405	    0.045	    0.045	  0.003%	 43.934%	     0.000	        1	Delegate/reshape 404 -> mul 405:326
	                             reshape 406	    0.005	    0.005	  0.000%	 43.934%	     0.000	        1	Delegate/reshape 406:327
	                            subtract 407	    0.130	    0.124	  0.008%	 43.943%	     0.000	        1	Delegate/subtract 407:328
	                              square 408	    0.137	    0.131	  0.009%	 43.952%	     0.000	        1	Delegate/square 408:329
	                          reduce_sum 409	    0.084	    0.069	  0.005%	 43.956%	     0.000	        1	Delegate/reduce_sum 409:330
	       reshape 410 -> mul 411 -> add 412	    0.042	    0.042	  0.003%	 43.959%	     0.000	        1	Delegate/reshape 410 -> mul 411 -> add 412:331
	                reshape 413 -> rsqrt 414	    0.006	    0.005	  0.000%	 43.959%	     0.000	        1	Delegate/reshape 413 -> rsqrt 414:332
	                                 mul 415	    0.131	    0.126	  0.008%	 43.968%	     0.000	        1	Delegate/mul 415:333
	                      convolution_2d 418	    3.805	    3.799	  0.254%	 44.221%	     0.000	        1	Delegate/convolution_2d 418:334
	                    slice 419 -> mul 425	    0.138	    0.131	  0.009%	 44.230%	     0.000	        1	Delegate/slice 419 -> mul 425:335
	                               slice 420	    0.136	    0.131	  0.009%	 44.239%	     0.000	        1	Delegate/slice 420:336
	                               slice 421	    0.137	    0.130	  0.009%	 44.247%	     0.000	        1	Delegate/slice 421:337
	                             reshape 422	    0.142	    0.136	  0.009%	 44.256%	     0.000	        1	Delegate/reshape 422:338
	                             reshape 423	    0.140	    0.134	  0.009%	 44.265%	     0.000	        1	Delegate/reshape 423:339
	                           transpose 424	    0.301	    0.282	  0.019%	 44.284%	     0.000	        1	Delegate/transpose 424:340
	                             reshape 426	    0.135	    0.129	  0.009%	 44.293%	     0.000	        1	Delegate/reshape 426:341
	                           transpose 427	    0.284	    0.271	  0.018%	 44.311%	     0.000	        1	Delegate/transpose 427:342
	                           transpose 428	    0.372	    0.368	  0.025%	 44.335%	     0.000	        1	Delegate/transpose 428:343
	                             reshape 429	    0.146	    0.141	  0.009%	 44.345%	     0.000	        1	Delegate/reshape 429:344
	                             reshape 430	    0.389	    0.393	  0.026%	 44.371%	     0.000	        1	Delegate/reshape 430:345
	               mat_mul_reshape_input 431	    0.248	    0.228	  0.015%	 44.386%	     0.000	        1	Delegate/mat_mul_reshape_input 431:346
	         bhwc_tensor_to_conv_weights 431	    0.566	    0.562	  0.038%	 44.424%	     0.000	        1	Delegate/bhwc_tensor_to_conv_weights 431:347
	              mat_mul_as_convolution 431	    5.390	    5.308	  0.354%	 44.778%	     0.000	        1	Delegate/mat_mul_as_convolution 431:348
	              mat_mul_reshape_output 431	   13.784	   13.754	  0.918%	 45.696%	     0.000	        1	Delegate/mat_mul_reshape_output 431:349
	                             reshape 432	   16.696	   16.497	  1.101%	 46.797%	     0.000	        1	Delegate/reshape 432:350
	                             softmax 433	   11.395	   10.923	  0.729%	 47.526%	     0.000	        1	Delegate/softmax 433:351
	                             reshape 434	   13.662	   13.625	  0.909%	 48.435%	     0.000	        1	Delegate/reshape 434:352
	                             reshape 435	    0.129	    0.128	  0.009%	 48.444%	     0.000	        1	Delegate/reshape 435:353
	               mat_mul_reshape_input 436	   16.911	   16.712	  1.115%	 49.559%	     0.000	        1	Delegate/mat_mul_reshape_input 436:354
	         bhwc_tensor_to_conv_weights 436	    0.343	    0.329	  0.022%	 49.581%	     0.000	        1	Delegate/bhwc_tensor_to_conv_weights 436:355
	              mat_mul_as_convolution 436	    4.429	    4.395	  0.293%	 49.874%	     0.000	        1	Delegate/mat_mul_as_convolution 436:356
	              mat_mul_reshape_output 436	    0.134	    0.129	  0.009%	 49.883%	     0.000	        1	Delegate/mat_mul_reshape_output 436:357
	                             reshape 437	    0.286	    0.274	  0.018%	 49.901%	     0.000	        1	Delegate/reshape 437:358
	                           transpose 438	    0.133	    0.133	  0.009%	 49.910%	     0.000	        1	Delegate/transpose 438:359
	                             reshape 439	    0.477	    0.459	  0.031%	 49.940%	     0.000	        1	Delegate/reshape 439:360
	                      convolution_2d 440	    1.318	    1.317	  0.088%	 50.028%	     0.000	        1	Delegate/convolution_2d 440:361
	       reshape 441 -> mul 442 -> add 443	    0.202	    0.191	  0.013%	 50.041%	     0.000	        1	Delegate/reshape 441 -> mul 442 -> add 443:362
	                          reduce_sum 444	    0.082	    0.076	  0.005%	 50.046%	     0.000	        1	Delegate/reduce_sum 444:363
	                  reshape 445 -> mul 446	    0.050	    0.051	  0.003%	 50.050%	     0.000	        1	Delegate/reshape 445 -> mul 446:364
	                             reshape 447	    0.006	    0.006	  0.000%	 50.050%	     0.000	        1	Delegate/reshape 447:365
	                            subtract 448	    0.133	    0.126	  0.008%	 50.058%	     0.000	        1	Delegate/subtract 448:366
	                              square 449	    0.137	    0.132	  0.009%	 50.067%	     0.000	        1	Delegate/square 449:367
	                          reduce_sum 450	    0.079	    0.075	  0.005%	 50.072%	     0.000	        1	Delegate/reduce_sum 450:368
	       reshape 451 -> mul 452 -> add 453	    0.045	    0.045	  0.003%	 50.075%	     0.000	        1	Delegate/reshape 451 -> mul 452 -> add 453:369
	                reshape 454 -> rsqrt 455	    0.006	    0.006	  0.000%	 50.076%	     0.000	        1	Delegate/reshape 454 -> rsqrt 455:370
	                                 mul 456	    0.131	    0.125	  0.008%	 50.084%	     0.000	        1	Delegate/mul 456:371
	          convolution_2d 459 -> gelu 460	    5.149	    5.140	  0.343%	 50.427%	     0.000	        1	Delegate/convolution_2d 459 -> gelu 460:372
	                             reshape 461	    0.545	    0.525	  0.035%	 50.462%	     0.000	        1	Delegate/reshape 461:373
	                      convolution_2d 462	    5.183	    5.178	  0.346%	 50.808%	     0.000	        1	Delegate/convolution_2d 462:374
	       reshape 463 -> mul 464 -> add 465	    0.193	    0.184	  0.012%	 50.820%	     0.000	        1	Delegate/reshape 463 -> mul 464 -> add 465:375
	                          reduce_sum 466	    0.076	    0.073	  0.005%	 50.825%	     0.000	        1	Delegate/reduce_sum 466:376
	                  reshape 467 -> mul 468	    0.046	    0.046	  0.003%	 50.828%	     0.000	        1	Delegate/reshape 467 -> mul 468:377
	                             reshape 469	    0.006	    0.006	  0.000%	 50.828%	     0.000	        1	Delegate/reshape 469:378
	                            subtract 470	    0.128	    0.127	  0.008%	 50.837%	     0.000	        1	Delegate/subtract 470:379
	                              square 471	    0.136	    0.132	  0.009%	 50.845%	     0.000	        1	Delegate/square 471:380
	                          reduce_sum 472	    0.079	    0.077	  0.005%	 50.851%	     0.000	        1	Delegate/reduce_sum 472:381
	       reshape 473 -> mul 474 -> add 475	    0.041	    0.041	  0.003%	 50.853%	     0.000	        1	Delegate/reshape 473 -> mul 474 -> add 475:382
	                reshape 476 -> rsqrt 477	    0.006	    0.005	  0.000%	 50.854%	     0.000	        1	Delegate/reshape 476 -> rsqrt 477:383
	                                 mul 478	    0.127	    0.124	  0.008%	 50.862%	     0.000	        1	Delegate/mul 478:384
	                      convolution_2d 481	    3.822	    3.814	  0.254%	 51.117%	     0.000	        1	Delegate/convolution_2d 481:385
	                    slice 482 -> mul 488	    0.131	    0.129	  0.009%	 51.125%	     0.000	        1	Delegate/slice 482 -> mul 488:386
	                               slice 483	    0.139	    0.132	  0.009%	 51.134%	     0.000	        1	Delegate/slice 483:387
	                               slice 484	    0.134	    0.129	  0.009%	 51.143%	     0.000	        1	Delegate/slice 484:388
	                             reshape 485	    0.139	    0.135	  0.009%	 51.152%	     0.000	        1	Delegate/reshape 485:389
	                             reshape 486	    0.139	    0.134	  0.009%	 51.160%	     0.000	        1	Delegate/reshape 486:390
	                           transpose 487	    0.283	    0.279	  0.019%	 51.179%	     0.000	        1	Delegate/transpose 487:391
	                             reshape 489	    0.131	    0.128	  0.009%	 51.188%	     0.000	        1	Delegate/reshape 489:392
	                           transpose 490	    0.275	    0.272	  0.018%	 51.206%	     0.000	        1	Delegate/transpose 490:393
	                           transpose 491	    0.370	    0.368	  0.025%	 51.230%	     0.000	        1	Delegate/transpose 491:394
	                             reshape 492	    0.144	    0.141	  0.009%	 51.240%	     0.000	        1	Delegate/reshape 492:395
	                             reshape 493	    0.394	    0.396	  0.026%	 51.266%	     0.000	        1	Delegate/reshape 493:396
	               mat_mul_reshape_input 494	    0.236	    0.225	  0.015%	 51.281%	     0.000	        1	Delegate/mat_mul_reshape_input 494:397
	         bhwc_tensor_to_conv_weights 494	    0.574	    0.563	  0.038%	 51.319%	     0.000	        1	Delegate/bhwc_tensor_to_conv_weights 494:398
	              mat_mul_as_convolution 494	    5.339	    5.278	  0.352%	 51.671%	     0.000	        1	Delegate/mat_mul_as_convolution 494:399
	              mat_mul_reshape_output 494	   13.753	   13.728	  0.916%	 52.587%	     0.000	        1	Delegate/mat_mul_reshape_output 494:400
	                             reshape 495	   16.585	   16.465	  1.099%	 53.686%	     0.000	        1	Delegate/reshape 495:401
	                             softmax 496	   11.209	   10.886	  0.727%	 54.412%	     0.000	        1	Delegate/softmax 496:402
	                             reshape 497	   13.646	   13.620	  0.909%	 55.321%	     0.000	        1	Delegate/reshape 497:403
	                             reshape 498	    0.130	    0.127	  0.008%	 55.330%	     0.000	        1	Delegate/reshape 498:404
	               mat_mul_reshape_input 499	   16.781	   16.711	  1.115%	 56.445%	     0.000	        1	Delegate/mat_mul_reshape_input 499:405
	         bhwc_tensor_to_conv_weights 499	    0.338	    0.329	  0.022%	 56.467%	     0.000	        1	Delegate/bhwc_tensor_to_conv_weights 499:406
	              mat_mul_as_convolution 499	    4.413	    4.393	  0.293%	 56.760%	     0.000	        1	Delegate/mat_mul_as_convolution 499:407
	              mat_mul_reshape_output 499	    0.130	    0.128	  0.009%	 56.769%	     0.000	        1	Delegate/mat_mul_reshape_output 499:408
	                             reshape 500	    0.284	    0.275	  0.018%	 56.787%	     0.000	        1	Delegate/reshape 500:409
	                           transpose 501	    0.134	    0.129	  0.009%	 56.795%	     0.000	        1	Delegate/transpose 501:410
	                             reshape 502	    0.485	    0.471	  0.031%	 56.827%	     0.000	        1	Delegate/reshape 502:411
	                      convolution_2d 503	    1.326	    1.324	  0.088%	 56.915%	     0.000	        1	Delegate/convolution_2d 503:412
	       reshape 504 -> mul 505 -> add 506	    0.204	    0.194	  0.013%	 56.928%	     0.000	        1	Delegate/reshape 504 -> mul 505 -> add 506:413
	                          reduce_sum 507	    0.081	    0.076	  0.005%	 56.933%	     0.000	        1	Delegate/reduce_sum 507:414
	                  reshape 508 -> mul 509	    0.051	    0.051	  0.003%	 56.937%	     0.000	        1	Delegate/reshape 508 -> mul 509:415
	                             reshape 510	    0.006	    0.005	  0.000%	 56.937%	     0.000	        1	Delegate/reshape 510:416
	                            subtract 511	    0.134	    0.126	  0.008%	 56.945%	     0.000	        1	Delegate/subtract 511:417
	                              square 512	    0.137	    0.132	  0.009%	 56.954%	     0.000	        1	Delegate/square 512:418
	                          reduce_sum 513	    0.079	    0.076	  0.005%	 56.959%	     0.000	        1	Delegate/reduce_sum 513:419
	       reshape 514 -> mul 515 -> add 516	    0.045	    0.045	  0.003%	 56.962%	     0.000	        1	Delegate/reshape 514 -> mul 515 -> add 516:420
	                reshape 517 -> rsqrt 518	    0.006	    0.005	  0.000%	 56.963%	     0.000	        1	Delegate/reshape 517 -> rsqrt 518:421
	                                 mul 519	    0.129	    0.125	  0.008%	 56.971%	     0.000	        1	Delegate/mul 519:422
	          convolution_2d 522 -> gelu 523	    5.156	    5.144	  0.343%	 57.314%	     0.000	        1	Delegate/convolution_2d 522 -> gelu 523:423
	                             reshape 524	    0.548	    0.528	  0.035%	 57.350%	     0.000	        1	Delegate/reshape 524:424
	                      convolution_2d 525	    5.184	    5.178	  0.346%	 57.695%	     0.000	        1	Delegate/convolution_2d 525:425
	       reshape 526 -> mul 527 -> add 528	    0.191	    0.190	  0.013%	 57.708%	     0.000	        1	Delegate/reshape 526 -> mul 527 -> add 528:426
	                          reduce_sum 529	    0.075	    0.074	  0.005%	 57.713%	     0.000	        1	Delegate/reduce_sum 529:427
	                  reshape 530 -> mul 531	    0.046	    0.046	  0.003%	 57.716%	     0.000	        1	Delegate/reshape 530 -> mul 531:428
	                             reshape 532	    0.005	    0.005	  0.000%	 57.716%	     0.000	        1	Delegate/reshape 532:429
	                            subtract 533	    0.129	    0.127	  0.009%	 57.725%	     0.000	        1	Delegate/subtract 533:430
	                              square 534	    0.136	    0.135	  0.009%	 57.734%	     0.000	        1	Delegate/square 534:431
	                          reduce_sum 535	    0.079	    0.079	  0.005%	 57.739%	     0.000	        1	Delegate/reduce_sum 535:432
	       reshape 536 -> mul 537 -> add 538	    0.041	    0.041	  0.003%	 57.742%	     0.000	        1	Delegate/reshape 536 -> mul 537 -> add 538:433
	                reshape 539 -> rsqrt 540	    0.006	    0.005	  0.000%	 57.742%	     0.000	        1	Delegate/reshape 539 -> rsqrt 540:434
	                                 mul 541	    0.130	    0.128	  0.009%	 57.751%	     0.000	        1	Delegate/mul 541:435
	                      convolution_2d 544	    3.825	    3.819	  0.255%	 58.005%	     0.000	        1	Delegate/convolution_2d 544:436
	                    slice 545 -> mul 551	    0.132	    0.129	  0.009%	 58.014%	     0.000	        1	Delegate/slice 545 -> mul 551:437
	                               slice 546	    0.138	    0.133	  0.009%	 58.023%	     0.000	        1	Delegate/slice 546:438
	                               slice 547	    0.133	    0.129	  0.009%	 58.031%	     0.000	        1	Delegate/slice 547:439
	                             reshape 548	    0.141	    0.136	  0.009%	 58.040%	     0.000	        1	Delegate/reshape 548:440
	                             reshape 549	    0.137	    0.134	  0.009%	 58.049%	     0.000	        1	Delegate/reshape 549:441
	                           transpose 550	    0.291	    0.282	  0.019%	 58.068%	     0.000	        1	Delegate/transpose 550:442
	                             reshape 552	    0.130	    0.129	  0.009%	 58.077%	     0.000	        1	Delegate/reshape 552:443
	                           transpose 553	    0.282	    0.274	  0.018%	 58.095%	     0.000	        1	Delegate/transpose 553:444
	                           transpose 554	    0.373	    0.368	  0.025%	 58.120%	     0.000	        1	Delegate/transpose 554:445
	                             reshape 555	    0.144	    0.141	  0.009%	 58.129%	     0.000	        1	Delegate/reshape 555:446
	                             reshape 556	    0.390	    0.391	  0.026%	 58.155%	     0.000	        1	Delegate/reshape 556:447
	               mat_mul_reshape_input 557	    0.243	    0.233	  0.016%	 58.171%	     0.000	        1	Delegate/mat_mul_reshape_input 557:448
	         bhwc_tensor_to_conv_weights 557	    0.561	    0.558	  0.037%	 58.208%	     0.000	        1	Delegate/bhwc_tensor_to_conv_weights 557:449
	              mat_mul_as_convolution 557	    5.507	    5.456	  0.364%	 58.572%	     0.000	        1	Delegate/mat_mul_as_convolution 557:450
	              mat_mul_reshape_output 557	   14.077	   14.059	  0.938%	 59.510%	     0.000	        1	Delegate/mat_mul_reshape_output 557:451
	                             reshape 558	   16.552	   16.487	  1.100%	 60.610%	     0.000	        1	Delegate/reshape 558:452
	                             softmax 559	   11.218	   10.928	  0.729%	 61.340%	     0.000	        1	Delegate/softmax 559:453
	                             reshape 560	   13.646	   13.627	  0.909%	 62.249%	     0.000	        1	Delegate/reshape 560:454
	                             reshape 561	    0.128	    0.127	  0.008%	 62.258%	     0.000	        1	Delegate/reshape 561:455
	               mat_mul_reshape_input 562	   16.805	   16.720	  1.116%	 63.373%	     0.000	        1	Delegate/mat_mul_reshape_input 562:456
	         bhwc_tensor_to_conv_weights 562	    0.335	    0.327	  0.022%	 63.395%	     0.000	        1	Delegate/bhwc_tensor_to_conv_weights 562:457
	              mat_mul_as_convolution 562	    4.412	    4.396	  0.293%	 63.689%	     0.000	        1	Delegate/mat_mul_as_convolution 562:458
	              mat_mul_reshape_output 562	    0.131	    0.129	  0.009%	 63.697%	     0.000	        1	Delegate/mat_mul_reshape_output 562:459
	                             reshape 563	    0.283	    0.274	  0.018%	 63.715%	     0.000	        1	Delegate/reshape 563:460
	                           transpose 564	    0.130	    0.127	  0.009%	 63.724%	     0.000	        1	Delegate/transpose 564:461
	                             reshape 565	    0.467	    0.454	  0.030%	 63.754%	     0.000	        1	Delegate/reshape 565:462
	                      convolution_2d 566	    1.318	    1.315	  0.088%	 63.842%	     0.000	        1	Delegate/convolution_2d 566:463
	       reshape 567 -> mul 568 -> add 569	    0.196	    0.190	  0.013%	 63.855%	     0.000	        1	Delegate/reshape 567 -> mul 568 -> add 569:464
	                          reduce_sum 570	    0.077	    0.076	  0.005%	 63.860%	     0.000	        1	Delegate/reduce_sum 570:465
	                  reshape 571 -> mul 572	    0.052	    0.051	  0.003%	 63.863%	     0.000	        1	Delegate/reshape 571 -> mul 572:466
	                             reshape 573	    0.005	    0.005	  0.000%	 63.864%	     0.000	        1	Delegate/reshape 573:467
	                            subtract 574	    0.130	    0.125	  0.008%	 63.872%	     0.000	        1	Delegate/subtract 574:468
	                              square 575	    0.137	    0.132	  0.009%	 63.881%	     0.000	        1	Delegate/square 575:469
	                          reduce_sum 576	    0.078	    0.075	  0.005%	 63.886%	     0.000	        1	Delegate/reduce_sum 576:470
	       reshape 577 -> mul 578 -> add 579	    0.046	    0.046	  0.003%	 63.889%	     0.000	        1	Delegate/reshape 577 -> mul 578 -> add 579:471
	                reshape 580 -> rsqrt 581	    0.004	    0.005	  0.000%	 63.889%	     0.000	        1	Delegate/reshape 580 -> rsqrt 581:472
	                                 mul 582	    0.127	    0.125	  0.008%	 63.897%	     0.000	        1	Delegate/mul 582:473
	          convolution_2d 585 -> gelu 586	    5.151	    5.142	  0.343%	 64.241%	     0.000	        1	Delegate/convolution_2d 585 -> gelu 586:474
	                             reshape 587	    0.542	    0.531	  0.035%	 64.276%	     0.000	        1	Delegate/reshape 587:475
	                      convolution_2d 588	    5.195	    5.178	  0.346%	 64.621%	     0.000	        1	Delegate/convolution_2d 588:476
	       reshape 589 -> mul 590 -> add 591	    0.190	    0.184	  0.012%	 64.634%	     0.000	        1	Delegate/reshape 589 -> mul 590 -> add 591:477
	                          reduce_sum 592	    0.075	    0.074	  0.005%	 64.639%	     0.000	        1	Delegate/reduce_sum 592:478
	                  reshape 593 -> mul 594	    0.046	    0.045	  0.003%	 64.642%	     0.000	        1	Delegate/reshape 593 -> mul 594:479
	                             reshape 595	    0.006	    0.004	  0.000%	 64.642%	     0.000	        1	Delegate/reshape 595:480
	                            subtract 596	    0.128	    0.124	  0.008%	 64.650%	     0.000	        1	Delegate/subtract 596:481
	                              square 597	    0.136	    0.131	  0.009%	 64.659%	     0.000	        1	Delegate/square 597:482
	                          reduce_sum 598	    0.080	    0.077	  0.005%	 64.664%	     0.000	        1	Delegate/reduce_sum 598:483
	       reshape 599 -> mul 600 -> add 601	    0.042	    0.042	  0.003%	 64.667%	     0.000	        1	Delegate/reshape 599 -> mul 600 -> add 601:484
	                reshape 602 -> rsqrt 603	    0.005	    0.005	  0.000%	 64.667%	     0.000	        1	Delegate/reshape 602 -> rsqrt 603:485
	                                 mul 604	    0.129	    0.125	  0.008%	 64.676%	     0.000	        1	Delegate/mul 604:486
	                      convolution_2d 607	    3.811	    3.804	  0.254%	 64.930%	     0.000	        1	Delegate/convolution_2d 607:487
	                    slice 608 -> mul 614	    0.132	    0.129	  0.009%	 64.938%	     0.000	        1	Delegate/slice 608 -> mul 614:488
	                               slice 609	    0.137	    0.132	  0.009%	 64.947%	     0.000	        1	Delegate/slice 609:489
	                               slice 610	    0.131	    0.128	  0.009%	 64.956%	     0.000	        1	Delegate/slice 610:490
	                             reshape 611	    0.139	    0.135	  0.009%	 64.965%	     0.000	        1	Delegate/reshape 611:491
	                             reshape 612	    0.138	    0.134	  0.009%	 64.973%	     0.000	        1	Delegate/reshape 612:492
	                           transpose 613	    0.293	    0.280	  0.019%	 64.992%	     0.000	        1	Delegate/transpose 613:493
	                             reshape 615	    0.133	    0.129	  0.009%	 65.001%	     0.000	        1	Delegate/reshape 615:494
	                           transpose 616	    0.285	    0.274	  0.018%	 65.019%	     0.000	        1	Delegate/transpose 616:495
	                           transpose 617	    0.362	    0.366	  0.024%	 65.043%	     0.000	        1	Delegate/transpose 617:496
	                             reshape 618	    0.146	    0.141	  0.009%	 65.053%	     0.000	        1	Delegate/reshape 618:497
	                             reshape 619	    0.392	    0.393	  0.026%	 65.079%	     0.000	        1	Delegate/reshape 619:498
	               mat_mul_reshape_input 620	    0.239	    0.227	  0.015%	 65.094%	     0.000	        1	Delegate/mat_mul_reshape_input 620:499
	         bhwc_tensor_to_conv_weights 620	    0.578	    0.556	  0.037%	 65.131%	     0.000	        1	Delegate/bhwc_tensor_to_conv_weights 620:500
	              mat_mul_as_convolution 620	    5.323	    5.290	  0.353%	 65.484%	     0.000	        1	Delegate/mat_mul_as_convolution 620:501
	              mat_mul_reshape_output 620	   13.763	   13.746	  0.917%	 66.402%	     0.000	        1	Delegate/mat_mul_reshape_output 620:502
	                             reshape 621	   16.560	   16.475	  1.099%	 67.501%	     0.000	        1	Delegate/reshape 621:503
	                             softmax 622	   11.210	   11.083	  0.740%	 68.241%	     0.000	        1	Delegate/softmax 622:504
	                             reshape 623	   13.638	   13.635	  0.910%	 69.151%	     0.000	        1	Delegate/reshape 623:505
	                             reshape 624	    0.133	    0.130	  0.009%	 69.159%	     0.000	        1	Delegate/reshape 624:506
	               mat_mul_reshape_input 625	   16.830	   16.774	  1.119%	 70.279%	     0.000	        1	Delegate/mat_mul_reshape_input 625:507
	         bhwc_tensor_to_conv_weights 625	    0.334	    0.335	  0.022%	 70.301%	     0.000	        1	Delegate/bhwc_tensor_to_conv_weights 625:508
	              mat_mul_as_convolution 625	    4.395	    4.404	  0.294%	 70.595%	     0.000	        1	Delegate/mat_mul_as_convolution 625:509
	              mat_mul_reshape_output 625	    0.133	    0.131	  0.009%	 70.604%	     0.000	        1	Delegate/mat_mul_reshape_output 625:510
	                             reshape 626	    0.279	    0.280	  0.019%	 70.622%	     0.000	        1	Delegate/reshape 626:511
	                           transpose 627	    0.132	    0.131	  0.009%	 70.631%	     0.000	        1	Delegate/transpose 627:512
	                             reshape 628	    0.477	    0.467	  0.031%	 70.662%	     0.000	        1	Delegate/reshape 628:513
	                      convolution_2d 629	    1.320	    1.318	  0.088%	 70.750%	     0.000	        1	Delegate/convolution_2d 629:514
	       reshape 630 -> mul 631 -> add 632	    0.197	    0.194	  0.013%	 70.763%	     0.000	        1	Delegate/reshape 630 -> mul 631 -> add 632:515
	                          reduce_sum 633	    0.077	    0.077	  0.005%	 70.768%	     0.000	        1	Delegate/reduce_sum 633:516
	                  reshape 634 -> mul 635	    0.050	    0.052	  0.003%	 70.772%	     0.000	        1	Delegate/reshape 634 -> mul 635:517
	                             reshape 636	    0.006	    0.004	  0.000%	 70.772%	     0.000	        1	Delegate/reshape 636:518
	                            subtract 637	    0.129	    0.132	  0.009%	 70.781%	     0.000	        1	Delegate/subtract 637:519
	                              square 638	    0.135	    0.135	  0.009%	 70.790%	     0.000	        1	Delegate/square 638:520
	                          reduce_sum 639	    0.077	    0.076	  0.005%	 70.795%	     0.000	        1	Delegate/reduce_sum 639:521
	       reshape 640 -> mul 641 -> add 642	    0.046	    0.045	  0.003%	 70.798%	     0.000	        1	Delegate/reshape 640 -> mul 641 -> add 642:522
	                reshape 643 -> rsqrt 644	    0.007	    0.006	  0.000%	 70.798%	     0.000	        1	Delegate/reshape 643 -> rsqrt 644:523
	                                 mul 645	    0.128	    0.127	  0.008%	 70.807%	     0.000	        1	Delegate/mul 645:524
	          convolution_2d 648 -> gelu 649	    5.147	    5.146	  0.343%	 71.150%	     0.000	        1	Delegate/convolution_2d 648 -> gelu 649:525
	                             reshape 650	    0.543	    0.538	  0.036%	 71.186%	     0.000	        1	Delegate/reshape 650:526
	                      convolution_2d 651	    5.190	    5.184	  0.346%	 71.532%	     0.000	        1	Delegate/convolution_2d 651:527
	       reshape 652 -> mul 653 -> add 654	    0.189	    0.188	  0.013%	 71.545%	     0.000	        1	Delegate/reshape 652 -> mul 653 -> add 654:528
	                          reduce_sum 655	    0.075	    0.074	  0.005%	 71.550%	     0.000	        1	Delegate/reduce_sum 655:529
	                  reshape 656 -> mul 657	    0.046	    0.047	  0.003%	 71.553%	     0.000	        1	Delegate/reshape 656 -> mul 657:530
	                             reshape 658	    0.000	    0.003	  0.000%	 71.553%	     0.000	        1	Delegate/reshape 658:531
	                            subtract 659	    0.127	    0.127	  0.008%	 71.561%	     0.000	        1	Delegate/subtract 659:532
	                              square 660	    0.135	    0.134	  0.009%	 71.570%	     0.000	        1	Delegate/square 660:533
	                          reduce_sum 661	    0.079	    0.079	  0.005%	 71.576%	     0.000	        1	Delegate/reduce_sum 661:534
	       reshape 662 -> mul 663 -> add 664	    0.040	    0.041	  0.003%	 71.578%	     0.000	        1	Delegate/reshape 662 -> mul 663 -> add 664:535
	                reshape 665 -> rsqrt 666	    0.006	    0.005	  0.000%	 71.579%	     0.000	        1	Delegate/reshape 665 -> rsqrt 666:536
	                                 mul 667	    0.130	    0.128	  0.009%	 71.587%	     0.000	        1	Delegate/mul 667:537
	                      convolution_2d 670	    3.822	    3.817	  0.255%	 71.842%	     0.000	        1	Delegate/convolution_2d 670:538
	                    slice 671 -> mul 677	    0.133	    0.133	  0.009%	 71.851%	     0.000	        1	Delegate/slice 671 -> mul 677:539
	                               slice 672	    0.138	    0.135	  0.009%	 71.860%	     0.000	        1	Delegate/slice 672:540
	                               slice 673	    0.131	    0.131	  0.009%	 71.869%	     0.000	        1	Delegate/slice 673:541
	                             reshape 674	    0.139	    0.138	  0.009%	 71.878%	     0.000	        1	Delegate/reshape 674:542
	                             reshape 675	    0.139	    0.137	  0.009%	 71.887%	     0.000	        1	Delegate/reshape 675:543
	                           transpose 676	    0.290	    0.288	  0.019%	 71.906%	     0.000	        1	Delegate/transpose 676:544
	                             reshape 678	    0.132	    0.131	  0.009%	 71.915%	     0.000	        1	Delegate/reshape 678:545
	                           transpose 679	    0.292	    0.289	  0.019%	 71.934%	     0.000	        1	Delegate/transpose 679:546
	                           transpose 680	    0.410	    0.410	  0.027%	 71.961%	     0.000	        1	Delegate/transpose 680:547
	                             reshape 681	    0.147	    0.145	  0.010%	 71.971%	     0.000	        1	Delegate/reshape 681:548
	                             reshape 682	    0.396	    0.399	  0.027%	 71.998%	     0.000	        1	Delegate/reshape 682:549
	               mat_mul_reshape_input 683	    0.234	    0.231	  0.015%	 72.013%	     0.000	        1	Delegate/mat_mul_reshape_input 683:550
	         bhwc_tensor_to_conv_weights 683	    0.571	    0.565	  0.038%	 72.051%	     0.000	        1	Delegate/bhwc_tensor_to_conv_weights 683:551
	              mat_mul_as_convolution 683	    5.489	    5.470	  0.365%	 72.416%	     0.000	        1	Delegate/mat_mul_as_convolution 683:552
	              mat_mul_reshape_output 683	   14.144	   14.136	  0.943%	 73.359%	     0.000	        1	Delegate/mat_mul_reshape_output 683:553
	                             reshape 684	   16.578	   16.543	  1.104%	 74.463%	     0.000	        1	Delegate/reshape 684:554
	                             softmax 685	   11.201	   11.120	  0.742%	 75.205%	     0.000	        1	Delegate/softmax 685:555
	                             reshape 686	   13.645	   13.652	  0.911%	 76.116%	     0.000	        1	Delegate/reshape 686:556
	                             reshape 687	    0.134	    0.130	  0.009%	 76.125%	     0.000	        1	Delegate/reshape 687:557
	               mat_mul_reshape_input 688	   16.816	   16.783	  1.120%	 77.245%	     0.000	        1	Delegate/mat_mul_reshape_input 688:558
	         bhwc_tensor_to_conv_weights 688	    0.334	    0.335	  0.022%	 77.267%	     0.000	        1	Delegate/bhwc_tensor_to_conv_weights 688:559
	              mat_mul_as_convolution 688	    4.408	    4.407	  0.294%	 77.562%	     0.000	        1	Delegate/mat_mul_as_convolution 688:560
	              mat_mul_reshape_output 688	    0.132	    0.131	  0.009%	 77.570%	     0.000	        1	Delegate/mat_mul_reshape_output 688:561
	                             reshape 689	    0.281	    0.279	  0.019%	 77.589%	     0.000	        1	Delegate/reshape 689:562
	                           transpose 690	    0.134	    0.132	  0.009%	 77.598%	     0.000	        1	Delegate/transpose 690:563
	                             reshape 691	    0.468	    0.465	  0.031%	 77.629%	     0.000	        1	Delegate/reshape 691:564
	                      convolution_2d 692	    1.323	    1.319	  0.088%	 77.717%	     0.000	        1	Delegate/convolution_2d 692:565
	       reshape 693 -> mul 694 -> add 695	    0.196	    0.195	  0.013%	 77.730%	     0.000	        1	Delegate/reshape 693 -> mul 694 -> add 695:566
	                          reduce_sum 696	    0.077	    0.077	  0.005%	 77.735%	     0.000	        1	Delegate/reduce_sum 696:567
	                  reshape 697 -> mul 698	    0.052	    0.052	  0.003%	 77.738%	     0.000	        1	Delegate/reshape 697 -> mul 698:568
	                             reshape 699	    0.005	    0.005	  0.000%	 77.739%	     0.000	        1	Delegate/reshape 699:569
	                            subtract 700	    0.128	    0.128	  0.009%	 77.747%	     0.000	        1	Delegate/subtract 700:570
	                              square 701	    0.136	    0.135	  0.009%	 77.756%	     0.000	        1	Delegate/square 701:571
	                          reduce_sum 702	    0.077	    0.077	  0.005%	 77.761%	     0.000	        1	Delegate/reduce_sum 702:572
	       reshape 703 -> mul 704 -> add 705	    0.046	    0.045	  0.003%	 77.764%	     0.000	        1	Delegate/reshape 703 -> mul 704 -> add 705:573
	                reshape 706 -> rsqrt 707	    0.005	    0.006	  0.000%	 77.765%	     0.000	        1	Delegate/reshape 706 -> rsqrt 707:574
	                                 mul 708	    0.127	    0.127	  0.008%	 77.773%	     0.000	        1	Delegate/mul 708:575
	          convolution_2d 711 -> gelu 712	    5.149	    5.146	  0.343%	 78.117%	     0.000	        1	Delegate/convolution_2d 711 -> gelu 712:576
	                             reshape 713	    0.542	    0.540	  0.036%	 78.153%	     0.000	        1	Delegate/reshape 713:577
	                      convolution_2d 714	    5.184	    5.179	  0.346%	 78.498%	     0.000	        1	Delegate/convolution_2d 714:578
	       reshape 715 -> mul 716 -> add 717	    0.190	    0.190	  0.013%	 78.511%	     0.000	        1	Delegate/reshape 715 -> mul 716 -> add 717:579
	                          reduce_sum 718	    0.076	    0.074	  0.005%	 78.516%	     0.000	        1	Delegate/reduce_sum 718:580
	                  reshape 719 -> mul 720	    0.045	    0.046	  0.003%	 78.519%	     0.000	        1	Delegate/reshape 719 -> mul 720:581
	                             reshape 721	    0.005	    0.005	  0.000%	 78.519%	     0.000	        1	Delegate/reshape 721:582
	                            subtract 722	    0.128	    0.127	  0.008%	 78.528%	     0.000	        1	Delegate/subtract 722:583
	                              square 723	    0.135	    0.135	  0.009%	 78.537%	     0.000	        1	Delegate/square 723:584
	                          reduce_sum 724	    0.080	    0.079	  0.005%	 78.542%	     0.000	        1	Delegate/reduce_sum 724:585
	       reshape 725 -> mul 726 -> add 727	    0.041	    0.041	  0.003%	 78.545%	     0.000	        1	Delegate/reshape 725 -> mul 726 -> add 727:586
	                reshape 728 -> rsqrt 729	    0.005	    0.006	  0.000%	 78.545%	     0.000	        1	Delegate/reshape 728 -> rsqrt 729:587
	                                 mul 730	    0.129	    0.129	  0.009%	 78.554%	     0.000	        1	Delegate/mul 730:588
	                      convolution_2d 733	    3.821	    3.819	  0.255%	 78.809%	     0.000	        1	Delegate/convolution_2d 733:589
	                    slice 734 -> mul 740	    0.133	    0.132	  0.009%	 78.817%	     0.000	        1	Delegate/slice 734 -> mul 740:590
	                               slice 735	    0.136	    0.135	  0.009%	 78.826%	     0.000	        1	Delegate/slice 735:591
	                               slice 736	    0.134	    0.132	  0.009%	 78.835%	     0.000	        1	Delegate/slice 736:592
	                             reshape 737	    0.142	    0.140	  0.009%	 78.845%	     0.000	        1	Delegate/reshape 737:593
	                             reshape 738	    0.137	    0.137	  0.009%	 78.854%	     0.000	        1	Delegate/reshape 738:594
	                           transpose 739	    0.291	    0.290	  0.019%	 78.873%	     0.000	        1	Delegate/transpose 739:595
	                             reshape 741	    0.132	    0.132	  0.009%	 78.882%	     0.000	        1	Delegate/reshape 741:596
	                           transpose 742	    0.280	    0.285	  0.019%	 78.901%	     0.000	        1	Delegate/transpose 742:597
	                           transpose 743	    0.367	    0.368	  0.025%	 78.926%	     0.000	        1	Delegate/transpose 743:598
	                             reshape 744	    0.145	    0.144	  0.010%	 78.935%	     0.000	        1	Delegate/reshape 744:599
	                             reshape 745	    0.400	    0.399	  0.027%	 78.962%	     0.000	        1	Delegate/reshape 745:600
	               mat_mul_reshape_input 746	    0.226	    0.228	  0.015%	 78.977%	     0.000	        1	Delegate/mat_mul_reshape_input 746:601
	         bhwc_tensor_to_conv_weights 746	    0.571	    0.569	  0.038%	 79.015%	     0.000	        1	Delegate/bhwc_tensor_to_conv_weights 746:602
	              mat_mul_as_convolution 746	    5.318	    5.314	  0.355%	 79.370%	     0.000	        1	Delegate/mat_mul_as_convolution 746:603
	              mat_mul_reshape_output 746	   13.748	   13.750	  0.918%	 80.287%	     0.000	        1	Delegate/mat_mul_reshape_output 746:604
	                             reshape 747	   16.542	   16.547	  1.104%	 81.391%	     0.000	        1	Delegate/reshape 747:605
	                             softmax 748	   11.196	   11.140	  0.743%	 82.135%	     0.000	        1	Delegate/softmax 748:606
	                             reshape 749	   13.646	   13.646	  0.911%	 83.046%	     0.000	        1	Delegate/reshape 749:607
	                             reshape 750	    0.129	    0.129	  0.009%	 83.054%	     0.000	        1	Delegate/reshape 750:608
	               mat_mul_reshape_input 751	   16.799	   16.787	  1.120%	 84.174%	     0.000	        1	Delegate/mat_mul_reshape_input 751:609
	         bhwc_tensor_to_conv_weights 751	    0.336	    0.336	  0.022%	 84.197%	     0.000	        1	Delegate/bhwc_tensor_to_conv_weights 751:610
	              mat_mul_as_convolution 751	    4.408	    4.405	  0.294%	 84.491%	     0.000	        1	Delegate/mat_mul_as_convolution 751:611
	              mat_mul_reshape_output 751	    0.132	    0.132	  0.009%	 84.500%	     0.000	        1	Delegate/mat_mul_reshape_output 751:612
	                             reshape 752	    0.281	    0.280	  0.019%	 84.518%	     0.000	        1	Delegate/reshape 752:613
	                           transpose 753	    0.131	    0.131	  0.009%	 84.527%	     0.000	        1	Delegate/transpose 753:614
	                             reshape 754	    0.474	    0.465	  0.031%	 84.558%	     0.000	        1	Delegate/reshape 754:615
	                      convolution_2d 755	    1.322	    1.318	  0.088%	 84.646%	     0.000	        1	Delegate/convolution_2d 755:616
	       reshape 756 -> mul 757 -> add 758	    0.196	    0.198	  0.013%	 84.659%	     0.000	        1	Delegate/reshape 756 -> mul 757 -> add 758:617
	                          reduce_sum 759	    0.078	    0.078	  0.005%	 84.664%	     0.000	        1	Delegate/reduce_sum 759:618
	                  reshape 760 -> mul 761	    0.052	    0.051	  0.003%	 84.668%	     0.000	        1	Delegate/reshape 760 -> mul 761:619
	                             reshape 762	    0.005	    0.006	  0.000%	 84.668%	     0.000	        1	Delegate/reshape 762:620
	                            subtract 763	    0.129	    0.128	  0.009%	 84.677%	     0.000	        1	Delegate/subtract 763:621
	                              square 764	    0.137	    0.135	  0.009%	 84.686%	     0.000	        1	Delegate/square 764:622
	                          reduce_sum 765	    0.078	    0.069	  0.005%	 84.690%	     0.000	        1	Delegate/reduce_sum 765:623
	       reshape 766 -> mul 767 -> add 768	    0.045	    0.045	  0.003%	 84.693%	     0.000	        1	Delegate/reshape 766 -> mul 767 -> add 768:624
	                reshape 769 -> rsqrt 770	    0.006	    0.005	  0.000%	 84.694%	     0.000	        1	Delegate/reshape 769 -> rsqrt 770:625
	                                 mul 771	    0.127	    0.127	  0.008%	 84.702%	     0.000	        1	Delegate/mul 771:626
	          convolution_2d 774 -> gelu 775	    5.149	    5.145	  0.343%	 85.046%	     0.000	        1	Delegate/convolution_2d 774 -> gelu 775:627
	                             reshape 776	    0.540	    0.538	  0.036%	 85.082%	     0.000	        1	Delegate/reshape 776:628
	                      convolution_2d 777	    5.176	    5.181	  0.346%	 85.427%	     0.000	        1	Delegate/convolution_2d 777:629
	       reshape 778 -> mul 779 -> add 780	    0.189	    0.189	  0.013%	 85.440%	     0.000	        1	Delegate/reshape 778 -> mul 779 -> add 780:630
	                      mul 781 -> add 782	    0.132	    0.133	  0.009%	 85.449%	     0.000	        1	Delegate/mul 781 -> add 782:631
	                      mul 783 -> add 784	    0.135	    0.135	  0.009%	 85.458%	     0.000	        1	Delegate/mul 783 -> add 784:632
	                      mul 785 -> add 786	    0.213	    0.212	  0.014%	 85.472%	     0.000	        1	Delegate/mul 785 -> add 786:633
	                          reduce_sum 787	    0.000	    0.000	  0.000%	 85.472%	     0.000	        1	Delegate/reduce_sum 787:634
	                  reshape 788 -> mul 789	    0.046	    0.048	  0.003%	 85.475%	     0.000	        1	Delegate/reshape 788 -> mul 789:635
	                             reshape 790	    0.006	    0.004	  0.000%	 85.475%	     0.000	        1	Delegate/reshape 790:636
	                            subtract 791	    0.128	    0.127	  0.008%	 85.484%	     0.000	        1	Delegate/subtract 791:637
	                              square 792	    0.137	    0.136	  0.009%	 85.493%	     0.000	        1	Delegate/square 792:638
	                          reduce_sum 793	    0.078	    0.077	  0.005%	 85.498%	     0.000	        1	Delegate/reduce_sum 793:639
	       reshape 794 -> mul 795 -> add 796	    0.042	    0.043	  0.003%	 85.501%	     0.000	        1	Delegate/reshape 794 -> mul 795 -> add 796:640
	                reshape 797 -> rsqrt 798	    0.006	    0.005	  0.000%	 85.501%	     0.000	        1	Delegate/reshape 797 -> rsqrt 798:641
	           mul 799 -> mul 800 -> add 801	    0.130	    0.129	  0.009%	 85.510%	     0.000	        1	Delegate/mul 799 -> mul 800 -> add 801:642
	                               slice 802	    0.136	    0.135	  0.009%	 85.519%	     0.000	        1	Delegate/slice 802:643
	                               slice 803	    0.136	    0.135	  0.009%	 85.528%	     0.000	        1	Delegate/slice 803:644
	                               slice 804	    0.137	    0.136	  0.009%	 85.537%	     0.000	        1	Delegate/slice 804:645
	                               slice 805	    0.135	    0.131	  0.009%	 85.546%	     0.000	        1	Delegate/slice 805:646
	                           transpose 806	    0.375	    0.381	  0.025%	 85.571%	     0.000	        1	Delegate/transpose 806:647
	                             reshape 807	    0.470	    0.470	  0.031%	 85.603%	     0.000	        1	Delegate/reshape 807:648
	                           transpose 808	    0.421	    0.421	  0.028%	 85.631%	     0.000	        1	Delegate/transpose 808:649
	                      convolution_2d 809	    0.162	    0.160	  0.011%	 85.641%	     0.000	        1	Delegate/convolution_2d 809:650
	              convolution_transposed 810	    0.391	    0.390	  0.026%	 85.667%	     0.000	        1	Delegate/convolution_transposed 810:651
	                           transpose 811	    0.351	    0.358	  0.024%	 85.691%	     0.000	        1	Delegate/transpose 811:652
	                             reshape 812	    0.468	    0.468	  0.031%	 85.723%	     0.000	        1	Delegate/reshape 812:653
	                           transpose 813	    0.429	    0.430	  0.029%	 85.751%	     0.000	        1	Delegate/transpose 813:654
	                      convolution_2d 814	    0.258	    0.258	  0.017%	 85.768%	     0.000	        1	Delegate/convolution_2d 814:655
	              convolution_transposed 815	    0.311	    0.309	  0.021%	 85.789%	     0.000	        1	Delegate/convolution_transposed 815:656
	                           transpose 816	    0.342	    0.346	  0.023%	 85.812%	     0.000	        1	Delegate/transpose 816:657
	                             reshape 817	    0.470	    0.469	  0.031%	 85.843%	     0.000	        1	Delegate/reshape 817:658
	                           transpose 818	    0.429	    0.430	  0.029%	 85.872%	     0.000	        1	Delegate/transpose 818:659
	                      convolution_2d 819	    0.464	    0.463	  0.031%	 85.903%	     0.000	        1	Delegate/convolution_2d 819:660
	                           transpose 820	    0.392	    0.392	  0.026%	 85.929%	     0.000	        1	Delegate/transpose 820:661
	                             reshape 821	    0.470	    0.469	  0.031%	 85.961%	     0.000	        1	Delegate/reshape 821:662
	                           transpose 822	    0.429	    0.430	  0.029%	 85.989%	     0.000	        1	Delegate/transpose 822:663
	                      convolution_2d 823	    0.888	    0.890	  0.059%	 86.049%	     0.000	        1	Delegate/convolution_2d 823:664
	                      convolution_2d 825	    3.213	    3.207	  0.214%	 86.263%	     0.000	        1	Delegate/convolution_2d 825:665
	                           transpose 826	    0.236	    0.236	  0.016%	 86.279%	     0.000	        1	Delegate/transpose 826:666
	                             reshape 827	    0.315	    0.316	  0.021%	 86.300%	     0.000	        1	Delegate/reshape 827:667
	                          reduce_sum 828	    0.078	    0.078	  0.005%	 86.305%	     0.000	        1	Delegate/reduce_sum 828:668
	                  reshape 829 -> mul 830	    0.008	    0.008	  0.001%	 86.305%	     0.000	        1	Delegate/reshape 829 -> mul 830:669
	                             reshape 831	    0.003	    0.003	  0.000%	 86.306%	     0.000	        1	Delegate/reshape 831:670
	                            subtract 832	    0.050	    0.050	  0.003%	 86.309%	     0.000	        1	Delegate/subtract 832:671
	                              square 833	    0.068	    0.069	  0.005%	 86.313%	     0.000	        1	Delegate/square 833:672
	                          reduce_sum 834	    0.070	    0.074	  0.005%	 86.318%	     0.000	        1	Delegate/reduce_sum 834:673
	       reshape 835 -> mul 836 -> add 837	    0.007	    0.006	  0.000%	 86.319%	     0.000	        1	Delegate/reshape 835 -> mul 836 -> add 837:674
	                reshape 838 -> rsqrt 839	    0.004	    0.004	  0.000%	 86.319%	     0.000	        1	Delegate/reshape 838 -> rsqrt 839:675
	                                 mul 840	    0.058	    0.058	  0.004%	 86.323%	     0.000	        1	Delegate/mul 840:676
	       reshape 841 -> mul 842 -> add 843	    0.227	    0.226	  0.015%	 86.338%	     0.000	        1	Delegate/reshape 841 -> mul 842 -> add 843:677
	                           transpose 844	    0.214	    0.215	  0.014%	 86.352%	     0.000	        1	Delegate/transpose 844:678
	                             reshape 845	    0.072	    0.071	  0.005%	 86.357%	     0.000	        1	Delegate/reshape 845:679
	                      convolution_2d 846	    0.342	    0.345	  0.023%	 86.380%	     0.000	        1	Delegate/convolution_2d 846:680
	                          reduce_sum 847	    0.050	    0.051	  0.003%	 86.384%	     0.000	        1	Delegate/reduce_sum 847:681
	                  reshape 848 -> mul 849	    0.052	    0.053	  0.004%	 86.387%	     0.000	        1	Delegate/reshape 848 -> mul 849:682
	                             reshape 850	    0.004	    0.003	  0.000%	 86.387%	     0.000	        1	Delegate/reshape 850:683
	                            subtract 851	    0.062	    0.062	  0.004%	 86.391%	     0.000	        1	Delegate/subtract 851:684
	                              square 852	    0.071	    0.070	  0.005%	 86.396%	     0.000	        1	Delegate/square 852:685
	                          reduce_sum 853	    0.043	    0.043	  0.003%	 86.399%	     0.000	        1	Delegate/reduce_sum 853:686
	       reshape 854 -> mul 855 -> add 856	    0.043	    0.044	  0.003%	 86.402%	     0.000	        1	Delegate/reshape 854 -> mul 855 -> add 856:687
	                reshape 857 -> rsqrt 858	    0.006	    0.006	  0.000%	 86.402%	     0.000	        1	Delegate/reshape 857 -> rsqrt 858:688
	           mul 859 -> mul 860 -> add 861	    0.065	    0.063	  0.004%	 86.406%	     0.000	        1	Delegate/mul 859 -> mul 860 -> add 861:689
	                             reshape 862	    0.073	    0.071	  0.005%	 86.411%	     0.000	        1	Delegate/reshape 862:690
	                   concat 863 -> add 864	    0.571	    0.550	  0.037%	 86.448%	     0.000	        1	Delegate/concat 863 -> add 864:691
	                               slice 865	    0.073	    0.070	  0.005%	 86.453%	     0.000	        1	Delegate/slice 865:692
	                     fully_connected 866	    0.723	    0.722	  0.048%	 86.501%	     0.000	        1	Delegate/fully_connected 866:693
	                             reshape 867	    0.573	    0.557	  0.037%	 86.538%	     0.000	        1	Delegate/reshape 867:694
	                     fully_connected 868	    5.646	    5.631	  0.376%	 86.914%	     0.000	        1	Delegate/fully_connected 868:695
	                     fully_connected 869	    5.649	    5.637	  0.376%	 87.290%	     0.000	        1	Delegate/fully_connected 869:696
	                             reshape 870	    0.000	    0.000	  0.000%	 87.290%	     0.000	        1	Delegate/reshape 870:697
	                             reshape 871	    2.450	    2.414	  0.161%	 87.451%	     0.000	        1	Delegate/reshape 871:698
	                           transpose 872	    0.534	    0.529	  0.035%	 87.486%	     0.000	        1	Delegate/transpose 872:699
	                             reshape 873	    0.556	    0.554	  0.037%	 87.523%	     0.000	        1	Delegate/reshape 873:700
	                             reshape 874	    2.417	    2.384	  0.159%	 87.682%	     0.000	        1	Delegate/reshape 874:701
	                           transpose 875	    0.538	    0.539	  0.036%	 87.718%	     0.000	        1	Delegate/transpose 875:702
	                             reshape 876	    0.556	    0.548	  0.037%	 87.755%	     0.000	        1	Delegate/reshape 876:703
	               mat_mul_reshape_input 877	    0.067	    0.065	  0.004%	 87.759%	     0.000	        1	Delegate/mat_mul_reshape_input 877:704
	         bhwc_tensor_to_conv_weights 877	    0.565	    0.557	  0.037%	 87.796%	     0.000	        1	Delegate/bhwc_tensor_to_conv_weights 877:705
	              mat_mul_as_convolution 877	    0.336	    0.332	  0.022%	 87.819%	     0.000	        1	Delegate/mat_mul_as_convolution 877:706
	   mat_mul_reshape_output 877 -> mul 878	    0.018	    0.018	  0.001%	 87.820%	     0.000	        1	Delegate/mat_mul_reshape_output 877 -> mul 878:707
	                             softmax 879	    0.378	    0.378	  0.025%	 87.845%	     0.000	        1	Delegate/softmax 879:708
	               mat_mul_reshape_input 880	    0.025	    0.025	  0.002%	 87.847%	     0.000	        1	Delegate/mat_mul_reshape_input 880:709
	         bhwc_tensor_to_conv_weights 880	    0.544	    0.542	  0.036%	 87.883%	     0.000	        1	Delegate/bhwc_tensor_to_conv_weights 880:710
	              mat_mul_as_convolution 880	    0.342	    0.335	  0.022%	 87.905%	     0.000	        1	Delegate/mat_mul_as_convolution 880:711
	              mat_mul_reshape_output 880	    0.061	    0.060	  0.004%	 87.909%	     0.000	        1	Delegate/mat_mul_reshape_output 880:712
	                             reshape 881	    0.207	    0.159	  0.011%	 87.920%	     0.000	        1	Delegate/reshape 881:713
	                      convolution_2d 882	    0.346	    0.347	  0.023%	 87.943%	     0.000	        1	Delegate/convolution_2d 882:714
	                  reshape 883 -> add 884	    0.100	    0.100	  0.007%	 87.950%	     0.000	        1	Delegate/reshape 883 -> add 884:715
	                          reduce_sum 885	    0.042	    0.043	  0.003%	 87.952%	     0.000	        1	Delegate/reduce_sum 885:716
	                  reshape 886 -> mul 887	    0.042	    0.041	  0.003%	 87.955%	     0.000	        1	Delegate/reshape 886 -> mul 887:717
	                             reshape 888	    0.004	    0.005	  0.000%	 87.956%	     0.000	        1	Delegate/reshape 888:718
	                            subtract 889	    0.057	    0.057	  0.004%	 87.959%	     0.000	        1	Delegate/subtract 889:719
	                              square 890	    0.070	    0.068	  0.005%	 87.964%	     0.000	        1	Delegate/square 890:720
	                          reduce_sum 891	    0.043	    0.037	  0.002%	 87.966%	     0.000	        1	Delegate/reduce_sum 891:721
	       reshape 892 -> mul 893 -> add 894	    0.040	    0.041	  0.003%	 87.969%	     0.000	        1	Delegate/reshape 892 -> mul 893 -> add 894:722
	                reshape 895 -> rsqrt 896	    0.005	    0.006	  0.000%	 87.970%	     0.000	        1	Delegate/reshape 895 -> rsqrt 896:723
	           mul 897 -> mul 898 -> add 899	    0.061	    0.061	  0.004%	 87.974%	     0.000	        1	Delegate/mul 897 -> mul 898 -> add 899:724
	                             reshape 900	    0.070	    0.070	  0.005%	 87.978%	     0.000	        1	Delegate/reshape 900:725
	                   concat 901 -> add 902	    0.545	    0.543	  0.036%	 88.015%	     0.000	        1	Delegate/concat 901 -> add 902:726
	                               slice 903	    0.069	    0.069	  0.005%	 88.019%	     0.000	        1	Delegate/slice 903:727
	                     fully_connected 904	    0.837	    0.843	  0.056%	 88.075%	     0.000	        1	Delegate/fully_connected 904:728
	                             reshape 905	    0.403	    0.398	  0.027%	 88.102%	     0.000	        1	Delegate/reshape 905:729
	                     fully_connected 906	    5.647	    5.632	  0.376%	 88.478%	     0.000	        1	Delegate/fully_connected 906:730
	                     fully_connected 907	    5.627	    5.629	  0.376%	 88.853%	     0.000	        1	Delegate/fully_connected 907:731
	                             reshape 908	    0.000	    0.000	  0.000%	 88.853%	     0.000	        1	Delegate/reshape 908:732
	                             reshape 909	    2.410	    2.421	  0.162%	 89.015%	     0.000	        1	Delegate/reshape 909:733
	                           transpose 910	    0.532	    0.531	  0.035%	 89.050%	     0.000	        1	Delegate/transpose 910:734
	                             reshape 911	    0.555	    0.550	  0.037%	 89.087%	     0.000	        1	Delegate/reshape 911:735
	                             reshape 912	    2.396	    2.380	  0.159%	 89.246%	     0.000	        1	Delegate/reshape 912:736
	                           transpose 913	    0.533	    0.532	  0.035%	 89.281%	     0.000	        1	Delegate/transpose 913:737
	                             reshape 914	    0.555	    0.553	  0.037%	 89.318%	     0.000	        1	Delegate/reshape 914:738
	               mat_mul_reshape_input 915	    0.065	    0.065	  0.004%	 89.323%	     0.000	        1	Delegate/mat_mul_reshape_input 915:739
	         bhwc_tensor_to_conv_weights 915	    0.558	    0.554	  0.037%	 89.360%	     0.000	        1	Delegate/bhwc_tensor_to_conv_weights 915:740
	              mat_mul_as_convolution 915	    0.329	    0.323	  0.022%	 89.381%	     0.000	        1	Delegate/mat_mul_as_convolution 915:741
	   mat_mul_reshape_output 915 -> mul 916	    0.018	    0.018	  0.001%	 89.382%	     0.000	        1	Delegate/mat_mul_reshape_output 915 -> mul 916:742
	                             softmax 917	    0.382	    0.381	  0.025%	 89.408%	     0.000	        1	Delegate/softmax 917:743
	               mat_mul_reshape_input 918	    0.025	    0.025	  0.002%	 89.410%	     0.000	        1	Delegate/mat_mul_reshape_input 918:744
	         bhwc_tensor_to_conv_weights 918	    0.546	    0.543	  0.036%	 89.446%	     0.000	        1	Delegate/bhwc_tensor_to_conv_weights 918:745
	              mat_mul_as_convolution 918	    0.335	    0.332	  0.022%	 89.468%	     0.000	        1	Delegate/mat_mul_as_convolution 918:746
	              mat_mul_reshape_output 918	    0.059	    0.059	  0.004%	 89.472%	     0.000	        1	Delegate/mat_mul_reshape_output 918:747
	                             reshape 919	    0.151	    0.146	  0.010%	 89.482%	     0.000	        1	Delegate/reshape 919:748
	                      convolution_2d 920	    0.348	    0.347	  0.023%	 89.505%	     0.000	        1	Delegate/convolution_2d 920:749
	                  reshape 921 -> add 922	    0.099	    0.102	  0.007%	 89.512%	     0.000	        1	Delegate/reshape 921 -> add 922:750
	                          reduce_sum 923	    0.042	    0.042	  0.003%	 89.514%	     0.000	        1	Delegate/reduce_sum 923:751
	                  reshape 924 -> mul 925	    0.041	    0.041	  0.003%	 89.517%	     0.000	        1	Delegate/reshape 924 -> mul 925:752
	                             reshape 926	    0.006	    0.005	  0.000%	 89.518%	     0.000	        1	Delegate/reshape 926:753
	                            subtract 927	    0.056	    0.055	  0.004%	 89.521%	     0.000	        1	Delegate/subtract 927:754
	                              square 928	    0.070	    0.069	  0.005%	 89.526%	     0.000	        1	Delegate/square 928:755
	                          reduce_sum 929	    0.043	    0.042	  0.003%	 89.529%	     0.000	        1	Delegate/reduce_sum 929:756
	       reshape 930 -> mul 931 -> add 932	    0.040	    0.041	  0.003%	 89.531%	     0.000	        1	Delegate/reshape 930 -> mul 931 -> add 932:757
	                reshape 933 -> rsqrt 934	    0.006	    0.005	  0.000%	 89.532%	     0.000	        1	Delegate/reshape 933 -> rsqrt 934:758
	                                 mul 935	    0.061	    0.061	  0.004%	 89.536%	     0.000	        1	Delegate/mul 935:759
	                      convolution_2d 938	    2.496	    2.493	  0.166%	 89.702%	     0.000	        1	Delegate/convolution_2d 938:760
	                               slice 939	    0.274	    0.273	  0.018%	 89.720%	     0.000	        1	Delegate/slice 939:761
	        slice 940 -> gelu 941 -> mul 942	    0.398	    0.395	  0.026%	 89.747%	     0.000	        1	Delegate/slice 940 -> gelu 941 -> mul 942:762
	                             reshape 943	    0.272	    0.270	  0.018%	 89.765%	     0.000	        1	Delegate/reshape 943:763
	                      convolution_2d 944	    1.331	    1.331	  0.089%	 89.854%	     0.000	        1	Delegate/convolution_2d 944:764
	                  reshape 945 -> add 946	    0.095	    0.094	  0.006%	 89.860%	     0.000	        1	Delegate/reshape 945 -> add 946:765
	                      convolution_2d 947	    0.346	    0.344	  0.023%	 89.883%	     0.000	        1	Delegate/convolution_2d 947:766
	                  reshape 948 -> add 949	    0.101	    0.101	  0.007%	 89.890%	     0.000	        1	Delegate/reshape 948 -> add 949:767
	                           transpose 950	    0.129	    0.129	  0.009%	 89.898%	     0.000	        1	Delegate/transpose 950:768
	                             reshape 951	    0.147	    0.148	  0.010%	 89.908%	     0.000	        1	Delegate/reshape 951:769
	                          reduce_sum 952	    0.035	    0.034	  0.002%	 89.910%	     0.000	        1	Delegate/reduce_sum 952:770
	                  reshape 953 -> mul 954	    0.006	    0.008	  0.001%	 89.911%	     0.000	        1	Delegate/reshape 953 -> mul 954:771
	                             reshape 955	    0.003	    0.003	  0.000%	 89.911%	     0.000	        1	Delegate/reshape 955:772
	                            subtract 956	    0.015	    0.015	  0.001%	 89.912%	     0.000	        1	Delegate/subtract 956:773
	                              square 957	    0.024	    0.023	  0.002%	 89.913%	     0.000	        1	Delegate/square 957:774
	                          reduce_sum 958	    0.026	    0.025	  0.002%	 89.915%	     0.000	        1	Delegate/reduce_sum 958:775
	       reshape 959 -> mul 960 -> add 961	    0.007	    0.007	  0.000%	 89.916%	     0.000	        1	Delegate/reshape 959 -> mul 960 -> add 961:776
	                reshape 962 -> rsqrt 963	    0.003	    0.003	  0.000%	 89.916%	     0.000	        1	Delegate/reshape 962 -> rsqrt 963:777
	                                 mul 964	    0.021	    0.022	  0.001%	 89.917%	     0.000	        1	Delegate/mul 964:778
	       reshape 965 -> mul 966 -> add 967	    0.115	    0.116	  0.008%	 89.925%	     0.000	        1	Delegate/reshape 965 -> mul 966 -> add 967:779
	                           transpose 968	    0.117	    0.116	  0.008%	 89.933%	     0.000	        1	Delegate/transpose 968:780
	                             reshape 969	    0.028	    0.027	  0.002%	 89.935%	     0.000	        1	Delegate/reshape 969:781
	                      convolution_2d 970	    0.350	    0.350	  0.023%	 89.958%	     0.000	        1	Delegate/convolution_2d 970:782
	                          reduce_sum 971	    0.044	    0.044	  0.003%	 89.961%	     0.000	        1	Delegate/reduce_sum 971:783
	                  reshape 972 -> mul 973	    0.015	    0.016	  0.001%	 89.962%	     0.000	        1	Delegate/reshape 972 -> mul 973:784
	                             reshape 974	    0.005	    0.003	  0.000%	 89.962%	     0.000	        1	Delegate/reshape 974:785
	                            subtract 975	    0.016	    0.016	  0.001%	 89.963%	     0.000	        1	Delegate/subtract 975:786
	                              square 976	    0.025	    0.024	  0.002%	 89.965%	     0.000	        1	Delegate/square 976:787
	                          reduce_sum 977	    0.027	    0.026	  0.002%	 89.966%	     0.000	        1	Delegate/reduce_sum 977:788
	       reshape 978 -> mul 979 -> add 980	    0.015	    0.015	  0.001%	 89.967%	     0.000	        1	Delegate/reshape 978 -> mul 979 -> add 980:789
	                reshape 981 -> rsqrt 982	    0.006	    0.004	  0.000%	 89.968%	     0.000	        1	Delegate/reshape 981 -> rsqrt 982:790
	           mul 983 -> mul 984 -> add 985	    0.022	    0.020	  0.001%	 89.969%	     0.000	        1	Delegate/mul 983 -> mul 984 -> add 985:791
	                             reshape 986	    0.027	    0.027	  0.002%	 89.971%	     0.000	        1	Delegate/reshape 986:792
	                   concat 987 -> add 988	    0.281	    0.279	  0.019%	 89.990%	     0.000	        1	Delegate/concat 987 -> add 988:793
	                               slice 989	    0.035	    0.035	  0.002%	 89.992%	     0.000	        1	Delegate/slice 989:794
	                     fully_connected 990	    0.945	    0.939	  0.063%	 90.055%	     0.000	        1	Delegate/fully_connected 990:795
	                             reshape 991	    0.000	    0.001	  0.000%	 90.055%	     0.000	        1	Delegate/reshape 991:796
	                     fully_connected 992	    5.725	    5.720	  0.382%	 90.436%	     0.000	        1	Delegate/fully_connected 992:797
	                     fully_connected 993	    5.654	    5.641	  0.376%	 90.813%	     0.000	        1	Delegate/fully_connected 993:798
	                             reshape 994	    0.000	    0.000	  0.000%	 90.813%	     0.000	        1	Delegate/reshape 994:799
	                             reshape 995	    1.153	    1.136	  0.076%	 90.889%	     0.000	        1	Delegate/reshape 995:800
	                           transpose 996	    0.271	    0.270	  0.018%	 90.907%	     0.000	        1	Delegate/transpose 996:801
	                             reshape 997	    0.286	    0.282	  0.019%	 90.925%	     0.000	        1	Delegate/reshape 997:802
	                             reshape 998	    1.116	    1.106	  0.074%	 90.999%	     0.000	        1	Delegate/reshape 998:803
	                           transpose 999	    0.271	    0.269	  0.018%	 91.017%	     0.000	        1	Delegate/transpose 999:804
	                            reshape 1000	    0.292	    0.286	  0.019%	 91.036%	     0.000	        1	Delegate/reshape 1000:805
	              mat_mul_reshape_input 1001	    0.030	    0.031	  0.002%	 91.038%	     0.000	        1	Delegate/mat_mul_reshape_input 1001:806
	        bhwc_tensor_to_conv_weights 1001	    0.293	    0.292	  0.019%	 91.058%	     0.000	        1	Delegate/bhwc_tensor_to_conv_weights 1001:807
	             mat_mul_as_convolution 1001	    0.480	    0.481	  0.032%	 91.090%	     0.000	        1	Delegate/mat_mul_as_convolution 1001:808
	 mat_mul_reshape_output 1001 -> mul 1002	    0.007	    0.007	  0.000%	 91.090%	     0.000	        1	Delegate/mat_mul_reshape_output 1001 -> mul 1002:809
	                            softmax 1003	    0.099	    0.099	  0.007%	 91.097%	     0.000	        1	Delegate/softmax 1003:810
	              mat_mul_reshape_input 1004	    0.012	    0.012	  0.001%	 91.098%	     0.000	        1	Delegate/mat_mul_reshape_input 1004:811
	        bhwc_tensor_to_conv_weights 1004	    0.273	    0.271	  0.018%	 91.116%	     0.000	        1	Delegate/bhwc_tensor_to_conv_weights 1004:812
	             mat_mul_as_convolution 1004	    0.181	    0.178	  0.012%	 91.128%	     0.000	        1	Delegate/mat_mul_as_convolution 1004:813
	             mat_mul_reshape_output 1004	    0.028	    0.028	  0.002%	 91.130%	     0.000	        1	Delegate/mat_mul_reshape_output 1004:814
	                            reshape 1005	    0.026	    0.025	  0.002%	 91.131%	     0.000	        1	Delegate/reshape 1005:815
	                     convolution_2d 1006	    0.352	    0.353	  0.024%	 91.155%	     0.000	        1	Delegate/convolution_2d 1006:816
	                reshape 1007 -> add 1008	    0.060	    0.061	  0.004%	 91.159%	     0.000	        1	Delegate/reshape 1007 -> add 1008:817
	                         reduce_sum 1009	    0.059	    0.058	  0.004%	 91.163%	     0.000	        1	Delegate/reduce_sum 1009:818
	                reshape 1010 -> mul 1011	    0.018	    0.019	  0.001%	 91.164%	     0.000	        1	Delegate/reshape 1010 -> mul 1011:819
	                            reshape 1012	    0.005	    0.005	  0.000%	 91.165%	     0.000	        1	Delegate/reshape 1012:820
	                           subtract 1013	    0.017	    0.016	  0.001%	 91.166%	     0.000	        1	Delegate/subtract 1013:821
	                             square 1014	    0.024	    0.024	  0.002%	 91.167%	     0.000	        1	Delegate/square 1014:822
	                         reduce_sum 1015	    0.027	    0.024	  0.002%	 91.169%	     0.000	        1	Delegate/reduce_sum 1015:823
	    reshape 1016 -> mul 1017 -> add 1018	    0.016	    0.016	  0.001%	 91.170%	     0.000	        1	Delegate/reshape 1016 -> mul 1017 -> add 1018:824
	              reshape 1019 -> rsqrt 1020	    0.006	    0.006	  0.000%	 91.170%	     0.000	        1	Delegate/reshape 1019 -> rsqrt 1020:825
	        mul 1021 -> mul 1022 -> add 1023	    0.023	    0.024	  0.002%	 91.172%	     0.000	        1	Delegate/mul 1021 -> mul 1022 -> add 1023:826
	                            reshape 1024	    0.027	    0.028	  0.002%	 91.174%	     0.000	        1	Delegate/reshape 1024:827
	                 concat 1025 -> add 1026	    0.286	    0.285	  0.019%	 91.193%	     0.000	        1	Delegate/concat 1025 -> add 1026:828
	                              slice 1027	    0.038	    0.036	  0.002%	 91.195%	     0.000	        1	Delegate/slice 1027:829
	                    fully_connected 1028	    0.949	    0.951	  0.063%	 91.259%	     0.000	        1	Delegate/fully_connected 1028:830
	                            reshape 1029	    0.000	    0.000	  0.000%	 91.259%	     0.000	        1	Delegate/reshape 1029:831
	                    fully_connected 1030	    5.739	    5.721	  0.382%	 91.640%	     0.000	        1	Delegate/fully_connected 1030:832
	                    fully_connected 1031	    5.654	    5.642	  0.376%	 92.017%	     0.000	        1	Delegate/fully_connected 1031:833
	                            reshape 1032	    0.000	    0.000	  0.000%	 92.017%	     0.000	        1	Delegate/reshape 1032:834
	                            reshape 1033	    1.126	    1.144	  0.076%	 92.093%	     0.000	        1	Delegate/reshape 1033:835
	                          transpose 1034	    0.271	    0.270	  0.018%	 92.111%	     0.000	        1	Delegate/transpose 1034:836
	                            reshape 1035	    0.284	    0.282	  0.019%	 92.130%	     0.000	        1	Delegate/reshape 1035:837
	                            reshape 1036	    1.108	    1.101	  0.074%	 92.203%	     0.000	        1	Delegate/reshape 1036:838
	                          transpose 1037	    0.272	    0.269	  0.018%	 92.221%	     0.000	        1	Delegate/transpose 1037:839
	                            reshape 1038	    0.288	    0.286	  0.019%	 92.241%	     0.000	        1	Delegate/reshape 1038:840
	              mat_mul_reshape_input 1039	    0.030	    0.031	  0.002%	 92.243%	     0.000	        1	Delegate/mat_mul_reshape_input 1039:841
	        bhwc_tensor_to_conv_weights 1039	    0.296	    0.292	  0.019%	 92.262%	     0.000	        1	Delegate/bhwc_tensor_to_conv_weights 1039:842
	             mat_mul_as_convolution 1039	    0.485	    0.481	  0.032%	 92.294%	     0.000	        1	Delegate/mat_mul_as_convolution 1039:843
	 mat_mul_reshape_output 1039 -> mul 1040	    0.008	    0.008	  0.001%	 92.295%	     0.000	        1	Delegate/mat_mul_reshape_output 1039 -> mul 1040:844
	                            softmax 1041	    0.099	    0.100	  0.007%	 92.301%	     0.000	        1	Delegate/softmax 1041:845
	              mat_mul_reshape_input 1042	    0.012	    0.012	  0.001%	 92.302%	     0.000	        1	Delegate/mat_mul_reshape_input 1042:846
	        bhwc_tensor_to_conv_weights 1042	    0.272	    0.270	  0.018%	 92.320%	     0.000	        1	Delegate/bhwc_tensor_to_conv_weights 1042:847
	             mat_mul_as_convolution 1042	    0.178	    0.177	  0.012%	 92.332%	     0.000	        1	Delegate/mat_mul_as_convolution 1042:848
	             mat_mul_reshape_output 1042	    0.028	    0.029	  0.002%	 92.334%	     0.000	        1	Delegate/mat_mul_reshape_output 1042:849
	                            reshape 1043	    0.027	    0.027	  0.002%	 92.336%	     0.000	        1	Delegate/reshape 1043:850
	                     convolution_2d 1044	    0.353	    0.353	  0.024%	 92.359%	     0.000	        1	Delegate/convolution_2d 1044:851
	                reshape 1045 -> add 1046	    0.048	    0.048	  0.003%	 92.362%	     0.000	        1	Delegate/reshape 1045 -> add 1046:852
	                         reduce_sum 1047	    0.038	    0.038	  0.003%	 92.365%	     0.000	        1	Delegate/reduce_sum 1047:853
	                reshape 1048 -> mul 1049	    0.016	    0.016	  0.001%	 92.366%	     0.000	        1	Delegate/reshape 1048 -> mul 1049:854
	                            reshape 1050	    0.004	    0.005	  0.000%	 92.366%	     0.000	        1	Delegate/reshape 1050:855
	                           subtract 1051	    0.017	    0.017	  0.001%	 92.368%	     0.000	        1	Delegate/subtract 1051:856
	                             square 1052	    0.024	    0.025	  0.002%	 92.369%	     0.000	        1	Delegate/square 1052:857
	                         reduce_sum 1053	    0.030	    0.030	  0.002%	 92.371%	     0.000	        1	Delegate/reduce_sum 1053:858
	    reshape 1054 -> mul 1055 -> add 1056	    0.017	    0.017	  0.001%	 92.372%	     0.000	        1	Delegate/reshape 1054 -> mul 1055 -> add 1056:859
	              reshape 1057 -> rsqrt 1058	    0.000	    0.002	  0.000%	 92.372%	     0.000	        1	Delegate/reshape 1057 -> rsqrt 1058:860
	                                mul 1059	    0.021	    0.022	  0.001%	 92.374%	     0.000	        1	Delegate/mul 1059:861
	                     convolution_2d 1062	    2.576	    2.577	  0.172%	 92.546%	     0.000	        1	Delegate/convolution_2d 1062:862
	                              slice 1063	    0.136	    0.135	  0.009%	 92.555%	     0.000	        1	Delegate/slice 1063:863
	     slice 1064 -> gelu 1065 -> mul 1066	    0.208	    0.206	  0.014%	 92.569%	     0.000	        1	Delegate/slice 1064 -> gelu 1065 -> mul 1066:864
	                            reshape 1067	    0.139	    0.137	  0.009%	 92.578%	     0.000	        1	Delegate/reshape 1067:865
	                     convolution_2d 1068	    1.385	    1.386	  0.092%	 92.670%	     0.000	        1	Delegate/convolution_2d 1068:866
	                reshape 1069 -> add 1070	    0.047	    0.047	  0.003%	 92.673%	     0.000	        1	Delegate/reshape 1069 -> add 1070:867
	                     convolution_2d 1071	    0.350	    0.350	  0.023%	 92.697%	     0.000	        1	Delegate/convolution_2d 1071:868
	                reshape 1072 -> add 1073	    0.049	    0.049	  0.003%	 92.700%	     0.000	        1	Delegate/reshape 1072 -> add 1073:869
	                     convolution_2d 1074	    2.875	    2.879	  0.192%	 92.892%	     0.000	        1	Delegate/convolution_2d 1074:870
	                 winograd_4x4_to_36 1075	    0.093	    0.083	  0.006%	 92.898%	     0.000	        1	Delegate/winograd_4x4_to_36 1075:871
	       convolution_winograd_4x4_6x6 1075	    0.358	    0.356	  0.024%	 92.921%	     0.000	        1	Delegate/convolution_winograd_4x4_6x6 1075:872
	                 winograd_36_to_4x4 1075	    0.174	    0.172	  0.012%	 92.933%	     0.000	        1	Delegate/winograd_36_to_4x4 1075:873
	                 winograd_4x4_to_36 1076	    0.120	    0.117	  0.008%	 92.941%	     0.000	        1	Delegate/winograd_4x4_to_36 1076:874
	       convolution_winograd_4x4_6x6 1076	    0.223	    0.219	  0.015%	 92.955%	     0.000	        1	Delegate/convolution_winograd_4x4_6x6 1076:875
	                 winograd_36_to_4x4 1076	    0.042	    0.041	  0.003%	 92.958%	     0.000	        1	Delegate/winograd_36_to_4x4 1076:876
	                 winograd_4x4_to_36 1077	    0.078	    0.078	  0.005%	 92.963%	     0.000	        1	Delegate/winograd_4x4_to_36 1077:877
	       convolution_winograd_4x4_6x6 1077	    0.165	    0.165	  0.011%	 92.974%	     0.000	        1	Delegate/convolution_winograd_4x4_6x6 1077:878
	                 winograd_36_to_4x4 1077	    0.012	    0.011	  0.001%	 92.975%	     0.000	        1	Delegate/winograd_36_to_4x4 1077:879
	                               relu 1078	    0.004	    0.004	  0.000%	 92.975%	     0.000	        1	Delegate/relu 1078:880
	                 winograd_4x4_to_36 1079	    0.017	    0.017	  0.001%	 92.976%	     0.000	        1	Delegate/winograd_4x4_to_36 1079:881
	       convolution_winograd_4x4_6x6 1079	    0.035	    0.035	  0.002%	 92.979%	     0.000	        1	Delegate/convolution_winograd_4x4_6x6 1079:882
	    winograd_36_to_4x4 1079 -> relu 1080	    0.015	    0.015	  0.001%	 92.980%	     0.000	        1	Delegate/winograd_36_to_4x4 1079 -> relu 1080:883
	                 winograd_4x4_to_36 1081	    0.017	    0.017	  0.001%	 92.981%	     0.000	        1	Delegate/winograd_4x4_to_36 1081:884
	       convolution_winograd_4x4_6x6 1081	    0.037	    0.036	  0.002%	 92.983%	     0.000	        1	Delegate/convolution_winograd_4x4_6x6 1081:885
	     winograd_36_to_4x4 1081 -> add 1082	    0.020	    0.020	  0.001%	 92.985%	     0.000	        1	Delegate/winograd_36_to_4x4 1081 -> add 1082:886
	                             resize 1083	    0.010	    0.010	  0.001%	 92.985%	     0.000	        1	Delegate/resize 1083:887
	                     convolution_2d 1084	    0.043	    0.043	  0.003%	 92.988%	     0.000	        1	Delegate/convolution_2d 1084:888
	                          transpose 1085	    0.080	    0.079	  0.005%	 92.993%	     0.000	        1	Delegate/transpose 1085:889
	                            reshape 1086	    0.106	    0.105	  0.007%	 93.001%	     0.000	        1	Delegate/reshape 1086:890
	                         reduce_sum 1087	    0.022	    0.022	  0.001%	 93.002%	     0.000	        1	Delegate/reduce_sum 1087:891
	                reshape 1088 -> mul 1089	    0.008	    0.008	  0.001%	 93.003%	     0.000	        1	Delegate/reshape 1088 -> mul 1089:892
	                            reshape 1090	    0.003	    0.003	  0.000%	 93.003%	     0.000	        1	Delegate/reshape 1090:893
	                           subtract 1091	    0.010	    0.010	  0.001%	 93.003%	     0.000	        1	Delegate/subtract 1091:894
	                             square 1092	    0.008	    0.008	  0.001%	 93.004%	     0.000	        1	Delegate/square 1092:895
	                         reduce_sum 1093	    0.019	    0.018	  0.001%	 93.005%	     0.000	        1	Delegate/reduce_sum 1093:896
	    reshape 1094 -> mul 1095 -> add 1096	    0.008	    0.008	  0.001%	 93.006%	     0.000	        1	Delegate/reshape 1094 -> mul 1095 -> add 1096:897
	              reshape 1097 -> rsqrt 1098	    0.005	    0.005	  0.000%	 93.006%	     0.000	        1	Delegate/reshape 1097 -> rsqrt 1098:898
	                                mul 1099	    0.008	    0.008	  0.001%	 93.007%	     0.000	        1	Delegate/mul 1099:899
	    reshape 1100 -> mul 1101 -> add 1102	    0.078	    0.078	  0.005%	 93.012%	     0.000	        1	Delegate/reshape 1100 -> mul 1101 -> add 1102:900
	                          transpose 1103	    0.074	    0.074	  0.005%	 93.017%	     0.000	        1	Delegate/transpose 1103:901
	                            reshape 1104	    0.016	    0.016	  0.001%	 93.018%	     0.000	        1	Delegate/reshape 1104:902
	                     convolution_2d 1105	    0.045	    0.044	  0.003%	 93.021%	     0.000	        1	Delegate/convolution_2d 1105:903
	                         reduce_sum 1106	    0.006	    0.006	  0.000%	 93.021%	     0.000	        1	Delegate/reduce_sum 1106:904
	                reshape 1107 -> mul 1108	    0.046	    0.046	  0.003%	 93.024%	     0.000	        1	Delegate/reshape 1107 -> mul 1108:905
	                            reshape 1109	    0.005	    0.005	  0.000%	 93.025%	     0.000	        1	Delegate/reshape 1109:906
	                           subtract 1110	    0.011	    0.011	  0.001%	 93.025%	     0.000	        1	Delegate/subtract 1110:907
	                             square 1111	    0.012	    0.012	  0.001%	 93.026%	     0.000	        1	Delegate/square 1111:908
	                         reduce_sum 1112	    0.005	    0.005	  0.000%	 93.026%	     0.000	        1	Delegate/reduce_sum 1112:909
	    reshape 1113 -> mul 1114 -> add 1115	    0.041	    0.041	  0.003%	 93.029%	     0.000	        1	Delegate/reshape 1113 -> mul 1114 -> add 1115:910
	              reshape 1116 -> rsqrt 1117	    0.004	    0.005	  0.000%	 93.029%	     0.000	        1	Delegate/reshape 1116 -> rsqrt 1117:911
	        mul 1118 -> mul 1119 -> add 1120	    0.012	    0.011	  0.001%	 93.030%	     0.000	        1	Delegate/mul 1118 -> mul 1119 -> add 1120:912
	                            reshape 1121	    0.018	    0.018	  0.001%	 93.031%	     0.000	        1	Delegate/reshape 1121:913
	                 concat 1122 -> add 1123	    0.185	    0.183	  0.012%	 93.044%	     0.000	        1	Delegate/concat 1122 -> add 1123:914
	                              slice 1124	    0.017	    0.016	  0.001%	 93.045%	     0.000	        1	Delegate/slice 1124:915
	                    fully_connected 1125	    0.136	    0.140	  0.009%	 93.054%	     0.000	        1	Delegate/fully_connected 1125:916
	                            reshape 1126	    0.129	    0.123	  0.008%	 93.062%	     0.000	        1	Delegate/reshape 1126:917
	                    fully_connected 1127	    0.678	    0.674	  0.045%	 93.107%	     0.000	        1	Delegate/fully_connected 1127:918
	                    fully_connected 1128	    0.674	    0.673	  0.045%	 93.152%	     0.000	        1	Delegate/fully_connected 1128:919
	                            reshape 1129	    0.000	    0.000	  0.000%	 93.152%	     0.000	        1	Delegate/reshape 1129:920
	                            reshape 1130	    0.811	    0.801	  0.053%	 93.206%	     0.000	        1	Delegate/reshape 1130:921
	                          transpose 1131	    0.174	    0.172	  0.011%	 93.217%	     0.000	        1	Delegate/transpose 1131:922
	                            reshape 1132	    0.181	    0.181	  0.012%	 93.229%	     0.000	        1	Delegate/reshape 1132:923
	                            reshape 1133	    0.808	    0.800	  0.053%	 93.283%	     0.000	        1	Delegate/reshape 1133:924
	                          transpose 1134	    0.174	    0.171	  0.011%	 93.294%	     0.000	        1	Delegate/transpose 1134:925
	                            reshape 1135	    0.185	    0.182	  0.012%	 93.306%	     0.000	        1	Delegate/reshape 1135:926
	              mat_mul_reshape_input 1136	    0.019	    0.021	  0.001%	 93.308%	     0.000	        1	Delegate/mat_mul_reshape_input 1136:927
	        bhwc_tensor_to_conv_weights 1136	    0.190	    0.189	  0.013%	 93.320%	     0.000	        1	Delegate/bhwc_tensor_to_conv_weights 1136:928
	             mat_mul_as_convolution 1136	    0.136	    0.134	  0.009%	 93.329%	     0.000	        1	Delegate/mat_mul_as_convolution 1136:929
	 mat_mul_reshape_output 1136 -> mul 1137	    0.018	    0.018	  0.001%	 93.330%	     0.000	        1	Delegate/mat_mul_reshape_output 1136 -> mul 1137:930
	                            softmax 1138	    0.377	    0.378	  0.025%	 93.355%	     0.000	        1	Delegate/softmax 1138:931
	              mat_mul_reshape_input 1139	    0.018	    0.018	  0.001%	 93.357%	     0.000	        1	Delegate/mat_mul_reshape_input 1139:932
	        bhwc_tensor_to_conv_weights 1139	    0.193	    0.191	  0.013%	 93.369%	     0.000	        1	Delegate/bhwc_tensor_to_conv_weights 1139:933
	             mat_mul_as_convolution 1139	    0.128	    0.127	  0.008%	 93.378%	     0.000	        1	Delegate/mat_mul_as_convolution 1139:934
	             mat_mul_reshape_output 1139	    0.018	    0.018	  0.001%	 93.379%	     0.000	        1	Delegate/mat_mul_reshape_output 1139:935
	                            reshape 1140	    0.015	    0.015	  0.001%	 93.380%	     0.000	        1	Delegate/reshape 1140:936
	                     convolution_2d 1141	    0.047	    0.047	  0.003%	 93.383%	     0.000	        1	Delegate/convolution_2d 1141:937
	                reshape 1142 -> add 1143	    0.033	    0.032	  0.002%	 93.385%	     0.000	        1	Delegate/reshape 1142 -> add 1143:938
	                         reduce_sum 1144	    0.007	    0.007	  0.001%	 93.386%	     0.000	        1	Delegate/reduce_sum 1144:939
	                reshape 1145 -> mul 1146	    0.041	    0.041	  0.003%	 93.389%	     0.000	        1	Delegate/reshape 1145 -> mul 1146:940
	                            reshape 1147	    0.006	    0.005	  0.000%	 93.389%	     0.000	        1	Delegate/reshape 1147:941
	                           subtract 1148	    0.008	    0.008	  0.001%	 93.390%	     0.000	        1	Delegate/subtract 1148:942
	                             square 1149	    0.013	    0.013	  0.001%	 93.390%	     0.000	        1	Delegate/square 1149:943
	                         reduce_sum 1150	    0.006	    0.006	  0.000%	 93.391%	     0.000	        1	Delegate/reduce_sum 1150:944
	    reshape 1151 -> mul 1152 -> add 1153	    0.039	    0.040	  0.003%	 93.393%	     0.000	        1	Delegate/reshape 1151 -> mul 1152 -> add 1153:945
	              reshape 1154 -> rsqrt 1155	    0.006	    0.005	  0.000%	 93.394%	     0.000	        1	Delegate/reshape 1154 -> rsqrt 1155:946
	        mul 1156 -> mul 1157 -> add 1158	    0.011	    0.011	  0.001%	 93.394%	     0.000	        1	Delegate/mul 1156 -> mul 1157 -> add 1158:947
	                            reshape 1159	    0.018	    0.018	  0.001%	 93.396%	     0.000	        1	Delegate/reshape 1159:948
	                 concat 1160 -> add 1161	    0.183	    0.184	  0.012%	 93.408%	     0.000	        1	Delegate/concat 1160 -> add 1161:949
	                              slice 1162	    0.015	    0.016	  0.001%	 93.409%	     0.000	        1	Delegate/slice 1162:950
	                    fully_connected 1163	    0.136	    0.136	  0.009%	 93.418%	     0.000	        1	Delegate/fully_connected 1163:951
	                            reshape 1164	    0.140	    0.140	  0.009%	 93.427%	     0.000	        1	Delegate/reshape 1164:952
	                    fully_connected 1165	    0.699	    0.698	  0.047%	 93.474%	     0.000	        1	Delegate/fully_connected 1165:953
	                    fully_connected 1166	    0.678	    0.676	  0.045%	 93.519%	     0.000	        1	Delegate/fully_connected 1166:954
	                            reshape 1167	    0.000	    0.000	  0.000%	 93.519%	     0.000	        1	Delegate/reshape 1167:955
	                            reshape 1168	    0.814	    0.802	  0.054%	 93.573%	     0.000	        1	Delegate/reshape 1168:956
	                          transpose 1169	    0.173	    0.173	  0.012%	 93.584%	     0.000	        1	Delegate/transpose 1169:957
	                            reshape 1170	    0.183	    0.182	  0.012%	 93.596%	     0.000	        1	Delegate/reshape 1170:958
	                            reshape 1171	    0.805	    0.802	  0.054%	 93.650%	     0.000	        1	Delegate/reshape 1171:959
	                          transpose 1172	    0.172	    0.171	  0.011%	 93.661%	     0.000	        1	Delegate/transpose 1172:960
	                            reshape 1173	    0.183	    0.182	  0.012%	 93.673%	     0.000	        1	Delegate/reshape 1173:961
	              mat_mul_reshape_input 1174	    0.022	    0.021	  0.001%	 93.675%	     0.000	        1	Delegate/mat_mul_reshape_input 1174:962
	        bhwc_tensor_to_conv_weights 1174	    0.192	    0.189	  0.013%	 93.688%	     0.000	        1	Delegate/bhwc_tensor_to_conv_weights 1174:963
	             mat_mul_as_convolution 1174	    0.133	    0.134	  0.009%	 93.696%	     0.000	        1	Delegate/mat_mul_as_convolution 1174:964
	 mat_mul_reshape_output 1174 -> mul 1175	    0.018	    0.018	  0.001%	 93.698%	     0.000	        1	Delegate/mat_mul_reshape_output 1174 -> mul 1175:965
	                            softmax 1176	    0.377	    0.377	  0.025%	 93.723%	     0.000	        1	Delegate/softmax 1176:966
	              mat_mul_reshape_input 1177	    0.020	    0.020	  0.001%	 93.724%	     0.000	        1	Delegate/mat_mul_reshape_input 1177:967
	        bhwc_tensor_to_conv_weights 1177	    0.189	    0.189	  0.013%	 93.737%	     0.000	        1	Delegate/bhwc_tensor_to_conv_weights 1177:968
	             mat_mul_as_convolution 1177	    0.127	    0.127	  0.008%	 93.745%	     0.000	        1	Delegate/mat_mul_as_convolution 1177:969
	             mat_mul_reshape_output 1177	    0.018	    0.018	  0.001%	 93.746%	     0.000	        1	Delegate/mat_mul_reshape_output 1177:970
	                            reshape 1178	    0.015	    0.015	  0.001%	 93.747%	     0.000	        1	Delegate/reshape 1178:971
	                     convolution_2d 1179	    0.048	    0.048	  0.003%	 93.751%	     0.000	        1	Delegate/convolution_2d 1179:972
	                reshape 1180 -> add 1181	    0.030	    0.030	  0.002%	 93.753%	     0.000	        1	Delegate/reshape 1180 -> add 1181:973
	                         reduce_sum 1182	    0.007	    0.006	  0.000%	 93.753%	     0.000	        1	Delegate/reduce_sum 1182:974
	                reshape 1183 -> mul 1184	    0.043	    0.043	  0.003%	 93.756%	     0.000	        1	Delegate/reshape 1183 -> mul 1184:975
	                            reshape 1185	    0.004	    0.005	  0.000%	 93.756%	     0.000	        1	Delegate/reshape 1185:976
	                           subtract 1186	    0.010	    0.009	  0.001%	 93.757%	     0.000	        1	Delegate/subtract 1186:977
	                             square 1187	    0.010	    0.010	  0.001%	 93.758%	     0.000	        1	Delegate/square 1187:978
	                         reduce_sum 1188	    0.005	    0.005	  0.000%	 93.758%	     0.000	        1	Delegate/reduce_sum 1188:979
	    reshape 1189 -> mul 1190 -> add 1191	    0.040	    0.040	  0.003%	 93.761%	     0.000	        1	Delegate/reshape 1189 -> mul 1190 -> add 1191:980
	              reshape 1192 -> rsqrt 1193	    0.004	    0.005	  0.000%	 93.761%	     0.000	        1	Delegate/reshape 1192 -> rsqrt 1193:981
	                                mul 1194	    0.020	    0.020	  0.001%	 93.762%	     0.000	        1	Delegate/mul 1194:982
	                     convolution_2d 1197	    0.303	    0.303	  0.020%	 93.783%	     0.000	        1	Delegate/convolution_2d 1197:983
	                              slice 1198	    0.098	    0.097	  0.006%	 93.789%	     0.000	        1	Delegate/slice 1198:984
	     slice 1199 -> gelu 1200 -> mul 1201	    0.141	    0.140	  0.009%	 93.798%	     0.000	        1	Delegate/slice 1199 -> gelu 1200 -> mul 1201:985
	                            reshape 1202	    0.090	    0.089	  0.006%	 93.804%	     0.000	        1	Delegate/reshape 1202:986
	                     convolution_2d 1203	    0.172	    0.171	  0.011%	 93.816%	     0.000	        1	Delegate/convolution_2d 1203:987
	                reshape 1204 -> add 1205	    0.027	    0.026	  0.002%	 93.817%	     0.000	        1	Delegate/reshape 1204 -> add 1205:988
	                     convolution_2d 1206	    0.045	    0.045	  0.003%	 93.820%	     0.000	        1	Delegate/convolution_2d 1206:989
	                reshape 1207 -> add 1208	    0.032	    0.031	  0.002%	 93.822%	     0.000	        1	Delegate/reshape 1207 -> add 1208:990
	                               relu 1209	    0.023	    0.022	  0.002%	 93.824%	     0.000	        1	Delegate/relu 1209:991
	                 winograd_4x4_to_36 1210	    0.047	    0.046	  0.003%	 93.827%	     0.000	        1	Delegate/winograd_4x4_to_36 1210:992
	       convolution_winograd_4x4_6x6 1210	    0.089	    0.091	  0.006%	 93.833%	     0.000	        1	Delegate/convolution_winograd_4x4_6x6 1210:993
	    winograd_36_to_4x4 1210 -> relu 1211	    0.044	    0.044	  0.003%	 93.836%	     0.000	        1	Delegate/winograd_36_to_4x4 1210 -> relu 1211:994
	                 winograd_4x4_to_36 1212	    0.032	    0.031	  0.002%	 93.838%	     0.000	        1	Delegate/winograd_4x4_to_36 1212:995
	       convolution_winograd_4x4_6x6 1212	    0.085	    0.084	  0.006%	 93.844%	     0.000	        1	Delegate/convolution_winograd_4x4_6x6 1212:996
	winograd_36_to_4x4 1212 -> add 1213 -> add 1214	    0.074	    0.073	  0.005%	 93.849%	     0.000	        1	Delegate/winograd_36_to_4x4 1212 -> add 1213 -> add 1214:997
	                               relu 1215	    0.012	    0.012	  0.001%	 93.849%	     0.000	        1	Delegate/relu 1215:998
	                 winograd_4x4_to_36 1216	    0.032	    0.033	  0.002%	 93.852%	     0.000	        1	Delegate/winograd_4x4_to_36 1216:999
	       convolution_winograd_4x4_6x6 1216	    0.085	    0.086	  0.006%	 93.857%	     0.000	        1	Delegate/convolution_winograd_4x4_6x6 1216:1000
	    winograd_36_to_4x4 1216 -> relu 1217	    0.042	    0.042	  0.003%	 93.860%	     0.000	        1	Delegate/winograd_36_to_4x4 1216 -> relu 1217:1001
	                 winograd_4x4_to_36 1218	    0.032	    0.031	  0.002%	 93.862%	     0.000	        1	Delegate/winograd_4x4_to_36 1218:1002
	       convolution_winograd_4x4_6x6 1218	    0.087	    0.084	  0.006%	 93.868%	     0.000	        1	Delegate/convolution_winograd_4x4_6x6 1218:1003
	     winograd_36_to_4x4 1218 -> add 1219	    0.060	    0.060	  0.004%	 93.872%	     0.000	        1	Delegate/winograd_36_to_4x4 1218 -> add 1219:1004
	                             resize 1220	    0.051	    0.052	  0.003%	 93.875%	     0.000	        1	Delegate/resize 1220:1005
	                     convolution_2d 1221	    0.157	    0.157	  0.010%	 93.886%	     0.000	        1	Delegate/convolution_2d 1221:1006
	                          transpose 1222	    0.298	    0.303	  0.020%	 93.906%	     0.000	        1	Delegate/transpose 1222:1007
	                            reshape 1223	    0.114	    0.113	  0.008%	 93.913%	     0.000	        1	Delegate/reshape 1223:1008
	                         reduce_sum 1224	    0.100	    0.101	  0.007%	 93.920%	     0.000	        1	Delegate/reduce_sum 1224:1009
	                reshape 1225 -> mul 1226	    0.008	    0.008	  0.001%	 93.921%	     0.000	        1	Delegate/reshape 1225 -> mul 1226:1010
	                            reshape 1227	    0.005	    0.005	  0.000%	 93.921%	     0.000	        1	Delegate/reshape 1227:1011
	                           subtract 1228	    0.083	    0.079	  0.005%	 93.926%	     0.000	        1	Delegate/subtract 1228:1012
	                             square 1229	    0.090	    0.090	  0.006%	 93.932%	     0.000	        1	Delegate/square 1229:1013
	                         reduce_sum 1230	    0.099	    0.103	  0.007%	 93.939%	     0.000	        1	Delegate/reduce_sum 1230:1014
	    reshape 1231 -> mul 1232 -> add 1233	    0.009	    0.007	  0.000%	 93.940%	     0.000	        1	Delegate/reshape 1231 -> mul 1232 -> add 1233:1015
	              reshape 1234 -> rsqrt 1235	    0.005	    0.005	  0.000%	 93.940%	     0.000	        1	Delegate/reshape 1234 -> rsqrt 1235:1016
	                                mul 1236	    0.080	    0.080	  0.005%	 93.945%	     0.000	        1	Delegate/mul 1236:1017
	    reshape 1237 -> mul 1238 -> add 1239	    0.105	    0.104	  0.007%	 93.952%	     0.000	        1	Delegate/reshape 1237 -> mul 1238 -> add 1239:1018
	                          transpose 1240	    0.302	    0.300	  0.020%	 93.972%	     0.000	        1	Delegate/transpose 1240:1019
	                            reshape 1241	    0.090	    0.089	  0.006%	 93.978%	     0.000	        1	Delegate/reshape 1241:1020
	                     convolution_2d 1242	    0.165	    0.166	  0.011%	 93.989%	     0.000	        1	Delegate/convolution_2d 1242:1021
	                         reduce_sum 1243	    0.045	    0.045	  0.003%	 93.992%	     0.000	        1	Delegate/reduce_sum 1243:1022
	                reshape 1244 -> mul 1245	    0.079	    0.079	  0.005%	 93.998%	     0.000	        1	Delegate/reshape 1244 -> mul 1245:1023
	                            reshape 1246	    0.008	    0.008	  0.001%	 93.998%	     0.000	        1	Delegate/reshape 1246:1024
	                           subtract 1247	    0.090	    0.090	  0.006%	 94.004%	     0.000	        1	Delegate/subtract 1247:1025
	                             square 1248	    0.091	    0.090	  0.006%	 94.010%	     0.000	        1	Delegate/square 1248:1026
	                         reduce_sum 1249	    0.053	    0.052	  0.003%	 94.014%	     0.000	        1	Delegate/reduce_sum 1249:1027
	    reshape 1250 -> mul 1251 -> add 1252	    0.072	    0.072	  0.005%	 94.019%	     0.000	        1	Delegate/reshape 1250 -> mul 1251 -> add 1252:1028
	              reshape 1253 -> rsqrt 1254	    0.008	    0.008	  0.001%	 94.019%	     0.000	        1	Delegate/reshape 1253 -> rsqrt 1254:1029
	        mul 1255 -> mul 1256 -> add 1257	    0.091	    0.090	  0.006%	 94.025%	     0.000	        1	Delegate/mul 1255 -> mul 1256 -> add 1257:1030
	                            reshape 1258	    0.094	    0.093	  0.006%	 94.031%	     0.000	        1	Delegate/reshape 1258:1031
	                 concat 1259 -> add 1260	    0.730	    0.719	  0.048%	 94.079%	     0.000	        1	Delegate/concat 1259 -> add 1260:1032
	                              slice 1261	    0.092	    0.092	  0.006%	 94.085%	     0.000	        1	Delegate/slice 1261:1033
	                    fully_connected 1262	    0.350	    0.350	  0.023%	 94.109%	     0.000	        1	Delegate/fully_connected 1262:1034
	                            reshape 1263	    0.752	    0.747	  0.050%	 94.159%	     0.000	        1	Delegate/reshape 1263:1035
	                    fully_connected 1264	    2.661	    2.653	  0.177%	 94.336%	     0.000	        1	Delegate/fully_connected 1264:1036
	                    fully_connected 1265	    2.702	    2.694	  0.180%	 94.515%	     0.000	        1	Delegate/fully_connected 1265:1037
	                            reshape 1266	    0.026	    0.025	  0.002%	 94.517%	     0.000	        1	Delegate/reshape 1266:1038
	                            reshape 1267	    3.195	    3.145	  0.210%	 94.727%	     0.000	        1	Delegate/reshape 1267:1039
	                          transpose 1268	    0.708	    0.702	  0.047%	 94.774%	     0.000	        1	Delegate/transpose 1268:1040
	                            reshape 1269	    0.736	    0.728	  0.049%	 94.822%	     0.000	        1	Delegate/reshape 1269:1041
	                            reshape 1270	    3.154	    3.119	  0.208%	 95.031%	     0.000	        1	Delegate/reshape 1270:1042
	                          transpose 1271	    0.705	    0.703	  0.047%	 95.077%	     0.000	        1	Delegate/transpose 1271:1043
	                            reshape 1272	    0.734	    0.729	  0.049%	 95.126%	     0.000	        1	Delegate/reshape 1272:1044
	              mat_mul_reshape_input 1273	    0.087	    0.085	  0.006%	 95.132%	     0.000	        1	Delegate/mat_mul_reshape_input 1273:1045
	        bhwc_tensor_to_conv_weights 1273	    0.750	    0.744	  0.050%	 95.181%	     0.000	        1	Delegate/bhwc_tensor_to_conv_weights 1273:1046
	             mat_mul_as_convolution 1273	    0.469	    0.463	  0.031%	 95.212%	     0.000	        1	Delegate/mat_mul_as_convolution 1273:1047
	 mat_mul_reshape_output 1273 -> mul 1274	    0.084	    0.084	  0.006%	 95.218%	     0.000	        1	Delegate/mat_mul_reshape_output 1273 -> mul 1274:1048
	                            softmax 1275	    1.549	    1.548	  0.103%	 95.321%	     0.000	        1	Delegate/softmax 1275:1049
	              mat_mul_reshape_input 1276	    0.091	    0.090	  0.006%	 95.327%	     0.000	        1	Delegate/mat_mul_reshape_input 1276:1050
	        bhwc_tensor_to_conv_weights 1276	    0.750	    0.742	  0.050%	 95.377%	     0.000	        1	Delegate/bhwc_tensor_to_conv_weights 1276:1051
	             mat_mul_as_convolution 1276	    0.461	    0.455	  0.030%	 95.407%	     0.000	        1	Delegate/mat_mul_as_convolution 1276:1052
	             mat_mul_reshape_output 1276	    0.083	    0.083	  0.006%	 95.413%	     0.000	        1	Delegate/mat_mul_reshape_output 1276:1053
	                            reshape 1277	    0.134	    0.133	  0.009%	 95.422%	     0.000	        1	Delegate/reshape 1277:1054
	                     convolution_2d 1278	    0.165	    0.165	  0.011%	 95.433%	     0.000	        1	Delegate/convolution_2d 1278:1055
	                reshape 1279 -> add 1280	    0.136	    0.135	  0.009%	 95.442%	     0.000	        1	Delegate/reshape 1279 -> add 1280:1056
	                         reduce_sum 1281	    0.050	    0.050	  0.003%	 95.445%	     0.000	        1	Delegate/reduce_sum 1281:1057
	                reshape 1282 -> mul 1283	    0.084	    0.076	  0.005%	 95.450%	     0.000	        1	Delegate/reshape 1282 -> mul 1283:1058
	                            reshape 1284	    0.000	    0.008	  0.001%	 95.450%	     0.000	        1	Delegate/reshape 1284:1059
	                           subtract 1285	    0.091	    0.092	  0.006%	 95.457%	     0.000	        1	Delegate/subtract 1285:1060
	                             square 1286	    0.089	    0.090	  0.006%	 95.463%	     0.000	        1	Delegate/square 1286:1061
	                         reduce_sum 1287	    0.049	    0.049	  0.003%	 95.466%	     0.000	        1	Delegate/reduce_sum 1287:1062
	    reshape 1288 -> mul 1289 -> add 1290	    0.073	    0.073	  0.005%	 95.471%	     0.000	        1	Delegate/reshape 1288 -> mul 1289 -> add 1290:1063
	              reshape 1291 -> rsqrt 1292	    0.009	    0.009	  0.001%	 95.471%	     0.000	        1	Delegate/reshape 1291 -> rsqrt 1292:1064
	        mul 1293 -> mul 1294 -> add 1295	    0.091	    0.090	  0.006%	 95.477%	     0.000	        1	Delegate/mul 1293 -> mul 1294 -> add 1295:1065
	                            reshape 1296	    0.092	    0.092	  0.006%	 95.483%	     0.000	        1	Delegate/reshape 1296:1066
	                 concat 1297 -> add 1298	    0.726	    0.718	  0.048%	 95.531%	     0.000	        1	Delegate/concat 1297 -> add 1298:1067
	                              slice 1299	    0.092	    0.092	  0.006%	 95.537%	     0.000	        1	Delegate/slice 1299:1068
	                    fully_connected 1300	    0.393	    0.390	  0.026%	 95.563%	     0.000	        1	Delegate/fully_connected 1300:1069
	                            reshape 1301	    0.686	    0.681	  0.045%	 95.609%	     0.000	        1	Delegate/reshape 1301:1070
	                    fully_connected 1302	    2.658	    2.650	  0.177%	 95.786%	     0.000	        1	Delegate/fully_connected 1302:1071
	                    fully_connected 1303	    2.691	    2.680	  0.179%	 95.965%	     0.000	        1	Delegate/fully_connected 1303:1072
	                            reshape 1304	    0.022	    0.027	  0.002%	 95.966%	     0.000	        1	Delegate/reshape 1304:1073
	                            reshape 1305	    3.206	    3.169	  0.211%	 96.178%	     0.000	        1	Delegate/reshape 1305:1074
	                          transpose 1306	    0.709	    0.706	  0.047%	 96.225%	     0.000	        1	Delegate/transpose 1306:1075
	                            reshape 1307	    0.739	    0.733	  0.049%	 96.274%	     0.000	        1	Delegate/reshape 1307:1076
	                            reshape 1308	    3.138	    3.114	  0.208%	 96.482%	     0.000	        1	Delegate/reshape 1308:1077
	                          transpose 1309	    0.710	    0.705	  0.047%	 96.529%	     0.000	        1	Delegate/transpose 1309:1078
	                            reshape 1310	    0.735	    0.731	  0.049%	 96.577%	     0.000	        1	Delegate/reshape 1310:1079
	              mat_mul_reshape_input 1311	    0.088	    0.087	  0.006%	 96.583%	     0.000	        1	Delegate/mat_mul_reshape_input 1311:1080
	        bhwc_tensor_to_conv_weights 1311	    0.748	    0.744	  0.050%	 96.633%	     0.000	        1	Delegate/bhwc_tensor_to_conv_weights 1311:1081
	             mat_mul_as_convolution 1311	    0.465	    0.460	  0.031%	 96.664%	     0.000	        1	Delegate/mat_mul_as_convolution 1311:1082
	 mat_mul_reshape_output 1311 -> mul 1312	    0.082	    0.082	  0.005%	 96.669%	     0.000	        1	Delegate/mat_mul_reshape_output 1311 -> mul 1312:1083
	                            softmax 1313	    1.551	    1.549	  0.103%	 96.773%	     0.000	        1	Delegate/softmax 1313:1084
	              mat_mul_reshape_input 1314	    0.091	    0.090	  0.006%	 96.779%	     0.000	        1	Delegate/mat_mul_reshape_input 1314:1085
	        bhwc_tensor_to_conv_weights 1314	    0.744	    0.742	  0.050%	 96.828%	     0.000	        1	Delegate/bhwc_tensor_to_conv_weights 1314:1086
	             mat_mul_as_convolution 1314	    0.474	    0.469	  0.031%	 96.859%	     0.000	        1	Delegate/mat_mul_as_convolution 1314:1087
	             mat_mul_reshape_output 1314	    0.085	    0.083	  0.006%	 96.865%	     0.000	        1	Delegate/mat_mul_reshape_output 1314:1088
	                            reshape 1315	    0.136	    0.134	  0.009%	 96.874%	     0.000	        1	Delegate/reshape 1315:1089
	                     convolution_2d 1316	    0.168	    0.166	  0.011%	 96.885%	     0.000	        1	Delegate/convolution_2d 1316:1090
	                reshape 1317 -> add 1318	    0.138	    0.137	  0.009%	 96.894%	     0.000	        1	Delegate/reshape 1317 -> add 1318:1091
	                         reduce_sum 1319	    0.050	    0.050	  0.003%	 96.897%	     0.000	        1	Delegate/reduce_sum 1319:1092
	                reshape 1320 -> mul 1321	    0.077	    0.077	  0.005%	 96.903%	     0.000	        1	Delegate/reshape 1320 -> mul 1321:1093
	                            reshape 1322	    0.009	    0.009	  0.001%	 96.903%	     0.000	        1	Delegate/reshape 1322:1094
	                           subtract 1323	    0.093	    0.092	  0.006%	 96.909%	     0.000	        1	Delegate/subtract 1323:1095
	                             square 1324	    0.091	    0.091	  0.006%	 96.915%	     0.000	        1	Delegate/square 1324:1096
	                         reduce_sum 1325	    0.050	    0.051	  0.003%	 96.919%	     0.000	        1	Delegate/reduce_sum 1325:1097
	    reshape 1326 -> mul 1327 -> add 1328	    0.073	    0.073	  0.005%	 96.924%	     0.000	        1	Delegate/reshape 1326 -> mul 1327 -> add 1328:1098
	              reshape 1329 -> rsqrt 1330	    0.010	    0.009	  0.001%	 96.924%	     0.000	        1	Delegate/reshape 1329 -> rsqrt 1330:1099
	                                mul 1331	    0.094	    0.093	  0.006%	 96.930%	     0.000	        1	Delegate/mul 1331:1100
	                     convolution_2d 1334	    1.192	    1.190	  0.079%	 97.010%	     0.000	        1	Delegate/convolution_2d 1334:1101
	                              slice 1335	    0.368	    0.366	  0.024%	 97.034%	     0.000	        1	Delegate/slice 1335:1102
	     slice 1336 -> gelu 1337 -> mul 1338	    0.528	    0.524	  0.035%	 97.069%	     0.000	        1	Delegate/slice 1336 -> gelu 1337 -> mul 1338:1103
	                            reshape 1339	    0.364	    0.361	  0.024%	 97.093%	     0.000	        1	Delegate/reshape 1339:1104
	                     convolution_2d 1340	    0.580	    0.580	  0.039%	 97.132%	     0.000	        1	Delegate/convolution_2d 1340:1105
	                reshape 1341 -> add 1342	    0.131	    0.129	  0.009%	 97.141%	     0.000	        1	Delegate/reshape 1341 -> add 1342:1106
	                     convolution_2d 1343	    0.163	    0.162	  0.011%	 97.151%	     0.000	        1	Delegate/convolution_2d 1343:1107
	                reshape 1344 -> add 1345	    0.138	    0.136	  0.009%	 97.161%	     0.000	        1	Delegate/reshape 1344 -> add 1345:1108
	                               relu 1346	    0.086	    0.086	  0.006%	 97.166%	     0.000	        1	Delegate/relu 1346:1109
	                 winograd_4x4_to_36 1347	    0.168	    0.168	  0.011%	 97.177%	     0.000	        1	Delegate/winograd_4x4_to_36 1347:1110
	       convolution_winograd_4x4_6x6 1347	    0.266	    0.266	  0.018%	 97.195%	     0.000	        1	Delegate/convolution_winograd_4x4_6x6 1347:1111
	    winograd_36_to_4x4 1347 -> relu 1348	    0.159	    0.158	  0.011%	 97.206%	     0.000	        1	Delegate/winograd_36_to_4x4 1347 -> relu 1348:1112
	                 winograd_4x4_to_36 1349	    0.153	    0.150	  0.010%	 97.216%	     0.000	        1	Delegate/winograd_4x4_to_36 1349:1113
	       convolution_winograd_4x4_6x6 1349	    0.264	    0.264	  0.018%	 97.233%	     0.000	        1	Delegate/convolution_winograd_4x4_6x6 1349:1114
	winograd_36_to_4x4 1349 -> add 1350 -> add 1351	    0.260	    0.255	  0.017%	 97.250%	     0.000	        1	Delegate/winograd_36_to_4x4 1349 -> add 1350 -> add 1351:1115
	                               relu 1352	    0.086	    0.085	  0.006%	 97.256%	     0.000	        1	Delegate/relu 1352:1116
	                 winograd_4x4_to_36 1353	    0.155	    0.156	  0.010%	 97.266%	     0.000	        1	Delegate/winograd_4x4_to_36 1353:1117
	       convolution_winograd_4x4_6x6 1353	    0.264	    0.262	  0.017%	 97.284%	     0.000	        1	Delegate/convolution_winograd_4x4_6x6 1353:1118
	    winograd_36_to_4x4 1353 -> relu 1354	    0.157	    0.156	  0.010%	 97.294%	     0.000	        1	Delegate/winograd_36_to_4x4 1353 -> relu 1354:1119
	                 winograd_4x4_to_36 1355	    0.151	    0.151	  0.010%	 97.304%	     0.000	        1	Delegate/winograd_4x4_to_36 1355:1120
	       convolution_winograd_4x4_6x6 1355	    0.263	    0.262	  0.017%	 97.322%	     0.000	        1	Delegate/convolution_winograd_4x4_6x6 1355:1121
	     winograd_36_to_4x4 1355 -> add 1356	    0.223	    0.221	  0.015%	 97.337%	     0.000	        1	Delegate/winograd_36_to_4x4 1355 -> add 1356:1122
	                             resize 1357	    0.236	    0.233	  0.016%	 97.352%	     0.000	        1	Delegate/resize 1357:1123
	                     convolution_2d 1358	    0.524	    0.523	  0.035%	 97.387%	     0.000	        1	Delegate/convolution_2d 1358:1124
	                               relu 1359	    0.327	    0.319	  0.021%	 97.408%	     0.000	        1	Delegate/relu 1359:1125
	                 winograd_4x4_to_36 1360	    0.637	    0.635	  0.042%	 97.451%	     0.000	        1	Delegate/winograd_4x4_to_36 1360:1126
	       convolution_winograd_4x4_6x6 1360	    0.916	    0.909	  0.061%	 97.511%	     0.000	        1	Delegate/convolution_winograd_4x4_6x6 1360:1127
	    winograd_36_to_4x4 1360 -> relu 1361	    0.589	    0.583	  0.039%	 97.550%	     0.000	        1	Delegate/winograd_36_to_4x4 1360 -> relu 1361:1128
	                 winograd_4x4_to_36 1362	    0.631	    0.630	  0.042%	 97.592%	     0.000	        1	Delegate/winograd_4x4_to_36 1362:1129
	       convolution_winograd_4x4_6x6 1362	    0.915	    0.912	  0.061%	 97.653%	     0.000	        1	Delegate/convolution_winograd_4x4_6x6 1362:1130
	winograd_36_to_4x4 1362 -> add 1363 -> add 1364	    0.953	    0.945	  0.063%	 97.716%	     0.000	        1	Delegate/winograd_36_to_4x4 1362 -> add 1363 -> add 1364:1131
	                               relu 1365	    0.361	    0.357	  0.024%	 97.740%	     0.000	        1	Delegate/relu 1365:1132
	                 winograd_4x4_to_36 1366	    0.635	    0.634	  0.042%	 97.783%	     0.000	        1	Delegate/winograd_4x4_to_36 1366:1133
	       convolution_winograd_4x4_6x6 1366	    0.902	    0.909	  0.061%	 97.843%	     0.000	        1	Delegate/convolution_winograd_4x4_6x6 1366:1134
	    winograd_36_to_4x4 1366 -> relu 1367	    0.581	    0.579	  0.039%	 97.882%	     0.000	        1	Delegate/winograd_36_to_4x4 1366 -> relu 1367:1135
	                 winograd_4x4_to_36 1368	    0.635	    0.633	  0.042%	 97.924%	     0.000	        1	Delegate/winograd_4x4_to_36 1368:1136
	       convolution_winograd_4x4_6x6 1368	    0.907	    0.913	  0.061%	 97.985%	     0.000	        1	Delegate/convolution_winograd_4x4_6x6 1368:1137
	     winograd_36_to_4x4 1368 -> add 1369	    0.825	    0.823	  0.055%	 98.040%	     0.000	        1	Delegate/winograd_36_to_4x4 1368 -> add 1369:1138
	                             resize 1370	    0.979	    0.968	  0.065%	 98.105%	     0.000	        1	Delegate/resize 1370:1139
	                     convolution_2d 1371	    1.791	    1.787	  0.119%	 98.224%	     0.000	        1	Delegate/convolution_2d 1371:1140
	                 winograd_4x4_to_36 1372	    2.587	    2.574	  0.172%	 98.396%	     0.000	        1	Delegate/winograd_4x4_to_36 1372:1141
	       convolution_winograd_4x4_6x6 1372	    2.413	    2.398	  0.160%	 98.556%	     0.000	        1	Delegate/convolution_winograd_4x4_6x6 1372:1142
	                 winograd_36_to_4x4 1372	    1.175	    1.168	  0.078%	 98.634%	     0.000	        1	Delegate/winograd_36_to_4x4 1372:1143
	                             resize 1373	    1.516	    1.498	  0.100%	 98.734%	     0.000	        1	Delegate/resize 1373:1144
	        convolution_2d 1374 -> relu 1375	    8.692	    8.677	  0.579%	 99.313%	     0.000	        1	Delegate/convolution_2d 1374 -> relu 1375:1145
	convolution_2d 1376 -> relu 1377 -> relu 1379	    1.241	    1.223	  0.082%	 99.394%	     0.000	        1	Delegate/convolution_2d 1376 -> relu 1377 -> relu 1379:1146
	                             resize 1380	    0.416	    0.412	  0.027%	 99.422%	     0.000	        1	Delegate/resize 1380:1147
	                              slice 1381	    0.141	    0.143	  0.010%	 99.431%	     0.000	        1	Delegate/slice 1381:1148
	                              slice 1382	    0.271	    0.267	  0.018%	 99.449%	     0.000	        1	Delegate/slice 1382:1149
	                             concat 1383	    0.480	    0.478	  0.032%	 99.481%	     0.000	        1	Delegate/concat 1383:1150
	                              slice 1384	    0.136	    0.134	  0.009%	 99.490%	     0.000	        1	Delegate/slice 1384:1151
	                              slice 1385	    0.265	    0.266	  0.018%	 99.508%	     0.000	        1	Delegate/slice 1385:1152
	                             concat 1386	    0.476	    0.475	  0.032%	 99.539%	     0.000	        1	Delegate/concat 1386:1153
	                              slice 1387	    0.073	    0.071	  0.005%	 99.544%	     0.000	        1	Delegate/slice 1387:1154
	                              slice 1388	    0.137	    0.135	  0.009%	 99.553%	     0.000	        1	Delegate/slice 1388:1155
	                             concat 1389	    0.246	    0.243	  0.016%	 99.569%	     0.000	        1	Delegate/concat 1389:1156
	                              slice 1390	    0.072	    0.073	  0.005%	 99.574%	     0.000	        1	Delegate/slice 1390:1157
	                              slice 1391	    0.139	    0.136	  0.009%	 99.583%	     0.000	        1	Delegate/slice 1391:1158
	                             concat 1392	    0.244	    0.242	  0.016%	 99.600%	     0.000	        1	Delegate/concat 1392:1159
	                              slice 1393	    0.050	    0.049	  0.003%	 99.603%	     0.000	        1	Delegate/slice 1393:1160
	                              slice 1394	    0.085	    0.086	  0.006%	 99.608%	     0.000	        1	Delegate/slice 1394:1161
	                             concat 1395	    0.161	    0.159	  0.011%	 99.619%	     0.000	        1	Delegate/concat 1395:1162
	                              slice 1396	    0.044	    0.044	  0.003%	 99.622%	     0.000	        1	Delegate/slice 1396:1163
	                              slice 1397	    0.086	    0.086	  0.006%	 99.628%	     0.000	        1	Delegate/slice 1397:1164
	                             concat 1398	    0.162	    0.160	  0.011%	 99.639%	     0.000	        1	Delegate/concat 1398:1165
	                              slice 1399	    0.181	    0.181	  0.012%	 99.651%	     0.000	        1	Delegate/slice 1399:1166
	                              slice 1400	    0.365	    0.358	  0.024%	 99.675%	     0.000	        1	Delegate/slice 1400:1167
	                             concat 1401	    0.640	    0.632	  0.042%	 99.717%	     0.000	        1	Delegate/concat 1401:1168
	                              slice 1402	    0.178	    0.180	  0.012%	 99.729%	     0.000	        1	Delegate/slice 1402:1169
	                              slice 1403	    0.360	    0.355	  0.024%	 99.752%	     0.000	        1	Delegate/slice 1403:1170
	                             concat 1404	    0.640	    0.635	  0.042%	 99.795%	     0.000	        1	Delegate/concat 1404:1171
	                            reshape 1405	    0.489	    0.485	  0.032%	 99.827%	     0.000	        1	Delegate/reshape 1405:1172
	                            reshape 1406	    0.489	    0.484	  0.032%	 99.860%	     0.000	        1	Delegate/reshape 1406:1173
	                            reshape 1407	    0.248	    0.244	  0.016%	 99.876%	     0.000	        1	Delegate/reshape 1407:1174
	                            reshape 1408	    0.247	    0.245	  0.016%	 99.892%	     0.000	        1	Delegate/reshape 1408:1175
	                            reshape 1409	    0.164	    0.164	  0.011%	 99.903%	     0.000	        1	Delegate/reshape 1409:1176
	                            reshape 1410	    0.163	    0.159	  0.011%	 99.914%	     0.000	        1	Delegate/reshape 1410:1177
	                            reshape 1411	    0.651	    0.645	  0.043%	 99.957%	     0.000	        1	Delegate/reshape 1411:1178
	                            reshape 1412	    0.653	    0.648	  0.043%	100.000%	     0.000	        1	Delegate/reshape 1412:1179

============================== Top by Computation Time ==============================
	                             [node type]	  [first]	 [avg ms]	     [%]	  [cdf%]	  [mem KB]	[times called]	[Name]
	               mat_mul_reshape_input 310	   17.029	   16.841	  1.124%	  1.124%	     0.000	        1	Delegate/mat_mul_reshape_input 310:252
	               mat_mul_reshape_input 373	   16.918	   16.841	  1.124%	  2.248%	     0.000	        1	Delegate/mat_mul_reshape_input 373:303
	               mat_mul_reshape_input 184	   16.915	   16.829	  1.123%	  3.371%	     0.000	        1	Delegate/mat_mul_reshape_input 184:150
	                mat_mul_reshape_input 58	   16.896	   16.826	  1.123%	  4.494%	     0.000	        1	Delegate/mat_mul_reshape_input 58:48
	               mat_mul_reshape_input 121	   16.950	   16.823	  1.123%	  5.616%	     0.000	        1	Delegate/mat_mul_reshape_input 121:99
	               mat_mul_reshape_input 247	   16.960	   16.818	  1.122%	  6.739%	     0.000	        1	Delegate/mat_mul_reshape_input 247:201
	               mat_mul_reshape_input 751	   16.799	   16.787	  1.120%	  7.859%	     0.000	        1	Delegate/mat_mul_reshape_input 751:609
	               mat_mul_reshape_input 688	   16.816	   16.783	  1.120%	  8.979%	     0.000	        1	Delegate/mat_mul_reshape_input 688:558
	               mat_mul_reshape_input 625	   16.830	   16.774	  1.119%	 10.098%	     0.000	        1	Delegate/mat_mul_reshape_input 625:507
	               mat_mul_reshape_input 562	   16.805	   16.720	  1.116%	 11.214%	     0.000	        1	Delegate/mat_mul_reshape_input 562:456

Number of nodes executed: 1180
============================== Summary by node type ==============================
	                             [Node type]	  [count]	  [avg ms]	    [avg %]	    [cdf %]	  [mem KB]	[times called]
	               mat_mul_reshape_input 310	        1	    16.841	     1.124%	     1.124%	     0.000	        1
	               mat_mul_reshape_input 373	        1	    16.840	     1.124%	     2.248%	     0.000	        1
	               mat_mul_reshape_input 184	        1	    16.829	     1.123%	     3.372%	     0.000	        1
	                mat_mul_reshape_input 58	        1	    16.826	     1.123%	     4.495%	     0.000	        1
	               mat_mul_reshape_input 121	        1	    16.823	     1.123%	     5.618%	     0.000	        1
	               mat_mul_reshape_input 247	        1	    16.817	     1.123%	     6.741%	     0.000	        1
	               mat_mul_reshape_input 751	        1	    16.787	     1.121%	     7.861%	     0.000	        1
	               mat_mul_reshape_input 688	        1	    16.782	     1.120%	     8.982%	     0.000	        1
	               mat_mul_reshape_input 625	        1	    16.773	     1.120%	    10.102%	     0.000	        1
	               mat_mul_reshape_input 562	        1	    16.720	     1.116%	    11.218%	     0.000	        1
	               mat_mul_reshape_input 436	        1	    16.712	     1.116%	    12.333%	     0.000	        1
	               mat_mul_reshape_input 499	        1	    16.711	     1.116%	    13.449%	     0.000	        1
	                              reshape 54	        1	    16.604	     1.108%	    14.557%	     0.000	        1
	                             reshape 369	        1	    16.595	     1.108%	    15.665%	     0.000	        1
	                             reshape 306	        1	    16.595	     1.108%	    16.773%	     0.000	        1
	                             reshape 117	        1	    16.595	     1.108%	    17.881%	     0.000	        1
	                             reshape 243	        1	    16.594	     1.108%	    18.989%	     0.000	        1
	                             reshape 180	        1	    16.589	     1.107%	    20.096%	     0.000	        1
	                             reshape 747	        1	    16.547	     1.105%	    21.201%	     0.000	        1
	                             reshape 684	        1	    16.542	     1.104%	    22.305%	     0.000	        1
	                             reshape 432	        1	    16.497	     1.101%	    23.406%	     0.000	        1
	                             reshape 558	        1	    16.486	     1.101%	    24.507%	     0.000	        1
	                             reshape 621	        1	    16.474	     1.100%	    25.606%	     0.000	        1
	                             reshape 495	        1	    16.464	     1.099%	    26.706%	     0.000	        1
	              mat_mul_reshape_output 179	        1	    14.151	     0.945%	    27.650%	     0.000	        1
	              mat_mul_reshape_output 368	        1	    14.149	     0.945%	    28.595%	     0.000	        1
	              mat_mul_reshape_output 683	        1	    14.135	     0.944%	    29.538%	     0.000	        1
	              mat_mul_reshape_output 557	        1	    14.058	     0.938%	    30.477%	     0.000	        1
	               mat_mul_reshape_output 53	        1	    14.055	     0.938%	    31.415%	     0.000	        1
	              mat_mul_reshape_output 431	        1	    13.754	     0.918%	    32.333%	     0.000	        1
	              mat_mul_reshape_output 242	        1	    13.753	     0.918%	    33.251%	     0.000	        1
	              mat_mul_reshape_output 746	        1	    13.750	     0.918%	    34.169%	     0.000	        1
	              mat_mul_reshape_output 305	        1	    13.749	     0.918%	    35.087%	     0.000	        1
	              mat_mul_reshape_output 620	        1	    13.746	     0.918%	    36.005%	     0.000	        1
	              mat_mul_reshape_output 494	        1	    13.728	     0.916%	    36.921%	     0.000	        1
	              mat_mul_reshape_output 116	        1	    13.724	     0.916%	    37.837%	     0.000	        1
	                             reshape 308	        1	    13.660	     0.912%	    38.749%	     0.000	        1
	                             reshape 371	        1	    13.653	     0.911%	    39.661%	     0.000	        1
	                             reshape 686	        1	    13.651	     0.911%	    40.572%	     0.000	        1
	                             reshape 245	        1	    13.650	     0.911%	    41.483%	     0.000	        1
	                             reshape 182	        1	    13.649	     0.911%	    42.394%	     0.000	        1
	                             reshape 119	        1	    13.649	     0.911%	    43.306%	     0.000	        1
	                              reshape 56	        1	    13.648	     0.911%	    44.217%	     0.000	        1
	                             reshape 749	        1	    13.646	     0.911%	    45.128%	     0.000	        1
	                             reshape 623	        1	    13.635	     0.910%	    46.038%	     0.000	        1
	                             reshape 560	        1	    13.627	     0.910%	    46.948%	     0.000	        1
	                             reshape 434	        1	    13.624	     0.909%	    47.857%	     0.000	        1
	                             reshape 497	        1	    13.620	     0.909%	    48.766%	     0.000	        1
	                             softmax 307	        1	    11.303	     0.755%	    49.521%	     0.000	        1
	                             softmax 370	        1	    11.293	     0.754%	    50.275%	     0.000	        1
	                             softmax 118	        1	    11.280	     0.753%	    51.028%	     0.000	        1
	                             softmax 244	        1	    11.278	     0.753%	    51.781%	     0.000	        1
	                              softmax 55	        1	    11.275	     0.753%	    52.533%	     0.000	        1
	                             softmax 181	        1	    11.264	     0.752%	    53.285%	     0.000	        1
	                             softmax 748	        1	    11.139	     0.744%	    54.029%	     0.000	        1
	                             softmax 685	        1	    11.119	     0.742%	    54.771%	     0.000	        1
	                             softmax 622	        1	    11.083	     0.740%	    55.511%	     0.000	        1
	                             softmax 559	        1	    10.927	     0.729%	    56.240%	     0.000	        1
	                             softmax 433	        1	    10.923	     0.729%	    56.970%	     0.000	        1
	                             softmax 496	        1	    10.886	     0.727%	    57.696%	     0.000	        1
	        convolution_2d 1374 -> relu 1375	        1	     8.676	     0.579%	    58.276%	     0.000	        1
	                        convolution_2d 2	        1	     8.285	     0.553%	    58.829%	     0.000	        1
	                     fully_connected 992	        1	     5.720	     0.382%	    59.210%	     0.000	        1
	                    fully_connected 1030	        1	     5.720	     0.382%	    59.592%	     0.000	        1
	                     fully_connected 993	        1	     5.641	     0.377%	    59.969%	     0.000	        1
	                    fully_connected 1031	        1	     5.641	     0.377%	    60.345%	     0.000	        1
	                     fully_connected 869	        1	     5.637	     0.376%	    60.722%	     0.000	        1
	                     fully_connected 906	        1	     5.632	     0.376%	    61.098%	     0.000	        1
	                     fully_connected 868	        1	     5.631	     0.376%	    61.474%	     0.000	        1
	                     fully_connected 907	        1	     5.629	     0.376%	    61.849%	     0.000	        1
	               mat_mul_as_convolution 53	        1	     5.577	     0.372%	    62.222%	     0.000	        1
	              mat_mul_as_convolution 368	        1	     5.508	     0.368%	    62.589%	     0.000	        1
	              mat_mul_as_convolution 179	        1	     5.504	     0.367%	    62.957%	     0.000	        1
	              mat_mul_as_convolution 683	        1	     5.470	     0.365%	    63.322%	     0.000	        1
	              mat_mul_as_convolution 557	        1	     5.455	     0.364%	    63.686%	     0.000	        1
	              mat_mul_as_convolution 242	        1	     5.342	     0.357%	    64.043%	     0.000	        1
	              mat_mul_as_convolution 305	        1	     5.332	     0.356%	    64.399%	     0.000	        1
	              mat_mul_as_convolution 116	        1	     5.325	     0.355%	    64.754%	     0.000	        1
	              mat_mul_as_convolution 746	        1	     5.314	     0.355%	    65.109%	     0.000	        1
	              mat_mul_as_convolution 431	        1	     5.307	     0.354%	    65.463%	     0.000	        1
	              mat_mul_as_convolution 620	        1	     5.289	     0.353%	    65.816%	     0.000	        1
	              mat_mul_as_convolution 494	        1	     5.277	     0.352%	    66.169%	     0.000	        1
	                      convolution_2d 273	        1	     5.187	     0.346%	    66.515%	     0.000	        1
	                      convolution_2d 210	        1	     5.185	     0.346%	    66.861%	     0.000	        1
	                      convolution_2d 147	        1	     5.185	     0.346%	    67.207%	     0.000	        1
	                      convolution_2d 651	        1	     5.183	     0.346%	    67.553%	     0.000	        1
	                      convolution_2d 336	        1	     5.183	     0.346%	    67.899%	     0.000	        1
	                       convolution_2d 84	        1	     5.181	     0.346%	    68.245%	     0.000	        1
	          convolution_2d 333 -> gelu 334	        1	     5.181	     0.346%	    68.591%	     0.000	        1
	                      convolution_2d 777	        1	     5.180	     0.346%	    68.937%	     0.000	        1
	                      convolution_2d 714	        1	     5.179	     0.346%	    69.282%	     0.000	        1
	          convolution_2d 144 -> gelu 145	        1	     5.179	     0.346%	    69.628%	     0.000	        1
	            convolution_2d 81 -> gelu 82	        1	     5.178	     0.346%	    69.974%	     0.000	        1
	                      convolution_2d 588	        1	     5.177	     0.346%	    70.319%	     0.000	        1
	                      convolution_2d 525	        1	     5.177	     0.346%	    70.665%	     0.000	        1
	                      convolution_2d 462	        1	     5.177	     0.346%	    71.011%	     0.000	        1
	          convolution_2d 270 -> gelu 271	        1	     5.177	     0.346%	    71.356%	     0.000	        1
	          convolution_2d 207 -> gelu 208	        1	     5.177	     0.346%	    71.702%	     0.000	        1
	                      convolution_2d 399	        1	     5.174	     0.345%	    72.047%	     0.000	        1
	          convolution_2d 396 -> gelu 397	        1	     5.167	     0.345%	    72.392%	     0.000	        1
	          convolution_2d 711 -> gelu 712	        1	     5.146	     0.344%	    72.736%	     0.000	        1
	          convolution_2d 648 -> gelu 649	        1	     5.146	     0.344%	    73.079%	     0.000	        1
	          convolution_2d 774 -> gelu 775	        1	     5.145	     0.343%	    73.423%	     0.000	        1
	          convolution_2d 522 -> gelu 523	        1	     5.143	     0.343%	    73.766%	     0.000	        1
	          convolution_2d 585 -> gelu 586	        1	     5.141	     0.343%	    74.109%	     0.000	        1
	          convolution_2d 459 -> gelu 460	        1	     5.140	     0.343%	    74.452%	     0.000	        1
	              mat_mul_as_convolution 310	        1	     4.427	     0.296%	    74.748%	     0.000	        1
	              mat_mul_as_convolution 184	        1	     4.415	     0.295%	    75.043%	     0.000	        1
	              mat_mul_as_convolution 247	        1	     4.411	     0.294%	    75.337%	     0.000	        1
	              mat_mul_as_convolution 121	        1	     4.411	     0.294%	    75.631%	     0.000	        1
	               mat_mul_as_convolution 58	        1	     4.410	     0.294%	    75.926%	     0.000	        1
	              mat_mul_as_convolution 688	        1	     4.407	     0.294%	    76.220%	     0.000	        1
	              mat_mul_as_convolution 751	        1	     4.404	     0.294%	    76.514%	     0.000	        1
	              mat_mul_as_convolution 625	        1	     4.403	     0.294%	    76.808%	     0.000	        1
	              mat_mul_as_convolution 373	        1	     4.402	     0.294%	    77.102%	     0.000	        1
	              mat_mul_as_convolution 562	        1	     4.396	     0.293%	    77.395%	     0.000	        1
	              mat_mul_as_convolution 436	        1	     4.394	     0.293%	    77.689%	     0.000	        1
	              mat_mul_as_convolution 499	        1	     4.393	     0.293%	    77.982%	     0.000	        1
	                             transpose 1	        1	     4.296	     0.287%	    78.269%	     0.000	        1
	 convolution_2d 4 -> subtract 5 -> mul 6	        1	     3.955	     0.264%	    78.533%	     0.000	        1
	                      convolution_2d 355	        1	     3.827	     0.255%	    78.788%	     0.000	        1
	                       convolution_2d 40	        1	     3.826	     0.255%	    79.044%	     0.000	        1
	                      convolution_2d 292	        1	     3.821	     0.255%	    79.299%	     0.000	        1
	                      convolution_2d 166	        1	     3.821	     0.255%	    79.554%	     0.000	        1
	                      convolution_2d 103	        1	     3.821	     0.255%	    79.809%	     0.000	        1
	                      convolution_2d 544	        1	     3.819	     0.255%	    80.064%	     0.000	        1
	                      convolution_2d 733	        1	     3.818	     0.255%	    80.319%	     0.000	        1
	                      convolution_2d 670	        1	     3.817	     0.255%	    80.573%	     0.000	        1
	                      convolution_2d 481	        1	     3.813	     0.255%	    80.828%	     0.000	        1
	                      convolution_2d 229	        1	     3.807	     0.254%	    81.082%	     0.000	        1
	                      convolution_2d 607	        1	     3.804	     0.254%	    81.336%	     0.000	        1
	                      convolution_2d 418	        1	     3.799	     0.254%	    81.590%	     0.000	        1
	                      convolution_2d 825	        1	     3.207	     0.214%	    81.804%	     0.000	        1
	                            reshape 1305	        1	     3.169	     0.212%	    82.015%	     0.000	        1
	                            reshape 1267	        1	     3.144	     0.210%	    82.225%	     0.000	        1
	                            reshape 1270	        1	     3.118	     0.208%	    82.433%	     0.000	        1
	                            reshape 1308	        1	     3.114	     0.208%	    82.641%	     0.000	        1
	                     convolution_2d 1074	        1	     2.878	     0.192%	    82.833%	     0.000	        1
	                    fully_connected 1265	        1	     2.693	     0.180%	    83.013%	     0.000	        1
	                    fully_connected 1303	        1	     2.679	     0.179%	    83.192%	     0.000	        1
	                    fully_connected 1264	        1	     2.652	     0.177%	    83.369%	     0.000	        1
	                    fully_connected 1302	        1	     2.649	     0.177%	    83.546%	     0.000	        1
	                     convolution_2d 1062	        1	     2.577	     0.172%	    83.718%	     0.000	        1
	                 winograd_4x4_to_36 1372	        1	     2.573	     0.172%	    83.890%	     0.000	        1
	                              reshape 13	        1	     2.518	     0.168%	    84.058%	     0.000	        1
	                              reshape 14	        1	     2.509	     0.167%	    84.225%	     0.000	        1
	                      convolution_2d 938	        1	     2.492	     0.166%	    84.392%	     0.000	        1
	                             reshape 909	        1	     2.421	     0.162%	    84.553%	     0.000	        1
	                             reshape 871	        1	     2.413	     0.161%	    84.714%	     0.000	        1
	       convolution_winograd_4x4_6x6 1372	        1	     2.398	     0.160%	    84.874%	     0.000	        1
	                             reshape 874	        1	     2.384	     0.159%	    85.034%	     0.000	        1
	                             reshape 912	        1	     2.380	     0.159%	    85.192%	     0.000	        1
	                       convolution_2d 16	        1	     2.321	     0.155%	    85.347%	     0.000	        1
	                     convolution_2d 1371	        1	     1.786	     0.119%	    85.467%	     0.000	        1
	                            softmax 1313	        1	     1.549	     0.103%	    85.570%	     0.000	        1
	                            softmax 1275	        1	     1.548	     0.103%	    85.673%	     0.000	        1
	                               reshape 8	        1	     1.517	     0.101%	    85.775%	     0.000	        1
	                             resize 1373	        1	     1.497	     0.100%	    85.875%	     0.000	        1
	                     convolution_2d 1068	        1	     1.385	     0.092%	    85.967%	     0.000	        1
	                      convolution_2d 944	        1	     1.331	     0.089%	    86.056%	     0.000	        1
	                      convolution_2d 503	        1	     1.324	     0.088%	    86.144%	     0.000	        1
	                      convolution_2d 188	        1	     1.320	     0.088%	    86.232%	     0.000	        1
	                      convolution_2d 692	        1	     1.319	     0.088%	    86.320%	     0.000	        1
	                       convolution_2d 62	        1	     1.319	     0.088%	    86.409%	     0.000	        1
	                      convolution_2d 314	        1	     1.319	     0.088%	    86.497%	     0.000	        1
	                      convolution_2d 251	        1	     1.319	     0.088%	    86.585%	     0.000	        1
	                      convolution_2d 755	        1	     1.318	     0.088%	    86.673%	     0.000	        1
	                      convolution_2d 629	        1	     1.318	     0.088%	    86.761%	     0.000	        1
	                      convolution_2d 125	        1	     1.317	     0.088%	    86.848%	     0.000	        1
	                      convolution_2d 440	        1	     1.316	     0.088%	    86.936%	     0.000	        1
	                      convolution_2d 377	        1	     1.315	     0.088%	    87.024%	     0.000	        1
	                      convolution_2d 566	        1	     1.314	     0.088%	    87.112%	     0.000	        1
	convolution_2d 1376 -> relu 1377 -> relu 1379	        1	     1.222	     0.082%	    87.193%	     0.000	        1
	                     convolution_2d 1334	        1	     1.190	     0.079%	    87.273%	     0.000	        1
	                 winograd_36_to_4x4 1372	        1	     1.168	     0.078%	    87.351%	     0.000	        1
	                            reshape 1033	        1	     1.144	     0.076%	    87.427%	     0.000	        1
	                             reshape 995	        1	     1.135	     0.076%	    87.503%	     0.000	        1
	                             reshape 998	        1	     1.105	     0.074%	    87.577%	     0.000	        1
	                            reshape 1036	        1	     1.101	     0.073%	    87.650%	     0.000	        1
	                             resize 1370	        1	     0.967	     0.065%	    87.715%	     0.000	        1
	                    fully_connected 1028	        1	     0.950	     0.063%	    87.778%	     0.000	        1
	winograd_36_to_4x4 1362 -> add 1363 -> add 1364	        1	     0.944	     0.063%	    87.841%	     0.000	        1
	                     fully_connected 990	        1	     0.939	     0.063%	    87.904%	     0.000	        1
	       convolution_winograd_4x4_6x6 1368	        1	     0.913	     0.061%	    87.965%	     0.000	        1
	       convolution_winograd_4x4_6x6 1362	        1	     0.912	     0.061%	    88.026%	     0.000	        1
	       convolution_winograd_4x4_6x6 1366	        1	     0.909	     0.061%	    88.086%	     0.000	        1
	       convolution_winograd_4x4_6x6 1360	        1	     0.909	     0.061%	    88.147%	     0.000	        1
	                      convolution_2d 823	        1	     0.890	     0.059%	    88.207%	     0.000	        1
	                     fully_connected 904	        1	     0.842	     0.056%	    88.263%	     0.000	        1
	     winograd_36_to_4x4 1368 -> add 1369	        1	     0.823	     0.055%	    88.318%	     0.000	        1
	                             transpose 3	        1	     0.815	     0.054%	    88.372%	     0.000	        1
	                            reshape 1171	        1	     0.802	     0.054%	    88.426%	     0.000	        1
	                            reshape 1168	        1	     0.802	     0.054%	    88.479%	     0.000	        1
	                            reshape 1133	        1	     0.800	     0.053%	    88.533%	     0.000	        1
	                            reshape 1130	        1	     0.800	     0.053%	    88.586%	     0.000	        1
	                            reshape 1263	        1	     0.746	     0.050%	    88.636%	     0.000	        1
	        bhwc_tensor_to_conv_weights 1311	        1	     0.743	     0.050%	    88.685%	     0.000	        1
	        bhwc_tensor_to_conv_weights 1273	        1	     0.743	     0.050%	    88.735%	     0.000	        1
	        bhwc_tensor_to_conv_weights 1276	        1	     0.742	     0.050%	    88.784%	     0.000	        1
	        bhwc_tensor_to_conv_weights 1314	        1	     0.741	     0.049%	    88.834%	     0.000	        1
	                            reshape 1307	        1	     0.732	     0.049%	    88.883%	     0.000	        1
	                            reshape 1310	        1	     0.730	     0.049%	    88.932%	     0.000	        1
	                            reshape 1272	        1	     0.728	     0.049%	    88.980%	     0.000	        1
	                            reshape 1269	        1	     0.728	     0.049%	    89.029%	     0.000	        1
	                              reshape 18	        1	     0.724	     0.048%	    89.077%	     0.000	        1
	                     fully_connected 866	        1	     0.721	     0.048%	    89.125%	     0.000	        1
	                 concat 1259 -> add 1260	        1	     0.718	     0.048%	    89.173%	     0.000	        1
	                 concat 1297 -> add 1298	        1	     0.717	     0.048%	    89.221%	     0.000	        1
	                          transpose 1309	        1	     0.705	     0.047%	    89.268%	     0.000	        1
	                          transpose 1306	        1	     0.705	     0.047%	    89.315%	     0.000	        1
	                          transpose 1271	        1	     0.703	     0.047%	    89.362%	     0.000	        1
	                          transpose 1268	        1	     0.701	     0.047%	    89.409%	     0.000	        1
	                    fully_connected 1165	        1	     0.698	     0.047%	    89.455%	     0.000	        1
	                            reshape 1301	        1	     0.680	     0.045%	    89.501%	     0.000	        1
	                    fully_connected 1166	        1	     0.675	     0.045%	    89.546%	     0.000	        1
	                    fully_connected 1127	        1	     0.674	     0.045%	    89.591%	     0.000	        1
	                    fully_connected 1128	        1	     0.673	     0.045%	    89.636%	     0.000	        1
	                            reshape 1412	        1	     0.647	     0.043%	    89.679%	     0.000	        1
	                            reshape 1411	        1	     0.645	     0.043%	    89.722%	     0.000	        1
	                             concat 1404	        1	     0.635	     0.042%	    89.764%	     0.000	        1
	                 winograd_4x4_to_36 1360	        1	     0.634	     0.042%	    89.807%	     0.000	        1
	                 winograd_4x4_to_36 1368	        1	     0.633	     0.042%	    89.849%	     0.000	        1
	                 winograd_4x4_to_36 1366	        1	     0.633	     0.042%	    89.891%	     0.000	        1
	                             concat 1401	        1	     0.632	     0.042%	    89.933%	     0.000	        1
	                 winograd_4x4_to_36 1362	        1	     0.630	     0.042%	    89.976%	     0.000	        1
	    winograd_36_to_4x4 1360 -> relu 1361	        1	     0.583	     0.039%	    90.014%	     0.000	        1
	          bhwc_tensor_to_conv_weights 53	        1	     0.580	     0.039%	    90.053%	     0.000	        1
	    winograd_36_to_4x4 1366 -> relu 1367	        1	     0.579	     0.039%	    90.092%	     0.000	        1
	                     convolution_2d 1340	        1	     0.579	     0.039%	    90.130%	     0.000	        1
	         bhwc_tensor_to_conv_weights 116	        1	     0.575	     0.038%	    90.169%	     0.000	        1
	         bhwc_tensor_to_conv_weights 242	        1	     0.572	     0.038%	    90.207%	     0.000	        1
	         bhwc_tensor_to_conv_weights 305	        1	     0.570	     0.038%	    90.245%	     0.000	        1
	         bhwc_tensor_to_conv_weights 368	        1	     0.569	     0.038%	    90.283%	     0.000	        1
	         bhwc_tensor_to_conv_weights 746	        1	     0.568	     0.038%	    90.321%	     0.000	        1
	         bhwc_tensor_to_conv_weights 179	        1	     0.568	     0.038%	    90.359%	     0.000	        1
	         bhwc_tensor_to_conv_weights 683	        1	     0.564	     0.038%	    90.397%	     0.000	        1
	                            transpose 15	        1	     0.563	     0.038%	    90.434%	     0.000	        1
	         bhwc_tensor_to_conv_weights 494	        1	     0.562	     0.038%	    90.472%	     0.000	        1
	         bhwc_tensor_to_conv_weights 431	        1	     0.562	     0.038%	    90.509%	     0.000	        1
	                             reshape 867	        1	     0.557	     0.037%	    90.546%	     0.000	        1
	         bhwc_tensor_to_conv_weights 557	        1	     0.557	     0.037%	    90.584%	     0.000	        1
	         bhwc_tensor_to_conv_weights 877	        1	     0.556	     0.037%	    90.621%	     0.000	        1
	         bhwc_tensor_to_conv_weights 620	        1	     0.555	     0.037%	    90.658%	     0.000	        1
	                             reshape 914	        1	     0.553	     0.037%	    90.695%	     0.000	        1
	                             reshape 873	        1	     0.553	     0.037%	    90.732%	     0.000	        1
	         bhwc_tensor_to_conv_weights 915	        1	     0.553	     0.037%	    90.768%	     0.000	        1
	                   concat 863 -> add 864	        1	     0.550	     0.037%	    90.805%	     0.000	        1
	                             reshape 911	        1	     0.549	     0.037%	    90.842%	     0.000	        1
	                             reshape 876	        1	     0.548	     0.037%	    90.878%	     0.000	        1
	                             reshape 335	        1	     0.548	     0.037%	    90.915%	     0.000	        1
	                             reshape 209	        1	     0.548	     0.037%	    90.952%	     0.000	        1
	                                   mul 0	        1	     0.546	     0.036%	    90.988%	     0.000	        1
	                              reshape 83	        1	     0.545	     0.036%	    91.024%	     0.000	        1
	                             reshape 146	        1	     0.544	     0.036%	    91.061%	     0.000	        1
	                             reshape 272	        1	     0.543	     0.036%	    91.097%	     0.000	        1
	                   concat 901 -> add 902	        1	     0.542	     0.036%	    91.133%	     0.000	        1
	         bhwc_tensor_to_conv_weights 918	        1	     0.542	     0.036%	    91.169%	     0.000	        1
	         bhwc_tensor_to_conv_weights 880	        1	     0.542	     0.036%	    91.206%	     0.000	        1
	                             reshape 713	        1	     0.539	     0.036%	    91.241%	     0.000	        1
	                           transpose 875	        1	     0.538	     0.036%	    91.277%	     0.000	        1
	                             reshape 776	        1	     0.538	     0.036%	    91.313%	     0.000	        1
	                             reshape 650	        1	     0.538	     0.036%	    91.349%	     0.000	        1
	                           transpose 913	        1	     0.531	     0.035%	    91.385%	     0.000	        1
	                           transpose 910	        1	     0.531	     0.035%	    91.420%	     0.000	        1
	                             reshape 587	        1	     0.530	     0.035%	    91.455%	     0.000	        1
	                           transpose 872	        1	     0.528	     0.035%	    91.491%	     0.000	        1
	                             reshape 524	        1	     0.528	     0.035%	    91.526%	     0.000	        1
	                             reshape 398	        1	     0.528	     0.035%	    91.561%	     0.000	        1
	                             reshape 461	        1	     0.525	     0.035%	    91.596%	     0.000	        1
	     slice 1336 -> gelu 1337 -> mul 1338	        1	     0.524	     0.035%	    91.631%	     0.000	        1
	                     convolution_2d 1358	        1	     0.523	     0.035%	    91.666%	     0.000	        1
	                              reshape 12	        1	     0.502	     0.034%	    91.700%	     0.000	        1
	                              reshape 11	        1	     0.490	     0.033%	    91.732%	     0.000	        1
	                            reshape 1405	        1	     0.485	     0.032%	    91.765%	     0.000	        1
	                            reshape 1406	        1	     0.483	     0.032%	    91.797%	     0.000	        1
	             mat_mul_as_convolution 1001	        1	     0.481	     0.032%	    91.829%	     0.000	        1
	             mat_mul_as_convolution 1039	        1	     0.480	     0.032%	    91.861%	     0.000	        1
	                             reshape 313	        1	     0.479	     0.032%	    91.893%	     0.000	        1
	                             concat 1383	        1	     0.478	     0.032%	    91.925%	     0.000	        1
	                            transpose 17	        1	     0.477	     0.032%	    91.957%	     0.000	        1
	                             concat 1386	        1	     0.475	     0.032%	    91.989%	     0.000	        1
	                              reshape 61	        1	     0.472	     0.032%	    92.020%	     0.000	        1
	                             reshape 187	        1	     0.472	     0.032%	    92.052%	     0.000	        1
	                             reshape 124	        1	     0.471	     0.031%	    92.083%	     0.000	        1
	                             reshape 807	        1	     0.470	     0.031%	    92.114%	     0.000	        1
	                             reshape 502	        1	     0.470	     0.031%	    92.146%	     0.000	        1
	                             reshape 250	        1	     0.470	     0.031%	    92.177%	     0.000	        1
	                             reshape 821	        1	     0.469	     0.031%	    92.208%	     0.000	        1
	                             reshape 817	        1	     0.469	     0.031%	    92.240%	     0.000	        1
	                             reshape 812	        1	     0.468	     0.031%	    92.271%	     0.000	        1
	             mat_mul_as_convolution 1314	        1	     0.468	     0.031%	    92.302%	     0.000	        1
	                             reshape 628	        1	     0.466	     0.031%	    92.333%	     0.000	        1
	                             reshape 754	        1	     0.465	     0.031%	    92.364%	     0.000	        1
	                            transpose 19	        1	     0.464	     0.031%	    92.395%	     0.000	        1
	                             reshape 691	        1	     0.464	     0.031%	    92.426%	     0.000	        1
	             mat_mul_as_convolution 1273	        1	     0.463	     0.031%	    92.457%	     0.000	        1
	                      convolution_2d 819	        1	     0.463	     0.031%	    92.488%	     0.000	        1
	             mat_mul_as_convolution 1311	        1	     0.460	     0.031%	    92.519%	     0.000	        1
	                             reshape 439	        1	     0.459	     0.031%	    92.550%	     0.000	        1
	                             reshape 376	        1	     0.456	     0.030%	    92.580%	     0.000	        1
	                             reshape 565	        1	     0.454	     0.030%	    92.610%	     0.000	        1
	             mat_mul_as_convolution 1276	        1	     0.454	     0.030%	    92.641%	     0.000	        1
	                           transpose 822	        1	     0.430	     0.029%	    92.669%	     0.000	        1
	                           transpose 818	        1	     0.430	     0.029%	    92.698%	     0.000	        1
	                           transpose 813	        1	     0.430	     0.029%	    92.727%	     0.000	        1
	                           transpose 808	        1	     0.421	     0.028%	    92.755%	     0.000	        1
	                             reshape 178	        1	     0.419	     0.028%	    92.783%	     0.000	        1
	                             resize 1380	        1	     0.411	     0.027%	    92.810%	     0.000	        1
	                           transpose 680	        1	     0.410	     0.027%	    92.838%	     0.000	        1
	                             reshape 304	        1	     0.402	     0.027%	    92.864%	     0.000	        1
	                             reshape 367	        1	     0.401	     0.027%	    92.891%	     0.000	        1
	                             reshape 682	        1	     0.399	     0.027%	    92.918%	     0.000	        1
	                             reshape 745	        1	     0.398	     0.027%	    92.944%	     0.000	        1
	                             reshape 905	        1	     0.397	     0.027%	    92.971%	     0.000	        1
	                              reshape 52	        1	     0.395	     0.026%	    92.997%	     0.000	        1
	                             reshape 493	        1	     0.395	     0.026%	    93.024%	     0.000	        1
	                             reshape 241	        1	     0.395	     0.026%	    93.050%	     0.000	        1
	        slice 940 -> gelu 941 -> mul 942	        1	     0.394	     0.026%	    93.076%	     0.000	        1
	                             reshape 115	        1	     0.394	     0.026%	    93.103%	     0.000	        1
	                             reshape 430	        1	     0.393	     0.026%	    93.129%	     0.000	        1
	                           transpose 820	        1	     0.392	     0.026%	    93.155%	     0.000	        1
	                             reshape 619	        1	     0.392	     0.026%	    93.181%	     0.000	        1
	                             reshape 556	        1	     0.391	     0.026%	    93.207%	     0.000	        1
	                    fully_connected 1300	        1	     0.390	     0.026%	    93.233%	     0.000	        1
	              convolution_transposed 810	        1	     0.390	     0.026%	    93.259%	     0.000	        1
	                           transpose 176	        1	     0.387	     0.026%	    93.285%	     0.000	        1
	                             softmax 917	        1	     0.381	     0.025%	    93.311%	     0.000	        1
	                           transpose 806	        1	     0.380	     0.025%	    93.336%	     0.000	        1
	                           transpose 113	        1	     0.379	     0.025%	    93.361%	     0.000	        1
	                           transpose 239	        1	     0.378	     0.025%	    93.386%	     0.000	        1
	                             softmax 879	        1	     0.378	     0.025%	    93.412%	     0.000	        1
	                            softmax 1176	        1	     0.377	     0.025%	    93.437%	     0.000	        1
	                            softmax 1138	        1	     0.377	     0.025%	    93.462%	     0.000	        1
	                            transpose 50	        1	     0.376	     0.025%	    93.487%	     0.000	        1
	                           transpose 302	        1	     0.372	     0.025%	    93.512%	     0.000	        1
	                           transpose 365	        1	     0.371	     0.025%	    93.537%	     0.000	        1
	                           transpose 743	        1	     0.368	     0.025%	    93.561%	     0.000	        1
	                           transpose 554	        1	     0.368	     0.025%	    93.586%	     0.000	        1
	                           transpose 491	        1	     0.368	     0.025%	    93.610%	     0.000	        1
	                           transpose 428	        1	     0.367	     0.024%	    93.635%	     0.000	        1
	                           transpose 617	        1	     0.365	     0.024%	    93.659%	     0.000	        1
	                              slice 1335	        1	     0.365	     0.024%	    93.684%	     0.000	        1
	                            reshape 1339	        1	     0.361	     0.024%	    93.708%	     0.000	        1
	                           transpose 811	        1	     0.358	     0.024%	    93.732%	     0.000	        1
	                              slice 1400	        1	     0.358	     0.024%	    93.756%	     0.000	        1
	                               relu 1365	        1	     0.357	     0.024%	    93.779%	     0.000	        1
	       convolution_winograd_4x4_6x6 1075	        1	     0.356	     0.024%	    93.803%	     0.000	        1
	                              slice 1403	        1	     0.355	     0.024%	    93.827%	     0.000	        1
	                     convolution_2d 1044	        1	     0.353	     0.024%	    93.850%	     0.000	        1
	                     convolution_2d 1006	        1	     0.352	     0.023%	    93.874%	     0.000	        1
	                    fully_connected 1262	        1	     0.349	     0.023%	    93.897%	     0.000	        1
	                      convolution_2d 970	        1	     0.349	     0.023%	    93.921%	     0.000	        1
	                     convolution_2d 1071	        1	     0.349	     0.023%	    93.944%	     0.000	        1
	                      convolution_2d 920	        1	     0.347	     0.023%	    93.967%	     0.000	        1
	                           transpose 816	        1	     0.346	     0.023%	    93.990%	     0.000	        1
	                      convolution_2d 882	        1	     0.346	     0.023%	    94.013%	     0.000	        1
	                      convolution_2d 947	        1	     0.344	     0.023%	    94.036%	     0.000	        1
	                      convolution_2d 846	        1	     0.344	     0.023%	    94.059%	     0.000	        1
	         bhwc_tensor_to_conv_weights 310	        1	     0.340	     0.023%	    94.082%	     0.000	        1
	         bhwc_tensor_to_conv_weights 121	        1	     0.340	     0.023%	    94.105%	     0.000	        1
	         bhwc_tensor_to_conv_weights 184	        1	     0.337	     0.022%	    94.127%	     0.000	        1
	         bhwc_tensor_to_conv_weights 751	        1	     0.336	     0.022%	    94.149%	     0.000	        1
	          bhwc_tensor_to_conv_weights 58	        1	     0.336	     0.022%	    94.172%	     0.000	        1
	              mat_mul_as_convolution 880	        1	     0.335	     0.022%	    94.194%	     0.000	        1
	         bhwc_tensor_to_conv_weights 688	        1	     0.335	     0.022%	    94.217%	     0.000	        1
	         bhwc_tensor_to_conv_weights 625	        1	     0.334	     0.022%	    94.239%	     0.000	        1
	         bhwc_tensor_to_conv_weights 373	        1	     0.334	     0.022%	    94.261%	     0.000	        1
	         bhwc_tensor_to_conv_weights 247	        1	     0.334	     0.022%	    94.283%	     0.000	        1
	              mat_mul_as_convolution 918	        1	     0.332	     0.022%	    94.306%	     0.000	        1
	              mat_mul_as_convolution 877	        1	     0.332	     0.022%	    94.328%	     0.000	        1
	         bhwc_tensor_to_conv_weights 499	        1	     0.328	     0.022%	    94.350%	     0.000	        1
	         bhwc_tensor_to_conv_weights 436	        1	     0.328	     0.022%	    94.372%	     0.000	        1
	         bhwc_tensor_to_conv_weights 562	        1	     0.327	     0.022%	    94.393%	     0.000	        1
	              mat_mul_as_convolution 915	        1	     0.323	     0.022%	    94.415%	     0.000	        1
	                            transpose 46	        1	     0.319	     0.021%	    94.436%	     0.000	        1
	                               relu 1359	        1	     0.319	     0.021%	    94.458%	     0.000	        1
	                              reshape 10	        1	     0.317	     0.021%	    94.479%	     0.000	        1
	                             reshape 827	        1	     0.315	     0.021%	    94.500%	     0.000	        1
	                            transpose 49	        1	     0.314	     0.021%	    94.521%	     0.000	        1
	                           transpose 109	        1	     0.312	     0.021%	    94.542%	     0.000	        1
	                           transpose 235	        1	     0.309	     0.021%	    94.562%	     0.000	        1
	                           transpose 172	        1	     0.309	     0.021%	    94.583%	     0.000	        1
	              convolution_transposed 815	        1	     0.308	     0.021%	    94.603%	     0.000	        1
	                           transpose 238	        1	     0.307	     0.020%	    94.624%	     0.000	        1
	                           transpose 112	        1	     0.307	     0.020%	    94.644%	     0.000	        1
	                           transpose 175	        1	     0.306	     0.020%	    94.665%	     0.000	        1
	                               reshape 9	        1	     0.306	     0.020%	    94.685%	     0.000	        1
	                          transpose 1222	        1	     0.303	     0.020%	    94.705%	     0.000	        1
	                     convolution_2d 1197	        1	     0.303	     0.020%	    94.726%	     0.000	        1
	                             reshape 248	        1	     0.302	     0.020%	    94.746%	     0.000	        1
	                             reshape 185	        1	     0.302	     0.020%	    94.766%	     0.000	        1
	                             reshape 122	        1	     0.302	     0.020%	    94.786%	     0.000	        1
	                              reshape 59	        1	     0.301	     0.020%	    94.806%	     0.000	        1
	                          transpose 1240	        1	     0.299	     0.020%	    94.826%	     0.000	        1
	        bhwc_tensor_to_conv_weights 1001	        1	     0.292	     0.019%	    94.846%	     0.000	        1
	        bhwc_tensor_to_conv_weights 1039	        1	     0.291	     0.019%	    94.865%	     0.000	        1
	                           transpose 739	        1	     0.289	     0.019%	    94.884%	     0.000	        1
	                           transpose 679	        1	     0.288	     0.019%	    94.904%	     0.000	        1
	                           transpose 676	        1	     0.287	     0.019%	    94.923%	     0.000	        1
	                           transpose 298	        1	     0.286	     0.019%	    94.942%	     0.000	        1
	                            reshape 1038	        1	     0.286	     0.019%	    94.961%	     0.000	        1
	                           transpose 364	        1	     0.285	     0.019%	    94.980%	     0.000	        1
	                           transpose 361	        1	     0.285	     0.019%	    94.999%	     0.000	        1
	                            reshape 1000	        1	     0.285	     0.019%	    95.018%	     0.000	        1
	                           transpose 742	        1	     0.284	     0.019%	    95.037%	     0.000	        1
	                             reshape 311	        1	     0.284	     0.019%	    95.056%	     0.000	        1
	                 concat 1025 -> add 1026	        1	     0.284	     0.019%	    95.075%	     0.000	        1
	                           transpose 301	        1	     0.283	     0.019%	    95.094%	     0.000	        1
	                           transpose 424	        1	     0.282	     0.019%	    95.113%	     0.000	        1
	                             reshape 997	        1	     0.282	     0.019%	    95.131%	     0.000	        1
	                           transpose 550	        1	     0.281	     0.019%	    95.150%	     0.000	        1
	                            reshape 1035	        1	     0.281	     0.019%	    95.169%	     0.000	        1
	                           transpose 613	        1	     0.280	     0.019%	    95.188%	     0.000	        1
	                             reshape 752	        1	     0.280	     0.019%	    95.206%	     0.000	        1
	                             reshape 626	        1	     0.279	     0.019%	    95.225%	     0.000	        1
	                   concat 987 -> add 988	        1	     0.279	     0.019%	    95.244%	     0.000	        1
	                           transpose 487	        1	     0.278	     0.019%	    95.262%	     0.000	        1
	                             reshape 689	        1	     0.278	     0.019%	    95.281%	     0.000	        1
	                             reshape 500	        1	     0.274	     0.018%	    95.299%	     0.000	        1
	                           transpose 616	        1	     0.273	     0.018%	    95.317%	     0.000	        1
	                           transpose 553	        1	     0.273	     0.018%	    95.335%	     0.000	        1
	                             reshape 563	        1	     0.273	     0.018%	    95.354%	     0.000	        1
	                             reshape 437	        1	     0.273	     0.018%	    95.372%	     0.000	        1
	                               slice 939	        1	     0.272	     0.018%	    95.390%	     0.000	        1
	                             reshape 374	        1	     0.272	     0.018%	    95.408%	     0.000	        1
	                           transpose 490	        1	     0.271	     0.018%	    95.426%	     0.000	        1
	                           transpose 427	        1	     0.271	     0.018%	    95.444%	     0.000	        1
	                           transpose 996	        1	     0.270	     0.018%	    95.462%	     0.000	        1
	                          transpose 1034	        1	     0.270	     0.018%	    95.480%	     0.000	        1
	                             reshape 943	        1	     0.270	     0.018%	    95.498%	     0.000	        1
	        bhwc_tensor_to_conv_weights 1042	        1	     0.270	     0.018%	    95.516%	     0.000	        1
	        bhwc_tensor_to_conv_weights 1004	        1	     0.270	     0.018%	    95.535%	     0.000	        1
	                           transpose 999	        1	     0.269	     0.018%	    95.552%	     0.000	        1
	                          transpose 1037	        1	     0.268	     0.018%	    95.570%	     0.000	        1
	                              slice 1382	        1	     0.267	     0.018%	    95.588%	     0.000	        1
	                              slice 1385	        1	     0.266	     0.018%	    95.606%	     0.000	        1
	                mat_mul_reshape_input 53	        1	     0.265	     0.018%	    95.624%	     0.000	        1
	               mat_mul_reshape_input 179	        1	     0.265	     0.018%	    95.641%	     0.000	        1
	       convolution_winograd_4x4_6x6 1347	        1	     0.265	     0.018%	    95.659%	     0.000	        1
	       convolution_winograd_4x4_6x6 1349	        1	     0.264	     0.018%	    95.677%	     0.000	        1
	       convolution_winograd_4x4_6x6 1355	        1	     0.262	     0.017%	    95.694%	     0.000	        1
	       convolution_winograd_4x4_6x6 1353	        1	     0.262	     0.017%	    95.712%	     0.000	        1
	               mat_mul_reshape_input 116	        1	     0.261	     0.017%	    95.729%	     0.000	        1
	               mat_mul_reshape_input 242	        1	     0.260	     0.017%	    95.746%	     0.000	        1
	                      convolution_2d 814	        1	     0.258	     0.017%	    95.764%	     0.000	        1
	winograd_36_to_4x4 1349 -> add 1350 -> add 1351	        1	     0.254	     0.017%	    95.781%	     0.000	        1
	                            reshape 1408	        1	     0.245	     0.016%	    95.797%	     0.000	        1
	                            reshape 1407	        1	     0.243	     0.016%	    95.813%	     0.000	        1
	                             concat 1389	        1	     0.243	     0.016%	    95.829%	     0.000	        1
	                             concat 1392	        1	     0.242	     0.016%	    95.846%	     0.000	        1
	                           transpose 826	        1	     0.236	     0.016%	    95.861%	     0.000	        1
	                             resize 1357	        1	     0.233	     0.016%	    95.877%	     0.000	        1
	               mat_mul_reshape_input 557	        1	     0.233	     0.016%	    95.892%	     0.000	        1
	               mat_mul_reshape_input 305	        1	     0.233	     0.016%	    95.908%	     0.000	        1
	               mat_mul_reshape_input 368	        1	     0.232	     0.015%	    95.923%	     0.000	        1
	               mat_mul_reshape_input 683	        1	     0.231	     0.015%	    95.939%	     0.000	        1
	               mat_mul_reshape_input 746	        1	     0.227	     0.015%	    95.954%	     0.000	        1
	               mat_mul_reshape_input 431	        1	     0.227	     0.015%	    95.969%	     0.000	        1
	       reshape 841 -> mul 842 -> add 843	        1	     0.226	     0.015%	    95.984%	     0.000	        1
	               mat_mul_reshape_input 620	        1	     0.226	     0.015%	    95.999%	     0.000	        1
	               mat_mul_reshape_input 494	        1	     0.224	     0.015%	    96.014%	     0.000	        1
	     winograd_36_to_4x4 1355 -> add 1356	        1	     0.220	     0.015%	    96.029%	     0.000	        1
	       convolution_winograd_4x4_6x6 1076	        1	     0.218	     0.015%	    96.044%	     0.000	        1
	                           transpose 844	        1	     0.214	     0.014%	    96.058%	     0.000	        1
	                      mul 785 -> add 786	        1	     0.211	     0.014%	    96.072%	     0.000	        1
	                     concat 22 -> add 23	        1	     0.208	     0.014%	    96.086%	     0.000	        1
	     slice 1064 -> gelu 1065 -> mul 1066	        1	     0.205	     0.014%	    96.099%	     0.000	        1
	          reshape 63 -> mul 64 -> add 65	        1	     0.199	     0.013%	    96.113%	     0.000	        1
	       reshape 189 -> mul 190 -> add 191	        1	     0.198	     0.013%	    96.126%	     0.000	        1
	       reshape 756 -> mul 757 -> add 758	        1	     0.197	     0.013%	    96.139%	     0.000	        1
	       reshape 315 -> mul 316 -> add 317	        1	     0.197	     0.013%	    96.152%	     0.000	        1
	       reshape 126 -> mul 127 -> add 128	        1	     0.197	     0.013%	    96.165%	     0.000	        1
	       reshape 252 -> mul 253 -> add 254	        1	     0.196	     0.013%	    96.178%	     0.000	        1
	       reshape 693 -> mul 694 -> add 695	        1	     0.195	     0.013%	    96.192%	     0.000	        1
	       reshape 630 -> mul 631 -> add 632	        1	     0.194	     0.013%	    96.204%	     0.000	        1
	       reshape 504 -> mul 505 -> add 506	        1	     0.193	     0.013%	    96.217%	     0.000	        1
	          reshape 85 -> mul 86 -> add 87	        1	     0.192	     0.013%	    96.230%	     0.000	        1
	       reshape 378 -> mul 379 -> add 380	        1	     0.192	     0.013%	    96.243%	     0.000	        1
	       reshape 337 -> mul 338 -> add 339	        1	     0.191	     0.013%	    96.256%	     0.000	        1
	        bhwc_tensor_to_conv_weights 1139	        1	     0.191	     0.013%	    96.268%	     0.000	        1
	       reshape 715 -> mul 716 -> add 717	        1	     0.190	     0.013%	    96.281%	     0.000	        1
	       reshape 567 -> mul 568 -> add 569	        1	     0.190	     0.013%	    96.294%	     0.000	        1
	       reshape 441 -> mul 442 -> add 443	        1	     0.190	     0.013%	    96.307%	     0.000	        1
	       reshape 274 -> mul 275 -> add 276	        1	     0.190	     0.013%	    96.319%	     0.000	        1
	       reshape 211 -> mul 212 -> add 213	        1	     0.190	     0.013%	    96.332%	     0.000	        1
	       reshape 148 -> mul 149 -> add 150	        1	     0.190	     0.013%	    96.345%	     0.000	        1
	       reshape 526 -> mul 527 -> add 528	        1	     0.189	     0.013%	    96.357%	     0.000	        1
	        bhwc_tensor_to_conv_weights 1177	        1	     0.189	     0.013%	    96.370%	     0.000	        1
	        bhwc_tensor_to_conv_weights 1174	        1	     0.189	     0.013%	    96.382%	     0.000	        1
	        bhwc_tensor_to_conv_weights 1136	        1	     0.189	     0.013%	    96.395%	     0.000	        1
	       reshape 778 -> mul 779 -> add 780	        1	     0.188	     0.013%	    96.408%	     0.000	        1
	       reshape 652 -> mul 653 -> add 654	        1	     0.187	     0.012%	    96.420%	     0.000	        1
	       reshape 400 -> mul 401 -> add 402	        1	     0.187	     0.012%	    96.433%	     0.000	        1
	       reshape 589 -> mul 590 -> add 591	        1	     0.184	     0.012%	    96.445%	     0.000	        1
	       reshape 463 -> mul 464 -> add 465	        1	     0.184	     0.012%	    96.457%	     0.000	        1
	                 concat 1160 -> add 1161	        1	     0.184	     0.012%	    96.469%	     0.000	        1
	                               reshape 7	        1	     0.183	     0.012%	    96.482%	     0.000	        1
	                            reshape 1173	        1	     0.182	     0.012%	    96.494%	     0.000	        1
	                            reshape 1135	        1	     0.182	     0.012%	    96.506%	     0.000	        1
	                 concat 1122 -> add 1123	        1	     0.182	     0.012%	    96.518%	     0.000	        1
	                              slice 1399	        1	     0.181	     0.012%	    96.530%	     0.000	        1
	                            reshape 1170	        1	     0.181	     0.012%	    96.542%	     0.000	        1
	                            reshape 1132	        1	     0.181	     0.012%	    96.554%	     0.000	        1
	                              slice 1402	        1	     0.180	     0.012%	    96.566%	     0.000	        1
	             mat_mul_as_convolution 1004	        1	     0.178	     0.012%	    96.578%	     0.000	        1
	             mat_mul_as_convolution 1042	        1	     0.176	     0.012%	    96.590%	     0.000	        1
	                          transpose 1169	        1	     0.173	     0.012%	    96.601%	     0.000	        1
	                 winograd_36_to_4x4 1075	        1	     0.172	     0.011%	    96.613%	     0.000	        1
	                          transpose 1131	        1	     0.172	     0.011%	    96.624%	     0.000	        1
	                          transpose 1134	        1	     0.171	     0.011%	    96.636%	     0.000	        1
	                     convolution_2d 1203	        1	     0.171	     0.011%	    96.647%	     0.000	        1
	                          transpose 1172	        1	     0.170	     0.011%	    96.659%	     0.000	        1
	                 winograd_4x4_to_36 1347	        1	     0.167	     0.011%	    96.670%	     0.000	        1
	                     convolution_2d 1316	        1	     0.166	     0.011%	    96.681%	     0.000	        1
	                     convolution_2d 1242	        1	     0.166	     0.011%	    96.692%	     0.000	        1
	       convolution_winograd_4x4_6x6 1077	        1	     0.165	     0.011%	    96.703%	     0.000	        1
	                     convolution_2d 1278	        1	     0.164	     0.011%	    96.714%	     0.000	        1
	                            reshape 1409	        1	     0.163	     0.011%	    96.725%	     0.000	        1
	                     convolution_2d 1343	        1	     0.161	     0.011%	    96.736%	     0.000	        1
	                      convolution_2d 809	        1	     0.160	     0.011%	    96.746%	     0.000	        1
	                             concat 1398	        1	     0.160	     0.011%	    96.757%	     0.000	        1
	                             concat 1395	        1	     0.159	     0.011%	    96.768%	     0.000	        1
	                             reshape 881	        1	     0.158	     0.011%	    96.778%	     0.000	        1
	                            reshape 1410	        1	     0.158	     0.011%	    96.789%	     0.000	        1
	    winograd_36_to_4x4 1347 -> relu 1348	        1	     0.157	     0.010%	    96.799%	     0.000	        1
	                 winograd_4x4_to_36 1353	        1	     0.156	     0.010%	    96.809%	     0.000	        1
	    winograd_36_to_4x4 1353 -> relu 1354	        1	     0.156	     0.010%	    96.820%	     0.000	        1
	                     convolution_2d 1221	        1	     0.156	     0.010%	    96.830%	     0.000	        1
	                 winograd_4x4_to_36 1355	        1	     0.151	     0.010%	    96.840%	     0.000	        1
	                 winograd_4x4_to_36 1349	        1	     0.150	     0.010%	    96.850%	     0.000	        1
	                             reshape 951	        1	     0.147	     0.010%	    96.860%	     0.000	        1
	                             reshape 919	        1	     0.146	     0.010%	    96.870%	     0.000	        1
	                             reshape 681	        1	     0.145	     0.010%	    96.880%	     0.000	        1
	                             reshape 366	        1	     0.145	     0.010%	    96.889%	     0.000	        1
	                             reshape 303	        1	     0.145	     0.010%	    96.899%	     0.000	        1
	                             reshape 744	        1	     0.144	     0.010%	    96.909%	     0.000	        1
	                              reshape 44	        1	     0.144	     0.010%	    96.918%	     0.000	        1
	                              slice 1381	        1	     0.143	     0.010%	    96.928%	     0.000	        1
	                             reshape 429	        1	     0.141	     0.009%	    96.937%	     0.000	        1
	                             reshape 170	        1	     0.141	     0.009%	    96.947%	     0.000	        1
	                              square 323	        1	     0.140	     0.009%	    96.956%	     0.000	        1
	                             reshape 737	        1	     0.140	     0.009%	    96.965%	     0.000	        1
	                             reshape 618	        1	     0.140	     0.009%	    96.975%	     0.000	        1
	                             reshape 555	        1	     0.140	     0.009%	    96.984%	     0.000	        1
	                             reshape 492	        1	     0.140	     0.009%	    96.993%	     0.000	        1
	                             reshape 359	        1	     0.140	     0.009%	    97.003%	     0.000	        1
	                             reshape 233	        1	     0.140	     0.009%	    97.012%	     0.000	        1
	                            reshape 1164	        1	     0.140	     0.009%	    97.021%	     0.000	        1
	                             reshape 107	        1	     0.140	     0.009%	    97.031%	     0.000	        1
	                    fully_connected 1125	        1	     0.140	     0.009%	    97.040%	     0.000	        1
	                               square 30	        1	     0.139	     0.009%	    97.049%	     0.000	        1
	                                slice 42	        1	     0.139	     0.009%	    97.059%	     0.000	        1
	                               slice 294	        1	     0.139	     0.009%	    97.068%	     0.000	        1
	                               slice 231	        1	     0.139	     0.009%	    97.077%	     0.000	        1
	     slice 1199 -> gelu 1200 -> mul 1201	        1	     0.139	     0.009%	    97.086%	     0.000	        1
	                             reshape 296	        1	     0.139	     0.009%	    97.096%	     0.000	        1
	                               square 71	        1	     0.138	     0.009%	    97.105%	     0.000	        1
	                              square 134	        1	     0.138	     0.009%	    97.114%	     0.000	        1
	                             reshape 674	        1	     0.138	     0.009%	    97.123%	     0.000	        1
	                              reshape 45	        1	     0.138	     0.009%	    97.133%	     0.000	        1
	                             reshape 360	        1	     0.138	     0.009%	    97.142%	     0.000	        1
	                             reshape 297	        1	     0.138	     0.009%	    97.151%	     0.000	        1
	                              square 219	        1	     0.137	     0.009%	    97.160%	     0.000	        1
	                              square 197	        1	     0.137	     0.009%	    97.169%	     0.000	        1
	                              square 156	        1	     0.137	     0.009%	    97.178%	     0.000	        1
	                               slice 105	        1	     0.137	     0.009%	    97.188%	     0.000	        1
	                             reshape 675	        1	     0.137	     0.009%	    97.197%	     0.000	        1
	                reshape 1317 -> add 1318	        1	     0.137	     0.009%	    97.206%	     0.000	        1
	                             reshape 108	        1	     0.137	     0.009%	    97.215%	     0.000	        1
	                               square 93	        1	     0.136	     0.009%	    97.224%	     0.000	        1
	                              square 792	        1	     0.136	     0.009%	    97.233%	     0.000	        1
	                              square 345	        1	     0.136	     0.009%	    97.242%	     0.000	        1
	                               slice 804	        1	     0.136	     0.009%	    97.251%	     0.000	        1
	                               slice 357	        1	     0.136	     0.009%	    97.260%	     0.000	        1
	                               slice 295	        1	     0.136	     0.009%	    97.269%	     0.000	        1
	                    slice 230 -> mul 236	        1	     0.136	     0.009%	    97.279%	     0.000	        1
	                               slice 168	        1	     0.136	     0.009%	    97.288%	     0.000	        1
	                              slice 1391	        1	     0.136	     0.009%	    97.297%	     0.000	        1
	                             reshape 738	        1	     0.136	     0.009%	    97.306%	     0.000	        1
	                             reshape 234	        1	     0.136	     0.009%	    97.315%	     0.000	        1
	                             reshape 171	        1	     0.136	     0.009%	    97.324%	     0.000	        1
	                reshape 1344 -> add 1345	        1	     0.136	     0.009%	    97.333%	     0.000	        1
	                            reshape 1067	        1	     0.136	     0.009%	    97.342%	     0.000	        1
	                    fully_connected 1163	        1	     0.136	     0.009%	    97.351%	     0.000	        1
	                              square 764	        1	     0.135	     0.009%	    97.360%	     0.000	        1
	                              square 701	        1	     0.135	     0.009%	    97.369%	     0.000	        1
	                              square 638	        1	     0.135	     0.009%	    97.378%	     0.000	        1
	                              square 282	        1	     0.135	     0.009%	    97.387%	     0.000	        1
	                              square 260	        1	     0.135	     0.009%	    97.396%	     0.000	        1
	                      slice 41 -> mul 47	        1	     0.135	     0.009%	    97.405%	     0.000	        1
	                              slice 1388	        1	     0.135	     0.009%	    97.414%	     0.000	        1
	                             reshape 611	        1	     0.135	     0.009%	    97.423%	     0.000	        1
	                             reshape 548	        1	     0.135	     0.009%	    97.432%	     0.000	        1
	                             reshape 485	        1	     0.135	     0.009%	    97.441%	     0.000	        1
	                             reshape 422	        1	     0.135	     0.009%	    97.450%	     0.000	        1
	                reshape 1279 -> add 1280	        1	     0.135	     0.009%	    97.459%	     0.000	        1
	                      mul 783 -> add 784	        1	     0.135	     0.009%	    97.468%	     0.000	        1
	                              square 723	        1	     0.134	     0.009%	    97.477%	     0.000	        1
	                              square 660	        1	     0.134	     0.009%	    97.486%	     0.000	        1
	                              square 534	        1	     0.134	     0.009%	    97.495%	     0.000	        1
	                               slice 803	        1	     0.134	     0.009%	    97.504%	     0.000	        1
	                               slice 802	        1	     0.134	     0.009%	    97.513%	     0.000	        1
	                               slice 735	        1	     0.134	     0.009%	    97.522%	     0.000	        1
	                               slice 672	        1	     0.134	     0.009%	    97.531%	     0.000	        1
	                                slice 43	        1	     0.134	     0.009%	    97.540%	     0.000	        1
	                    slice 356 -> mul 362	        1	     0.134	     0.009%	    97.549%	     0.000	        1
	                    slice 293 -> mul 299	        1	     0.134	     0.009%	    97.558%	     0.000	        1
	                    slice 167 -> mul 173	        1	     0.134	     0.009%	    97.567%	     0.000	        1
	                              slice 1384	        1	     0.134	     0.009%	    97.576%	     0.000	        1
	                              slice 1063	        1	     0.134	     0.009%	    97.585%	     0.000	        1
	                             reshape 363	        1	     0.134	     0.009%	    97.594%	     0.000	        1
	               mat_mul_reshape_output 58	        1	     0.134	     0.009%	    97.602%	     0.000	        1
	              mat_mul_reshape_output 121	        1	     0.134	     0.009%	    97.611%	     0.000	        1
	                           transpose 186	        1	     0.133	     0.009%	    97.620%	     0.000	        1
	                           transpose 123	        1	     0.133	     0.009%	    97.629%	     0.000	        1
	                               slice 358	        1	     0.133	     0.009%	    97.638%	     0.000	        1
	                    slice 104 -> mul 110	        1	     0.133	     0.009%	    97.647%	     0.000	        1
	                             reshape 612	        1	     0.133	     0.009%	    97.656%	     0.000	        1
	                             reshape 549	        1	     0.133	     0.009%	    97.665%	     0.000	        1
	                             reshape 486	        1	     0.133	     0.009%	    97.674%	     0.000	        1
	                              reshape 48	        1	     0.133	     0.009%	    97.682%	     0.000	        1
	                             reshape 423	        1	     0.133	     0.009%	    97.691%	     0.000	        1
	                             reshape 177	        1	     0.133	     0.009%	    97.700%	     0.000	        1
	                            reshape 1315	        1	     0.133	     0.009%	    97.709%	     0.000	        1
	              mat_mul_reshape_output 247	        1	     0.133	     0.009%	    97.718%	     0.000	        1
	              mat_mul_reshape_output 184	        1	     0.133	     0.009%	    97.727%	     0.000	        1
	             mat_mul_as_convolution 1174	        1	     0.133	     0.009%	    97.736%	     0.000	        1
	             mat_mul_as_convolution 1136	        1	     0.133	     0.009%	    97.745%	     0.000	        1
	                           transpose 438	        1	     0.132	     0.009%	    97.753%	     0.000	        1
	                           transpose 312	        1	     0.132	     0.009%	    97.762%	     0.000	        1
	                            subtract 637	        1	     0.132	     0.009%	    97.771%	     0.000	        1
	                              square 512	        1	     0.132	     0.009%	    97.780%	     0.000	        1
	                              square 471	        1	     0.132	     0.009%	    97.789%	     0.000	        1
	                              square 449	        1	     0.132	     0.009%	    97.797%	     0.000	        1
	                               slice 736	        1	     0.132	     0.009%	    97.806%	     0.000	        1
	                    slice 671 -> mul 677	        1	     0.132	     0.009%	    97.815%	     0.000	        1
	                               slice 546	        1	     0.132	     0.009%	    97.824%	     0.000	        1
	                               slice 483	        1	     0.132	     0.009%	    97.833%	     0.000	        1
	                               slice 232	        1	     0.132	     0.009%	    97.842%	     0.000	        1
	                               slice 169	        1	     0.132	     0.009%	    97.850%	     0.000	        1
	                               slice 106	        1	     0.132	     0.009%	    97.859%	     0.000	        1
	                             reshape 300	        1	     0.132	     0.009%	    97.868%	     0.000	        1
	                             reshape 246	        1	     0.132	     0.009%	    97.877%	     0.000	        1
	                             reshape 237	        1	     0.132	     0.009%	    97.886%	     0.000	        1
	                             reshape 174	        1	     0.132	     0.009%	    97.894%	     0.000	        1
	                            reshape 1277	        1	     0.132	     0.009%	    97.903%	     0.000	        1
	                             reshape 111	        1	     0.132	     0.009%	    97.912%	     0.000	        1
	                      mul 781 -> add 782	        1	     0.132	     0.009%	    97.921%	     0.000	        1
	                                  mul 37	        1	     0.132	     0.009%	    97.930%	     0.000	        1
	              mat_mul_reshape_output 310	        1	     0.132	     0.009%	    97.938%	     0.000	        1
	                           transpose 753	        1	     0.131	     0.009%	    97.947%	     0.000	        1
	                           transpose 690	        1	     0.131	     0.009%	    97.956%	     0.000	        1
	                           transpose 627	        1	     0.131	     0.009%	    97.965%	     0.000	        1
	                            transpose 60	        1	     0.131	     0.009%	    97.973%	     0.000	        1
	                           transpose 249	        1	     0.131	     0.009%	    97.982%	     0.000	        1
	                              square 597	        1	     0.131	     0.009%	    97.991%	     0.000	        1
	                              square 575	        1	     0.131	     0.009%	    98.000%	     0.000	        1
	                              square 408	        1	     0.131	     0.009%	    98.008%	     0.000	        1
	                              square 386	        1	     0.131	     0.009%	    98.017%	     0.000	        1
	                    slice 734 -> mul 740	        1	     0.131	     0.009%	    98.026%	     0.000	        1
	                               slice 609	        1	     0.131	     0.009%	    98.035%	     0.000	        1
	                               slice 420	        1	     0.131	     0.009%	    98.043%	     0.000	        1
	                             reshape 741	        1	     0.131	     0.009%	    98.052%	     0.000	        1
	                              reshape 57	        1	     0.131	     0.009%	    98.061%	     0.000	        1
	                              reshape 51	        1	     0.131	     0.009%	    98.070%	     0.000	        1
	                             reshape 372	        1	     0.131	     0.009%	    98.078%	     0.000	        1
	                             reshape 183	        1	     0.131	     0.009%	    98.087%	     0.000	        1
	                             reshape 120	        1	     0.131	     0.009%	    98.096%	     0.000	        1
	                                 mul 163	        1	     0.131	     0.009%	    98.105%	     0.000	        1
	                                 mul 100	        1	     0.131	     0.009%	    98.113%	     0.000	        1
	              mat_mul_reshape_output 751	        1	     0.131	     0.009%	    98.122%	     0.000	        1
	              mat_mul_reshape_output 625	        1	     0.131	     0.009%	    98.131%	     0.000	        1
	                             subtract 29	        1	     0.130	     0.009%	    98.139%	     0.000	        1
	                            subtract 133	        1	     0.130	     0.009%	    98.148%	     0.000	        1
	                               slice 805	        1	     0.130	     0.009%	    98.157%	     0.000	        1
	                               slice 673	        1	     0.130	     0.009%	    98.166%	     0.000	        1
	                    slice 419 -> mul 425	        1	     0.130	     0.009%	    98.174%	     0.000	        1
	                             reshape 678	        1	     0.130	     0.009%	    98.183%	     0.000	        1
	                                  mul 78	        1	     0.130	     0.009%	    98.192%	     0.000	        1
	                                 mul 352	        1	     0.130	     0.009%	    98.200%	     0.000	        1
	                                 mul 226	        1	     0.130	     0.009%	    98.209%	     0.000	        1
	                                 mul 204	        1	     0.130	     0.009%	    98.218%	     0.000	        1
	                                 mul 141	        1	     0.130	     0.009%	    98.226%	     0.000	        1
	              mat_mul_reshape_output 688	        1	     0.130	     0.009%	    98.235%	     0.000	        1
	                            subtract 344	        1	     0.129	     0.009%	    98.244%	     0.000	        1
	                            subtract 322	        1	     0.129	     0.009%	    98.252%	     0.000	        1
	                            subtract 259	        1	     0.129	     0.009%	    98.261%	     0.000	        1
	                            subtract 196	        1	     0.129	     0.009%	    98.269%	     0.000	        1
	                    slice 608 -> mul 614	        1	     0.129	     0.009%	    98.278%	     0.000	        1
	                    slice 545 -> mul 551	        1	     0.129	     0.009%	    98.287%	     0.000	        1
	                               slice 421	        1	     0.129	     0.009%	    98.295%	     0.000	        1
	                             reshape 750	        1	     0.129	     0.009%	    98.304%	     0.000	        1
	                             reshape 687	        1	     0.129	     0.009%	    98.312%	     0.000	        1
	                             reshape 624	        1	     0.129	     0.009%	    98.321%	     0.000	        1
	                             reshape 309	        1	     0.129	     0.009%	    98.330%	     0.000	        1
	                             reshape 240	        1	     0.129	     0.009%	    98.338%	     0.000	        1
	                             reshape 114	        1	     0.129	     0.009%	    98.347%	     0.000	        1
	                                 mul 330	        1	     0.129	     0.009%	    98.356%	     0.000	        1
	                                 mul 289	        1	     0.129	     0.009%	    98.364%	     0.000	        1
	              mat_mul_reshape_output 373	        1	     0.129	     0.009%	    98.373%	     0.000	        1
	                           transpose 950	        1	     0.128	     0.009%	    98.381%	     0.000	        1
	                           transpose 501	        1	     0.128	     0.009%	    98.390%	     0.000	        1
	                           transpose 375	        1	     0.128	     0.009%	    98.398%	     0.000	        1
	                            subtract 763	        1	     0.128	     0.009%	    98.407%	     0.000	        1
	                            subtract 700	        1	     0.128	     0.009%	    98.415%	     0.000	        1
	                             subtract 70	        1	     0.128	     0.009%	    98.424%	     0.000	        1
	                            subtract 218	        1	     0.128	     0.009%	    98.433%	     0.000	        1
	                               slice 610	        1	     0.128	     0.009%	    98.441%	     0.000	        1
	                               slice 547	        1	     0.128	     0.009%	    98.450%	     0.000	        1
	                               slice 484	        1	     0.128	     0.009%	    98.458%	     0.000	        1
	                    slice 482 -> mul 488	        1	     0.128	     0.009%	    98.467%	     0.000	        1
	                             reshape 615	        1	     0.128	     0.009%	    98.475%	     0.000	        1
	                             reshape 552	        1	     0.128	     0.009%	    98.484%	     0.000	        1
	                             reshape 489	        1	     0.128	     0.009%	    98.492%	     0.000	        1
	                             reshape 435	        1	     0.128	     0.009%	    98.501%	     0.000	        1
	                             reshape 426	        1	     0.128	     0.009%	    98.509%	     0.000	        1
	                reshape 1341 -> add 1342	        1	     0.128	     0.009%	    98.518%	     0.000	        1
	           mul 799 -> mul 800 -> add 801	        1	     0.128	     0.009%	    98.527%	     0.000	        1
	                                 mul 730	        1	     0.128	     0.009%	    98.535%	     0.000	        1
	                                 mul 267	        1	     0.128	     0.009%	    98.544%	     0.000	        1
	              mat_mul_reshape_output 562	        1	     0.128	     0.009%	    98.552%	     0.000	        1
	              mat_mul_reshape_output 499	        1	     0.128	     0.009%	    98.561%	     0.000	        1
	              mat_mul_reshape_output 436	        1	     0.128	     0.009%	    98.569%	     0.000	        1
	                           transpose 564	        1	     0.127	     0.008%	    98.578%	     0.000	        1
	                             subtract 92	        1	     0.127	     0.008%	    98.586%	     0.000	        1
	                            subtract 791	        1	     0.127	     0.008%	    98.595%	     0.000	        1
	                            subtract 722	        1	     0.127	     0.008%	    98.603%	     0.000	        1
	                            subtract 533	        1	     0.127	     0.008%	    98.612%	     0.000	        1
	                            subtract 470	        1	     0.127	     0.008%	    98.620%	     0.000	        1
	                            subtract 281	        1	     0.127	     0.008%	    98.629%	     0.000	        1
	                            subtract 155	        1	     0.127	     0.008%	    98.637%	     0.000	        1
	                             reshape 561	        1	     0.127	     0.008%	    98.646%	     0.000	        1
	                             reshape 498	        1	     0.127	     0.008%	    98.654%	     0.000	        1
	                                 mul 771	        1	     0.127	     0.008%	    98.663%	     0.000	        1
	                                 mul 708	        1	     0.127	     0.008%	    98.671%	     0.000	        1
	                                 mul 667	        1	     0.127	     0.008%	    98.679%	     0.000	        1
	                                 mul 645	        1	     0.127	     0.008%	    98.688%	     0.000	        1
	                                 mul 541	        1	     0.127	     0.008%	    98.696%	     0.000	        1
	                                 mul 393	        1	     0.127	     0.008%	    98.705%	     0.000	        1
	             mat_mul_as_convolution 1139	        1	     0.127	     0.008%	    98.713%	     0.000	        1
	                            subtract 659	        1	     0.126	     0.008%	    98.722%	     0.000	        1
	                            subtract 448	        1	     0.126	     0.008%	    98.730%	     0.000	        1
	                            subtract 385	        1	     0.126	     0.008%	    98.739%	     0.000	        1
	                                 mul 415	        1	     0.126	     0.008%	    98.747%	     0.000	        1
	             mat_mul_as_convolution 1177	        1	     0.126	     0.008%	    98.755%	     0.000	        1
	                            subtract 574	        1	     0.125	     0.008%	    98.764%	     0.000	        1
	                            subtract 511	        1	     0.125	     0.008%	    98.772%	     0.000	        1
	                                 mul 604	        1	     0.125	     0.008%	    98.780%	     0.000	        1
	                            subtract 407	        1	     0.124	     0.008%	    98.789%	     0.000	        1
	                                 mul 582	        1	     0.124	     0.008%	    98.797%	     0.000	        1
	                                 mul 519	        1	     0.124	     0.008%	    98.805%	     0.000	        1
	                                 mul 478	        1	     0.124	     0.008%	    98.814%	     0.000	        1
	                                 mul 456	        1	     0.124	     0.008%	    98.822%	     0.000	        1
	                            subtract 596	        1	     0.123	     0.008%	    98.830%	     0.000	        1
	                            reshape 1126	        1	     0.122	     0.008%	    98.838%	     0.000	        1
	                 winograd_4x4_to_36 1076	        1	     0.117	     0.008%	    98.846%	     0.000	        1
	                           transpose 968	        1	     0.116	     0.008%	    98.854%	     0.000	        1
	       reshape 965 -> mul 966 -> add 967	        1	     0.116	     0.008%	    98.861%	     0.000	        1
	                            reshape 1223	        1	     0.112	     0.007%	    98.869%	     0.000	        1
	                            reshape 1086	        1	     0.105	     0.007%	    98.876%	     0.000	        1
	    reshape 1237 -> mul 1238 -> add 1239	        1	     0.103	     0.007%	    98.883%	     0.000	        1
	                         reduce_sum 1230	        1	     0.102	     0.007%	    98.890%	     0.000	        1
	                  reshape 921 -> add 922	        1	     0.101	     0.007%	    98.896%	     0.000	        1
	                         reduce_sum 1224	        1	     0.101	     0.007%	    98.903%	     0.000	        1
	                  reshape 948 -> add 949	        1	     0.100	     0.007%	    98.910%	     0.000	        1
	                  reshape 883 -> add 884	        1	     0.100	     0.007%	    98.916%	     0.000	        1
	                            softmax 1041	        1	     0.099	     0.007%	    98.923%	     0.000	        1
	                            softmax 1003	        1	     0.099	     0.007%	    98.930%	     0.000	        1
	                              slice 1198	        1	     0.096	     0.006%	    98.936%	     0.000	        1
	                  reshape 945 -> add 946	        1	     0.093	     0.006%	    98.942%	     0.000	        1
	                            reshape 1258	        1	     0.093	     0.006%	    98.949%	     0.000	        1
	                                mul 1331	        1	     0.093	     0.006%	    98.955%	     0.000	        1
	                              slice 1261	        1	     0.092	     0.006%	    98.961%	     0.000	        1
	                            reshape 1296	        1	     0.092	     0.006%	    98.967%	     0.000	        1
	                           subtract 1323	        1	     0.091	     0.006%	    98.973%	     0.000	        1
	                           subtract 1285	        1	     0.091	     0.006%	    98.979%	     0.000	        1
	                              slice 1299	        1	     0.091	     0.006%	    98.985%	     0.000	        1
	       convolution_winograd_4x4_6x6 1210	        1	     0.091	     0.006%	    98.991%	     0.000	        1
	                           subtract 1247	        1	     0.090	     0.006%	    98.997%	     0.000	        1
	                             square 1324	        1	     0.090	     0.006%	    99.003%	     0.000	        1
	                             square 1286	        1	     0.090	     0.006%	    99.009%	     0.000	        1
	                             square 1248	        1	     0.090	     0.006%	    99.015%	     0.000	        1
	              mat_mul_reshape_input 1314	        1	     0.090	     0.006%	    99.021%	     0.000	        1
	              mat_mul_reshape_input 1276	        1	     0.090	     0.006%	    99.027%	     0.000	        1
	                             square 1229	        1	     0.089	     0.006%	    99.033%	     0.000	        1
	                            reshape 1241	        1	     0.089	     0.006%	    99.039%	     0.000	        1
	        mul 1293 -> mul 1294 -> add 1295	        1	     0.089	     0.006%	    99.045%	     0.000	        1
	        mul 1255 -> mul 1256 -> add 1257	        1	     0.089	     0.006%	    99.051%	     0.000	        1
	                            reshape 1202	        1	     0.088	     0.006%	    99.057%	     0.000	        1
	                              slice 1397	        1	     0.086	     0.006%	    99.063%	     0.000	        1
	              mat_mul_reshape_input 1311	        1	     0.086	     0.006%	    99.068%	     0.000	        1
	                              slice 1394	        1	     0.085	     0.006%	    99.074%	     0.000	        1
	                               relu 1352	        1	     0.085	     0.006%	    99.080%	     0.000	        1
	                               relu 1346	        1	     0.085	     0.006%	    99.085%	     0.000	        1
	              mat_mul_reshape_input 1273	        1	     0.085	     0.006%	    99.091%	     0.000	        1
	       convolution_winograd_4x4_6x6 1216	        1	     0.085	     0.006%	    99.097%	     0.000	        1
	 mat_mul_reshape_output 1273 -> mul 1274	        1	     0.084	     0.006%	    99.102%	     0.000	        1
	       convolution_winograd_4x4_6x6 1218	        1	     0.084	     0.006%	    99.108%	     0.000	        1
	       convolution_winograd_4x4_6x6 1212	        1	     0.084	     0.006%	    99.114%	     0.000	        1
	                 winograd_4x4_to_36 1075	        1	     0.083	     0.006%	    99.119%	     0.000	        1
	             mat_mul_reshape_output 1314	        1	     0.083	     0.006%	    99.125%	     0.000	        1
	 mat_mul_reshape_output 1311 -> mul 1312	        1	     0.082	     0.005%	    99.130%	     0.000	        1
	             mat_mul_reshape_output 1276	        1	     0.082	     0.005%	    99.136%	     0.000	        1
	                           reduce_sum 94	        1	     0.081	     0.005%	    99.141%	     0.000	        1
	                           reduce_sum 72	        1	     0.081	     0.005%	    99.147%	     0.000	        1
	                          reduce_sum 346	        1	     0.081	     0.005%	    99.152%	     0.000	        1
	                          reduce_sum 198	        1	     0.081	     0.005%	    99.157%	     0.000	        1
	                          reduce_sum 157	        1	     0.081	     0.005%	    99.163%	     0.000	        1
	                          reduce_sum 135	        1	     0.081	     0.005%	    99.168%	     0.000	        1
	                          reduce_sum 324	        1	     0.080	     0.005%	    99.173%	     0.000	        1
	                          reduce_sum 283	        1	     0.080	     0.005%	    99.179%	     0.000	        1
	                                mul 1236	        1	     0.080	     0.005%	    99.184%	     0.000	        1
	                          transpose 1085	        1	     0.079	     0.005%	    99.189%	     0.000	        1
	                          reduce_sum 724	        1	     0.079	     0.005%	    99.195%	     0.000	        1
	                          reduce_sum 535	        1	     0.079	     0.005%	    99.200%	     0.000	        1
	                          reduce_sum 261	        1	     0.079	     0.005%	    99.205%	     0.000	        1
	                           reduce_sum 25	        1	     0.079	     0.005%	    99.211%	     0.000	        1
	                 winograd_4x4_to_36 1077	        1	     0.078	     0.005%	    99.216%	     0.000	        1
	                           subtract 1228	        1	     0.078	     0.005%	    99.221%	     0.000	        1
	                reshape 1244 -> mul 1245	        1	     0.078	     0.005%	    99.226%	     0.000	        1
	    reshape 1100 -> mul 1101 -> add 1102	        1	     0.078	     0.005%	    99.231%	     0.000	        1
	                          reduce_sum 828	        1	     0.078	     0.005%	    99.237%	     0.000	        1
	                          reduce_sum 661	        1	     0.078	     0.005%	    99.242%	     0.000	        1
	                           reduce_sum 66	        1	     0.078	     0.005%	    99.247%	     0.000	        1
	                          reduce_sum 318	        1	     0.078	     0.005%	    99.252%	     0.000	        1
	                          reduce_sum 192	        1	     0.078	     0.005%	    99.257%	     0.000	        1
	                          reduce_sum 129	        1	     0.078	     0.005%	    99.263%	     0.000	        1
	                reshape 1320 -> mul 1321	        1	     0.077	     0.005%	    99.268%	     0.000	        1
	                          reduce_sum 759	        1	     0.077	     0.005%	    99.273%	     0.000	        1
	                          reduce_sum 696	        1	     0.077	     0.005%	    99.278%	     0.000	        1
	                          reduce_sum 633	        1	     0.077	     0.005%	    99.283%	     0.000	        1
	                          reduce_sum 598	        1	     0.077	     0.005%	    99.288%	     0.000	        1
	                          reduce_sum 472	        1	     0.077	     0.005%	    99.293%	     0.000	        1
	                          reduce_sum 387	        1	     0.077	     0.005%	    99.299%	     0.000	        1
	                          reduce_sum 255	        1	     0.077	     0.005%	    99.304%	     0.000	        1
	                reshape 1282 -> mul 1283	        1	     0.076	     0.005%	    99.309%	     0.000	        1
	                           reduce_sum 88	        1	     0.076	     0.005%	    99.314%	     0.000	        1
	                          reduce_sum 793	        1	     0.076	     0.005%	    99.319%	     0.000	        1
	                          reduce_sum 702	        1	     0.076	     0.005%	    99.324%	     0.000	        1
	                          reduce_sum 639	        1	     0.076	     0.005%	    99.329%	     0.000	        1
	                          reduce_sum 570	        1	     0.076	     0.005%	    99.334%	     0.000	        1
	                          reduce_sum 507	        1	     0.076	     0.005%	    99.339%	     0.000	        1
	                          reduce_sum 444	        1	     0.076	     0.005%	    99.344%	     0.000	        1
	                          reduce_sum 381	        1	     0.076	     0.005%	    99.349%	     0.000	        1
	                          reduce_sum 214	        1	     0.076	     0.005%	    99.354%	     0.000	        1
	                          reduce_sum 151	        1	     0.076	     0.005%	    99.360%	     0.000	        1
	                          reduce_sum 576	        1	     0.075	     0.005%	    99.365%	     0.000	        1
	                          reduce_sum 513	        1	     0.075	     0.005%	    99.370%	     0.000	        1
	                          reduce_sum 450	        1	     0.075	     0.005%	    99.375%	     0.000	        1
	                          reduce_sum 403	        1	     0.075	     0.005%	    99.380%	     0.000	        1
	                          reduce_sum 340	        1	     0.075	     0.005%	    99.385%	     0.000	        1
	                          reduce_sum 277	        1	     0.075	     0.005%	    99.390%	     0.000	        1
	                          reduce_sum 718	        1	     0.074	     0.005%	    99.394%	     0.000	        1
	                          reduce_sum 655	        1	     0.074	     0.005%	    99.399%	     0.000	        1
	                          reduce_sum 592	        1	     0.074	     0.005%	    99.404%	     0.000	        1
	                          reduce_sum 529	        1	     0.074	     0.005%	    99.409%	     0.000	        1
	winograd_36_to_4x4 1212 -> add 1213 -> add 1214	        1	     0.073	     0.005%	    99.414%	     0.000	        1
	                          transpose 1103	        1	     0.073	     0.005%	    99.419%	     0.000	        1
	                              slice 1390	        1	     0.073	     0.005%	    99.424%	     0.000	        1
	                          reduce_sum 834	        1	     0.073	     0.005%	    99.429%	     0.000	        1
	                          reduce_sum 466	        1	     0.073	     0.005%	    99.434%	     0.000	        1
	                          reduce_sum 220	        1	     0.073	     0.005%	    99.439%	     0.000	        1
	    reshape 1326 -> mul 1327 -> add 1328	        1	     0.072	     0.005%	    99.443%	     0.000	        1
	    reshape 1288 -> mul 1289 -> add 1290	        1	     0.072	     0.005%	    99.448%	     0.000	        1
	    reshape 1250 -> mul 1251 -> add 1252	        1	     0.072	     0.005%	    99.453%	     0.000	        1
	                              slice 1387	        1	     0.071	     0.005%	    99.458%	     0.000	        1
	                             reshape 845	        1	     0.071	     0.005%	    99.462%	     0.000	        1
	                              square 852	        1	     0.070	     0.005%	    99.467%	     0.000	        1
	                               slice 865	        1	     0.070	     0.005%	    99.472%	     0.000	        1
	                             reshape 900	        1	     0.070	     0.005%	    99.476%	     0.000	        1
	                             reshape 862	        1	     0.070	     0.005%	    99.481%	     0.000	        1
	                              square 833	        1	     0.069	     0.005%	    99.486%	     0.000	        1
	                               slice 903	        1	     0.069	     0.005%	    99.490%	     0.000	        1
	                          reduce_sum 409	        1	     0.069	     0.005%	    99.495%	     0.000	        1
	                              square 928	        1	     0.068	     0.005%	    99.499%	     0.000	        1
	                              square 890	        1	     0.068	     0.005%	    99.504%	     0.000	        1
	                          reduce_sum 765	        1	     0.068	     0.005%	    99.509%	     0.000	        1
	                           reduce_sum 31	        1	     0.065	     0.004%	    99.513%	     0.000	        1
	               mat_mul_reshape_input 915	        1	     0.065	     0.004%	    99.517%	     0.000	        1
	               mat_mul_reshape_input 877	        1	     0.065	     0.004%	    99.522%	     0.000	        1
	           mul 859 -> mul 860 -> add 861	        1	     0.063	     0.004%	    99.526%	     0.000	        1
	                            subtract 851	        1	     0.061	     0.004%	    99.530%	     0.000	        1
	                reshape 1007 -> add 1008	        1	     0.061	     0.004%	    99.534%	     0.000	        1
	           mul 897 -> mul 898 -> add 899	        1	     0.061	     0.004%	    99.538%	     0.000	        1
	     winograd_36_to_4x4 1218 -> add 1219	        1	     0.060	     0.004%	    99.542%	     0.000	        1
	                                 mul 935	        1	     0.060	     0.004%	    99.546%	     0.000	        1
	              mat_mul_reshape_output 880	        1	     0.060	     0.004%	    99.550%	     0.000	        1
	              mat_mul_reshape_output 918	        1	     0.059	     0.004%	    99.554%	     0.000	        1
	                         reduce_sum 1009	        1	     0.058	     0.004%	    99.558%	     0.000	        1
	                                 mul 840	        1	     0.058	     0.004%	    99.562%	     0.000	        1
	                            subtract 889	        1	     0.056	     0.004%	    99.565%	     0.000	        1
	                            subtract 927	        1	     0.055	     0.004%	    99.569%	     0.000	        1
	                  reshape 848 -> mul 849	        1	     0.053	     0.004%	    99.573%	     0.000	        1
	                  reshape 634 -> mul 635	        1	     0.052	     0.003%	    99.576%	     0.000	        1
	                             resize 1220	        1	     0.051	     0.003%	    99.580%	     0.000	        1
	                  reshape 760 -> mul 761	        1	     0.051	     0.003%	    99.583%	     0.000	        1
	                  reshape 697 -> mul 698	        1	     0.051	     0.003%	    99.586%	     0.000	        1
	                    reshape 67 -> mul 68	        1	     0.051	     0.003%	    99.590%	     0.000	        1
	                  reshape 571 -> mul 572	        1	     0.051	     0.003%	    99.593%	     0.000	        1
	                  reshape 508 -> mul 509	        1	     0.051	     0.003%	    99.597%	     0.000	        1
	                  reshape 382 -> mul 383	        1	     0.051	     0.003%	    99.600%	     0.000	        1
	                  reshape 341 -> mul 342	        1	     0.051	     0.003%	    99.603%	     0.000	        1
	                  reshape 319 -> mul 320	        1	     0.051	     0.003%	    99.607%	     0.000	        1
	                  reshape 256 -> mul 257	        1	     0.051	     0.003%	    99.610%	     0.000	        1
	                  reshape 193 -> mul 194	        1	     0.051	     0.003%	    99.614%	     0.000	        1
	                  reshape 130 -> mul 131	        1	     0.051	     0.003%	    99.617%	     0.000	        1
	                         reduce_sum 1249	        1	     0.051	     0.003%	    99.620%	     0.000	        1
	                  reshape 445 -> mul 446	        1	     0.050	     0.003%	    99.624%	     0.000	        1
	                          reduce_sum 847	        1	     0.050	     0.003%	    99.627%	     0.000	        1
	                         reduce_sum 1325	        1	     0.050	     0.003%	    99.630%	     0.000	        1
	                         reduce_sum 1319	        1	     0.050	     0.003%	    99.634%	     0.000	        1
	                            subtract 832	        1	     0.049	     0.003%	    99.637%	     0.000	        1
	                              slice 1393	        1	     0.049	     0.003%	    99.640%	     0.000	        1
	                         reduce_sum 1287	        1	     0.049	     0.003%	    99.643%	     0.000	        1
	                         reduce_sum 1281	        1	     0.049	     0.003%	    99.647%	     0.000	        1
	                  reshape 788 -> mul 789	        1	     0.048	     0.003%	    99.650%	     0.000	        1
	                reshape 1072 -> add 1073	        1	     0.048	     0.003%	    99.653%	     0.000	        1
	                     convolution_2d 1179	        1	     0.048	     0.003%	    99.656%	     0.000	        1
	                    reshape 26 -> mul 27	        1	     0.047	     0.003%	    99.660%	     0.000	        1
	                reshape 1069 -> add 1070	        1	     0.047	     0.003%	    99.663%	     0.000	        1
	                reshape 1045 -> add 1046	        1	     0.047	     0.003%	    99.666%	     0.000	        1
	                     convolution_2d 1141	        1	     0.047	     0.003%	    99.669%	     0.000	        1
	                 winograd_4x4_to_36 1210	        1	     0.046	     0.003%	    99.672%	     0.000	        1
	                    reshape 89 -> mul 90	        1	     0.046	     0.003%	    99.675%	     0.000	        1
	                  reshape 656 -> mul 657	        1	     0.046	     0.003%	    99.678%	     0.000	        1
	       reshape 766 -> mul 767 -> add 768	        1	     0.045	     0.003%	    99.681%	     0.000	        1
	          reshape 73 -> mul 74 -> add 75	        1	     0.045	     0.003%	    99.684%	     0.000	        1
	                  reshape 719 -> mul 720	        1	     0.045	     0.003%	    99.687%	     0.000	        1
	       reshape 703 -> mul 704 -> add 705	        1	     0.045	     0.003%	    99.690%	     0.000	        1
	       reshape 640 -> mul 641 -> add 642	        1	     0.045	     0.003%	    99.693%	     0.000	        1
	                  reshape 593 -> mul 594	        1	     0.045	     0.003%	    99.696%	     0.000	        1
	       reshape 577 -> mul 578 -> add 579	        1	     0.045	     0.003%	    99.699%	     0.000	        1
	                  reshape 530 -> mul 531	        1	     0.045	     0.003%	    99.702%	     0.000	        1
	       reshape 514 -> mul 515 -> add 516	        1	     0.045	     0.003%	    99.705%	     0.000	        1
	                  reshape 467 -> mul 468	        1	     0.045	     0.003%	    99.708%	     0.000	        1
	       reshape 451 -> mul 452 -> add 453	        1	     0.045	     0.003%	    99.711%	     0.000	        1
	                  reshape 404 -> mul 405	        1	     0.045	     0.003%	    99.714%	     0.000	        1
	       reshape 388 -> mul 389 -> add 390	        1	     0.045	     0.003%	    99.717%	     0.000	        1
	       reshape 325 -> mul 326 -> add 327	        1	     0.045	     0.003%	    99.720%	     0.000	        1
	                  reshape 278 -> mul 279	        1	     0.045	     0.003%	    99.723%	     0.000	        1
	       reshape 262 -> mul 263 -> add 264	        1	     0.045	     0.003%	    99.726%	     0.000	        1
	                  reshape 215 -> mul 216	        1	     0.045	     0.003%	    99.729%	     0.000	        1
	       reshape 199 -> mul 200 -> add 201	        1	     0.045	     0.003%	    99.732%	     0.000	        1
	                  reshape 152 -> mul 153	        1	     0.045	     0.003%	    99.735%	     0.000	        1
	       reshape 136 -> mul 137 -> add 138	        1	     0.045	     0.003%	    99.738%	     0.000	        1
	                reshape 1107 -> mul 1108	        1	     0.045	     0.003%	    99.741%	     0.000	        1
	                         reduce_sum 1243	        1	     0.045	     0.003%	    99.744%	     0.000	        1
	    winograd_36_to_4x4 1210 -> relu 1211	        1	     0.044	     0.003%	    99.747%	     0.000	        1
	                              slice 1396	        1	     0.044	     0.003%	    99.750%	     0.000	        1
	       reshape 854 -> mul 855 -> add 856	        1	     0.044	     0.003%	    99.753%	     0.000	        1
	                     convolution_2d 1206	        1	     0.044	     0.003%	    99.756%	     0.000	        1
	          reshape 32 -> mul 33 -> add 34	        1	     0.043	     0.003%	    99.759%	     0.000	        1
	                reshape 1183 -> mul 1184	        1	     0.043	     0.003%	    99.762%	     0.000	        1
	                          reduce_sum 971	        1	     0.043	     0.003%	    99.765%	     0.000	        1
	                     convolution_2d 1105	        1	     0.043	     0.003%	    99.767%	     0.000	        1
	                     convolution_2d 1084	        1	     0.043	     0.003%	    99.770%	     0.000	        1
	       reshape 794 -> mul 795 -> add 796	        1	     0.042	     0.003%	    99.773%	     0.000	        1
	       reshape 410 -> mul 411 -> add 412	        1	     0.042	     0.003%	    99.776%	     0.000	        1
	       reshape 347 -> mul 348 -> add 349	        1	     0.042	     0.003%	    99.779%	     0.000	        1
	                          reduce_sum 929	        1	     0.042	     0.003%	    99.782%	     0.000	        1
	                          reduce_sum 923	        1	     0.042	     0.003%	    99.784%	     0.000	        1
	                          reduce_sum 885	        1	     0.042	     0.003%	    99.787%	     0.000	        1
	                          reduce_sum 853	        1	     0.042	     0.003%	    99.790%	     0.000	        1
	    winograd_36_to_4x4 1216 -> relu 1217	        1	     0.041	     0.003%	    99.793%	     0.000	        1
	          reshape 95 -> mul 96 -> add 97	        1	     0.041	     0.003%	    99.795%	     0.000	        1
	                  reshape 924 -> mul 925	        1	     0.041	     0.003%	    99.798%	     0.000	        1
	                  reshape 886 -> mul 887	        1	     0.041	     0.003%	    99.801%	     0.000	        1
	       reshape 725 -> mul 726 -> add 727	        1	     0.041	     0.003%	    99.804%	     0.000	        1
	       reshape 662 -> mul 663 -> add 664	        1	     0.041	     0.003%	    99.806%	     0.000	        1
	       reshape 599 -> mul 600 -> add 601	        1	     0.041	     0.003%	    99.809%	     0.000	        1
	       reshape 536 -> mul 537 -> add 538	        1	     0.041	     0.003%	    99.812%	     0.000	        1
	       reshape 473 -> mul 474 -> add 475	        1	     0.041	     0.003%	    99.815%	     0.000	        1
	       reshape 284 -> mul 285 -> add 286	        1	     0.041	     0.003%	    99.817%	     0.000	        1
	       reshape 221 -> mul 222 -> add 223	        1	     0.041	     0.003%	    99.820%	     0.000	        1
	       reshape 158 -> mul 159 -> add 160	        1	     0.041	     0.003%	    99.823%	     0.000	        1
	                 winograd_36_to_4x4 1076	        1	     0.040	     0.003%	    99.825%	     0.000	        1
	       reshape 930 -> mul 931 -> add 932	        1	     0.040	     0.003%	    99.828%	     0.000	        1
	       reshape 892 -> mul 893 -> add 894	        1	     0.040	     0.003%	    99.831%	     0.000	        1
	                reshape 1145 -> mul 1146	        1	     0.040	     0.003%	    99.833%	     0.000	        1
	    reshape 1113 -> mul 1114 -> add 1115	        1	     0.040	     0.003%	    99.836%	     0.000	        1
	    reshape 1189 -> mul 1190 -> add 1191	        1	     0.039	     0.003%	    99.839%	     0.000	        1
	    reshape 1151 -> mul 1152 -> add 1153	        1	     0.039	     0.003%	    99.841%	     0.000	        1
	                         reduce_sum 1047	        1	     0.038	     0.003%	    99.844%	     0.000	        1
	                          reduce_sum 891	        1	     0.037	     0.002%	    99.846%	     0.000	        1
	       convolution_winograd_4x4_6x6 1081	        1	     0.036	     0.002%	    99.849%	     0.000	        1
	                              slice 1027	        1	     0.035	     0.002%	    99.851%	     0.000	        1
	                               slice 989	        1	     0.034	     0.002%	    99.853%	     0.000	        1
	       convolution_winograd_4x4_6x6 1079	        1	     0.034	     0.002%	    99.856%	     0.000	        1
	                          reduce_sum 952	        1	     0.033	     0.002%	    99.858%	     0.000	        1
	                 winograd_4x4_to_36 1216	        1	     0.032	     0.002%	    99.860%	     0.000	        1
	                reshape 1142 -> add 1143	        1	     0.032	     0.002%	    99.862%	     0.000	        1
	                 winograd_4x4_to_36 1218	        1	     0.031	     0.002%	    99.864%	     0.000	        1
	                 winograd_4x4_to_36 1212	        1	     0.031	     0.002%	    99.866%	     0.000	        1
	                reshape 1207 -> add 1208	        1	     0.031	     0.002%	    99.868%	     0.000	        1
	              mat_mul_reshape_input 1039	        1	     0.031	     0.002%	    99.870%	     0.000	        1
	              mat_mul_reshape_input 1001	        1	     0.031	     0.002%	    99.872%	     0.000	        1
	                         reduce_sum 1053	        1	     0.030	     0.002%	    99.874%	     0.000	        1
	                reshape 1180 -> add 1181	        1	     0.029	     0.002%	    99.876%	     0.000	        1
	             mat_mul_reshape_output 1042	        1	     0.028	     0.002%	    99.878%	     0.000	        1
	             mat_mul_reshape_output 1004	        1	     0.028	     0.002%	    99.880%	     0.000	        1
	                             reshape 969	        1	     0.027	     0.002%	    99.882%	     0.000	        1
	                            reshape 1043	        1	     0.027	     0.002%	    99.884%	     0.000	        1
	                            reshape 1024	        1	     0.027	     0.002%	    99.886%	     0.000	        1
	                             reshape 986	        1	     0.026	     0.002%	    99.887%	     0.000	        1
	                            reshape 1304	        1	     0.026	     0.002%	    99.889%	     0.000	        1
	                reshape 1204 -> add 1205	        1	     0.025	     0.002%	    99.891%	     0.000	        1
	                            reshape 1005	        1	     0.025	     0.002%	    99.892%	     0.000	        1
	                          reduce_sum 977	        1	     0.025	     0.002%	    99.894%	     0.000	        1
	                          reduce_sum 958	        1	     0.025	     0.002%	    99.896%	     0.000	        1
	               mat_mul_reshape_input 918	        1	     0.025	     0.002%	    99.897%	     0.000	        1
	               mat_mul_reshape_input 880	        1	     0.025	     0.002%	    99.899%	     0.000	        1
	                              square 976	        1	     0.024	     0.002%	    99.901%	     0.000	        1
	                             square 1052	        1	     0.024	     0.002%	    99.902%	     0.000	        1
	                             square 1014	        1	     0.024	     0.002%	    99.904%	     0.000	        1
	                            reshape 1266	        1	     0.024	     0.002%	    99.905%	     0.000	        1
	                              square 957	        1	     0.023	     0.002%	    99.907%	     0.000	        1
	                         reduce_sum 1015	        1	     0.023	     0.002%	    99.909%	     0.000	        1
	        mul 1021 -> mul 1022 -> add 1023	        1	     0.023	     0.002%	    99.910%	     0.000	        1
	                               relu 1209	        1	     0.022	     0.001%	    99.911%	     0.000	        1
	                         reduce_sum 1087	        1	     0.022	     0.001%	    99.913%	     0.000	        1
	                                 mul 964	        1	     0.021	     0.001%	    99.914%	     0.000	        1
	                                mul 1059	        1	     0.021	     0.001%	    99.916%	     0.000	        1
	              mat_mul_reshape_input 1136	        1	     0.021	     0.001%	    99.917%	     0.000	        1
	           mul 983 -> mul 984 -> add 985	        1	     0.020	     0.001%	    99.919%	     0.000	        1
	              mat_mul_reshape_input 1177	        1	     0.020	     0.001%	    99.920%	     0.000	        1
	              mat_mul_reshape_input 1174	        1	     0.020	     0.001%	    99.921%	     0.000	        1
	     winograd_36_to_4x4 1081 -> add 1082	        1	     0.019	     0.001%	    99.922%	     0.000	        1
	                reshape 1010 -> mul 1011	        1	     0.019	     0.001%	    99.924%	     0.000	        1
	                                mul 1194	        1	     0.019	     0.001%	    99.925%	     0.000	        1
	                            reshape 1121	        1	     0.018	     0.001%	    99.926%	     0.000	        1
	                         reduce_sum 1093	        1	     0.018	     0.001%	    99.927%	     0.000	        1
	   mat_mul_reshape_output 915 -> mul 916	        1	     0.018	     0.001%	    99.929%	     0.000	        1
	   mat_mul_reshape_output 877 -> mul 878	        1	     0.018	     0.001%	    99.930%	     0.000	        1
	             mat_mul_reshape_output 1177	        1	     0.018	     0.001%	    99.931%	     0.000	        1
	 mat_mul_reshape_output 1174 -> mul 1175	        1	     0.018	     0.001%	    99.932%	     0.000	        1
	             mat_mul_reshape_output 1139	        1	     0.018	     0.001%	    99.933%	     0.000	        1
	 mat_mul_reshape_output 1136 -> mul 1137	        1	     0.018	     0.001%	    99.935%	     0.000	        1
	              mat_mul_reshape_input 1139	        1	     0.018	     0.001%	    99.936%	     0.000	        1
	                 winograd_4x4_to_36 1081	        1	     0.017	     0.001%	    99.937%	     0.000	        1
	                 winograd_4x4_to_36 1079	        1	     0.017	     0.001%	    99.938%	     0.000	        1
	                            reshape 1159	        1	     0.017	     0.001%	    99.939%	     0.000	        1
	                           subtract 1051	        1	     0.016	     0.001%	    99.940%	     0.000	        1
	                           subtract 1013	        1	     0.016	     0.001%	    99.941%	     0.000	        1
	                              slice 1162	        1	     0.016	     0.001%	    99.942%	     0.000	        1
	                              slice 1124	        1	     0.016	     0.001%	    99.943%	     0.000	        1
	    reshape 1054 -> mul 1055 -> add 1056	        1	     0.016	     0.001%	    99.945%	     0.000	        1
	                reshape 1048 -> mul 1049	        1	     0.016	     0.001%	    99.946%	     0.000	        1
	    winograd_36_to_4x4 1079 -> relu 1080	        1	     0.015	     0.001%	    99.947%	     0.000	        1
	                            subtract 975	        1	     0.015	     0.001%	    99.948%	     0.000	        1
	       reshape 978 -> mul 979 -> add 980	        1	     0.015	     0.001%	    99.949%	     0.000	        1
	                  reshape 972 -> mul 973	        1	     0.015	     0.001%	    99.950%	     0.000	        1
	                            reshape 1178	        1	     0.015	     0.001%	    99.951%	     0.000	        1
	                            reshape 1140	        1	     0.015	     0.001%	    99.952%	     0.000	        1
	                            reshape 1104	        1	     0.015	     0.001%	    99.953%	     0.000	        1
	    reshape 1016 -> mul 1017 -> add 1018	        1	     0.015	     0.001%	    99.954%	     0.000	        1
	                            subtract 956	        1	     0.014	     0.001%	    99.955%	     0.000	        1
	                             square 1149	        1	     0.012	     0.001%	    99.955%	     0.000	        1
	                             square 1111	        1	     0.012	     0.001%	    99.956%	     0.000	        1
	                 winograd_36_to_4x4 1077	        1	     0.011	     0.001%	    99.957%	     0.000	        1
	                               relu 1215	        1	     0.011	     0.001%	    99.958%	     0.000	        1
	        mul 1118 -> mul 1119 -> add 1120	        1	     0.011	     0.001%	    99.958%	     0.000	        1
	              mat_mul_reshape_input 1042	        1	     0.011	     0.001%	    99.959%	     0.000	        1
	              mat_mul_reshape_input 1004	        1	     0.011	     0.001%	    99.960%	     0.000	        1
	                           subtract 1110	        1	     0.010	     0.001%	    99.960%	     0.000	        1
	                           subtract 1091	        1	     0.010	     0.001%	    99.961%	     0.000	        1
	                             square 1187	        1	     0.010	     0.001%	    99.962%	     0.000	        1
	                             resize 1083	        1	     0.010	     0.001%	    99.962%	     0.000	        1
	        mul 1156 -> mul 1157 -> add 1158	        1	     0.010	     0.001%	    99.963%	     0.000	        1
	                           subtract 1186	        1	     0.009	     0.001%	    99.964%	     0.000	        1
	              reshape 1329 -> rsqrt 1330	        1	     0.009	     0.001%	    99.964%	     0.000	        1
	                            reshape 1322	        1	     0.009	     0.001%	    99.965%	     0.000	        1
	                           subtract 1148	        1	     0.008	     0.001%	    99.965%	     0.000	        1
	                             square 1092	        1	     0.008	     0.001%	    99.966%	     0.000	        1
	              reshape 1291 -> rsqrt 1292	        1	     0.008	     0.001%	    99.966%	     0.000	        1
	              reshape 1253 -> rsqrt 1254	        1	     0.008	     0.001%	    99.967%	     0.000	        1
	                            reshape 1246	        1	     0.008	     0.001%	    99.968%	     0.000	        1
	    reshape 1094 -> mul 1095 -> add 1096	        1	     0.008	     0.001%	    99.968%	     0.000	        1
	                                mul 1099	        1	     0.008	     0.001%	    99.969%	     0.000	        1
	 mat_mul_reshape_output 1039 -> mul 1040	        1	     0.008	     0.001%	    99.969%	     0.000	        1
	                  reshape 953 -> mul 954	        1	     0.007	     0.000%	    99.970%	     0.000	        1
	                  reshape 829 -> mul 830	        1	     0.007	     0.000%	    99.970%	     0.000	        1
	                            reshape 1284	        1	     0.007	     0.000%	    99.971%	     0.000	        1
	    reshape 1231 -> mul 1232 -> add 1233	        1	     0.007	     0.000%	    99.971%	     0.000	        1
	                reshape 1225 -> mul 1226	        1	     0.007	     0.000%	    99.971%	     0.000	        1
	                reshape 1088 -> mul 1089	        1	     0.007	     0.000%	    99.972%	     0.000	        1
	                         reduce_sum 1144	        1	     0.007	     0.000%	    99.972%	     0.000	        1
	 mat_mul_reshape_output 1001 -> mul 1002	        1	     0.007	     0.000%	    99.973%	     0.000	        1
	       reshape 959 -> mul 960 -> add 961	        1	     0.006	     0.000%	    99.973%	     0.000	        1
	       reshape 835 -> mul 836 -> add 837	        1	     0.006	     0.000%	    99.974%	     0.000	        1
	                             reshape 762	        1	     0.006	     0.000%	    99.974%	     0.000	        1
	                reshape 706 -> rsqrt 707	        1	     0.006	     0.000%	    99.974%	     0.000	        1
	                reshape 643 -> rsqrt 644	        1	     0.006	     0.000%	    99.975%	     0.000	        1
	                             reshape 447	        1	     0.006	     0.000%	    99.975%	     0.000	        1
	                reshape 391 -> rsqrt 392	        1	     0.006	     0.000%	    99.976%	     0.000	        1
	                reshape 350 -> rsqrt 351	        1	     0.006	     0.000%	    99.976%	     0.000	        1
	                  reshape 35 -> rsqrt 36	        1	     0.006	     0.000%	    99.976%	     0.000	        1
	                             reshape 343	        1	     0.006	     0.000%	    99.977%	     0.000	        1
	                reshape 161 -> rsqrt 162	        1	     0.006	     0.000%	    99.977%	     0.000	        1
	                             reshape 132	        1	     0.006	     0.000%	    99.978%	     0.000	        1
	              reshape 1019 -> rsqrt 1020	        1	     0.006	     0.000%	    99.978%	     0.000	        1
	                         reduce_sum 1182	        1	     0.006	     0.000%	    99.978%	     0.000	        1
	                         reduce_sum 1106	        1	     0.006	     0.000%	    99.979%	     0.000	        1
	                  reshape 98 -> rsqrt 99	        1	     0.005	     0.000%	    99.979%	     0.000	        1
	                reshape 933 -> rsqrt 934	        1	     0.005	     0.000%	    99.980%	     0.000	        1
	                             reshape 926	        1	     0.005	     0.000%	    99.980%	     0.000	        1
	                              reshape 91	        1	     0.005	     0.000%	    99.980%	     0.000	        1
	                reshape 895 -> rsqrt 896	        1	     0.005	     0.000%	    99.981%	     0.000	        1
	                             reshape 888	        1	     0.005	     0.000%	    99.981%	     0.000	        1
	                reshape 857 -> rsqrt 858	        1	     0.005	     0.000%	    99.981%	     0.000	        1
	                reshape 797 -> rsqrt 798	        1	     0.005	     0.000%	    99.982%	     0.000	        1
	                reshape 769 -> rsqrt 770	        1	     0.005	     0.000%	    99.982%	     0.000	        1
	                reshape 728 -> rsqrt 729	        1	     0.005	     0.000%	    99.982%	     0.000	        1
	                             reshape 699	        1	     0.005	     0.000%	    99.983%	     0.000	        1
	                              reshape 69	        1	     0.005	     0.000%	    99.983%	     0.000	        1
	                reshape 602 -> rsqrt 603	        1	     0.005	     0.000%	    99.983%	     0.000	        1
	                reshape 539 -> rsqrt 540	        1	     0.005	     0.000%	    99.984%	     0.000	        1
	                             reshape 532	        1	     0.005	     0.000%	    99.984%	     0.000	        1
	                reshape 517 -> rsqrt 518	        1	     0.005	     0.000%	    99.984%	     0.000	        1
	                             reshape 510	        1	     0.005	     0.000%	    99.985%	     0.000	        1
	                reshape 476 -> rsqrt 477	        1	     0.005	     0.000%	    99.985%	     0.000	        1
	                             reshape 469	        1	     0.005	     0.000%	    99.985%	     0.000	        1
	                reshape 454 -> rsqrt 455	        1	     0.005	     0.000%	    99.986%	     0.000	        1
	                reshape 413 -> rsqrt 414	        1	     0.005	     0.000%	    99.986%	     0.000	        1
	                             reshape 406	        1	     0.005	     0.000%	    99.986%	     0.000	        1
	                reshape 328 -> rsqrt 329	        1	     0.005	     0.000%	    99.987%	     0.000	        1
	                reshape 287 -> rsqrt 288	        1	     0.005	     0.000%	    99.987%	     0.000	        1
	                reshape 265 -> rsqrt 266	        1	     0.005	     0.000%	    99.987%	     0.000	        1
	                reshape 224 -> rsqrt 225	        1	     0.005	     0.000%	    99.988%	     0.000	        1
	                             reshape 217	        1	     0.005	     0.000%	    99.988%	     0.000	        1
	                reshape 202 -> rsqrt 203	        1	     0.005	     0.000%	    99.988%	     0.000	        1
	                             reshape 195	        1	     0.005	     0.000%	    99.989%	     0.000	        1
	                             reshape 154	        1	     0.005	     0.000%	    99.989%	     0.000	        1
	                reshape 139 -> rsqrt 140	        1	     0.005	     0.000%	    99.989%	     0.000	        1
	              reshape 1234 -> rsqrt 1235	        1	     0.005	     0.000%	    99.990%	     0.000	        1
	                            reshape 1227	        1	     0.005	     0.000%	    99.990%	     0.000	        1
	              reshape 1192 -> rsqrt 1193	        1	     0.005	     0.000%	    99.990%	     0.000	        1
	                            reshape 1185	        1	     0.005	     0.000%	    99.991%	     0.000	        1
	              reshape 1154 -> rsqrt 1155	        1	     0.005	     0.000%	    99.991%	     0.000	        1
	                            reshape 1147	        1	     0.005	     0.000%	    99.991%	     0.000	        1
	                            reshape 1109	        1	     0.005	     0.000%	    99.992%	     0.000	        1
	              reshape 1097 -> rsqrt 1098	        1	     0.005	     0.000%	    99.992%	     0.000	        1
	                            reshape 1050	        1	     0.005	     0.000%	    99.992%	     0.000	        1
	                            reshape 1012	        1	     0.005	     0.000%	    99.993%	     0.000	        1
	                         reduce_sum 1188	        1	     0.005	     0.000%	    99.993%	     0.000	        1
	                         reduce_sum 1150	        1	     0.005	     0.000%	    99.993%	     0.000	        1
	                         reduce_sum 1112	        1	     0.005	     0.000%	    99.994%	     0.000	        1
	                reshape 981 -> rsqrt 982	        1	     0.004	     0.000%	    99.994%	     0.000	        1
	                reshape 838 -> rsqrt 839	        1	     0.004	     0.000%	    99.994%	     0.000	        1
	                             reshape 790	        1	     0.004	     0.000%	    99.994%	     0.000	        1
	                  reshape 76 -> rsqrt 77	        1	     0.004	     0.000%	    99.995%	     0.000	        1
	                             reshape 721	        1	     0.004	     0.000%	    99.995%	     0.000	        1
	                reshape 665 -> rsqrt 666	        1	     0.004	     0.000%	    99.995%	     0.000	        1
	                             reshape 595	        1	     0.004	     0.000%	    99.995%	     0.000	        1
	                reshape 580 -> rsqrt 581	        1	     0.004	     0.000%	    99.996%	     0.000	        1
	                             reshape 573	        1	     0.004	     0.000%	    99.996%	     0.000	        1
	                             reshape 384	        1	     0.004	     0.000%	    99.996%	     0.000	        1
	                             reshape 321	        1	     0.004	     0.000%	    99.997%	     0.000	        1
	                             reshape 280	        1	     0.004	     0.000%	    99.997%	     0.000	        1
	              reshape 1116 -> rsqrt 1117	        1	     0.004	     0.000%	    99.997%	     0.000	        1
	                               relu 1078	        1	     0.004	     0.000%	    99.997%	     0.000	        1
	                reshape 962 -> rsqrt 963	        1	     0.003	     0.000%	    99.998%	     0.000	        1
	                             reshape 955	        1	     0.003	     0.000%	    99.998%	     0.000	        1
	                             reshape 831	        1	     0.003	     0.000%	    99.998%	     0.000	        1
	                             reshape 636	        1	     0.003	     0.000%	    99.998%	     0.000	        1
	                              reshape 28	        1	     0.003	     0.000%	    99.998%	     0.000	        1
	                             reshape 258	        1	     0.003	     0.000%	    99.999%	     0.000	        1
	                            reshape 1090	        1	     0.003	     0.000%	    99.999%	     0.000	        1
	                             reshape 974	        1	     0.002	     0.000%	    99.999%	     0.000	        1
	                             reshape 850	        1	     0.002	     0.000%	    99.999%	     0.000	        1
	                             reshape 658	        1	     0.002	     0.000%	    99.999%	     0.000	        1
	              reshape 1057 -> rsqrt 1058	        1	     0.002	     0.000%	    99.999%	     0.000	        1
	                             reshape 994	        1	     0.000	     0.000%	    99.999%	     0.000	        1
	                             reshape 991	        1	     0.000	     0.000%	    99.999%	     0.000	        1
	                             reshape 908	        1	     0.000	     0.000%	    99.999%	     0.000	        1
	                             reshape 870	        1	     0.000	     0.000%	    99.999%	     0.000	        1
	                            reshape 1167	        1	     0.000	     0.000%	    99.999%	     0.000	        1
	                            reshape 1129	        1	     0.000	     0.000%	    99.999%	     0.000	        1
	                            reshape 1032	        1	     0.000	     0.000%	    99.999%	     0.000	        1
	                            reshape 1029	        1	     0.000	     0.000%	    99.999%	     0.000	        1
	                          reduce_sum 787	        1	     0.000	     0.000%	    99.999%	     0.000	        1

Timings (microseconds): count=10 first=1509862 curr=1504880 min=1450502 max=1509862 avg=1.49848e+06 std=16178
Memory (bytes): count=0
1180 nodes observed



