INFO: STARTING!
INFO: Log parameter values verbosely: [1]
INFO: Min num runs: [10]
INFO: Min runs duration (seconds): [1]
INFO: Max runs duration (seconds): [150]
INFO: Inter-run delay (seconds): [-1]
INFO: Number of prorated runs per second: [-1]
INFO: Num threads: [-1]
INFO: Use caching: [0]
INFO: Benchmark name: []
INFO: Output prefix: []
INFO: Min warmup runs: [1]
INFO: Min warmup runs duration (seconds): [0.5]
INFO: Run w/o invoking kernels: [0]
INFO: Report the peak memory footprint: [0]
INFO: Memory footprint check interval (ms): [50]
INFO: Graph: [/data/local/tmp/vda_benchmark/vda_vits_720x1280_input518_infer8_step.tflite]
INFO: Signature to run: []
INFO: Input layers: []
INFO: Input shapes: []
INFO: Input value ranges: []
INFO: Input value files: []
INFO: Allow fp16: [0]
INFO: Require full delegation: [0]
INFO: Enable op profiling: [1]
INFO: Op profiling output mode.: [stdout]
INFO: Op profiling output file.: []
INFO: Max initial profiling buffer entries: [1024]
INFO: Allow dynamic increase on profiling buffer entries: [0]
INFO: CSV File to export profiling data to: []
INFO: Enable Model Runtime Info Export: [0]
INFO: Proto File to export model runtime info to: []
INFO: Print pre-invoke interpreter state: [0]
INFO: Print post-invoke interpreter state: [0]
INFO: Release dynamic tensor memory: [0]
INFO: Optimize memory usage for large tensors: [0]
INFO: Disable delegate clustering: [0]
INFO: Constant CAST output cache: [0]
INFO: File path to export outputs layer to: []
INFO: File path to export outputs layer as tf example to: []
INFO: Tensor name display length: [25]
INFO: Tensor type display length: [15]
INFO: Tensor allocation type display length: [18]
INFO: print out all supported flags: [0]
INFO: #threads used for CPU inference: [-1]
INFO: Max number of delegated partitions: [0]
INFO: Min nodes per partition: [0]
INFO: Index of the first node that could be delegated: [0]
INFO: Index of the last node that could be delegated: [2147483647]
INFO: Number of GPU delegate invoke loop iterations: [1]
INFO: Directory for delegate serialization: []
INFO: Model-specific token/key for delegate serialization.: []
INFO: External delegate path: []
INFO: External delegate options: []
INFO: Use gpu: [0]
INFO: Allow lower precision in gpu: [1]
INFO: Enable running quant models in gpu: [1]
INFO: Prefer maximizing the throughput in gpu: [0]
INFO: GPU backend: []
INFO: Use Hexagon: [0]
INFO: Hexagon lib path: [/data/local/tmp]
INFO: Hexagon profiling: [0]
INFO: Use NNAPI: [0]
INFO: Use xnnpack: [0]
INFO: xnnpack_force_fp16: [0]
INFO: xnnpack_weight_cache_file_path: []
INFO: Use Slinky: [0]
INFO: Loaded model /data/local/tmp/vda_benchmark/vda_vits_720x1280_input518_infer8_step.tflite
INFO: Initialized TensorFlow Lite runtime.
INFO: Created TensorFlow Lite XNNPACK delegate for CPU.
VERBOSE: Replacing 1270 out of 1370 node(s) with delegate (TfLiteXNNPackDelegate) node, yielding 9 partitions for subgraph 0.
VERBOSE: Replacing 25 out of 27 node(s) with delegate (TfLiteXNNPackDelegate) node, yielding 3 partitions for subgraph 1.
VERBOSE: Replacing 25 out of 27 node(s) with delegate (TfLiteXNNPackDelegate) node, yielding 3 partitions for subgraph 2.
VERBOSE: Replacing 25 out of 27 node(s) with delegate (TfLiteXNNPackDelegate) node, yielding 3 partitions for subgraph 3.
VERBOSE: Replacing 25 out of 27 node(s) with delegate (TfLiteXNNPackDelegate) node, yielding 3 partitions for subgraph 4.
INFO: The input model file size (MB): 116.427
INFO: Initialized session in 351.125ms.
INFO: Running benchmark for at least 1 iterations and at least 0.5 seconds but terminate if exceeding 150 seconds.
INFO: count=1 curr=7511816 p5=7511816 median=7511816 p95=7511816

INFO: Running benchmark for at least 10 iterations and at least 1 seconds but terminate if exceeding 150 seconds.
INFO: count=10 first=6983345 curr=7280590 min=6983345 max=7385219 avg=7.27038e+06 std=103296 p5=6983345 median=7304872 p95=7385219

INFO: Inference timings in us: Init: 351125, First inference: 7511816, Warmup (avg): 7.51182e+06, Inference (avg): 7.27038e+06
INFO: Note: as the benchmark tool itself affects memory footprint, the following is only APPROXIMATE to the actual memory footprint of the model at runtime. Take the information at your discretion.
INFO: Memory footprint delta from the start of the tool (MB): init=539.996 overall=1036.09
INFO: Profiling Info for Benchmark Initialization:
Primary graph (name: main) profile:
============================== Run Order ==============================
	                             [node type]	  [first]	 [avg ms]	     [%]	  [cdf%]	  [mem KB]	[times called]	[Name]
	                         AllocateTensors	  200.240	  200.240	 58.914%	 58.914%	317796.000	        1	AllocateTensors/0
	                 ModifyGraphWithDelegate	  139.644	  139.644	 41.086%	100.000%	226260.000	        1	ModifyGraphWithDelegate/0

============================== Top by Computation Time ==============================
	                             [node type]	  [first]	 [avg ms]	     [%]	  [cdf%]	  [mem KB]	[times called]	[Name]
	                         AllocateTensors	  200.240	  200.240	 58.914%	 58.914%	317796.000	        1	AllocateTensors/0
	                 ModifyGraphWithDelegate	  139.644	  139.644	 41.086%	100.000%	226260.000	        1	ModifyGraphWithDelegate/0

Number of nodes executed: 2
============================== Summary by node type ==============================
	                             [Node type]	  [count]	  [avg ms]	    [avg %]	    [cdf %]	  [mem KB]	[times called]
	                         AllocateTensors	        1	   200.240	    58.914%	    58.914%	317796.000	        1
	                 ModifyGraphWithDelegate	        1	   139.644	    41.086%	   100.000%	226260.000	        1

Timings (microseconds): count=1 curr=339884
Memory (bytes): count=0
2 nodes observed

Subgraph (index: 1, name: odml.group_norm.impl) profile:
============================== Run Order ==============================
	                             [node type]	  [first]	 [avg ms]	     [%]	  [cdf%]	  [mem KB]	[times called]	[Name]
	                         AllocateTensors	    0.292	    0.292	 28.627%	 28.627%	     0.000	        1	AllocateTensors/1
	                 ModifyGraphWithDelegate	    0.728	    0.728	 71.373%	100.000%	    12.000	        1	ModifyGraphWithDelegate/1

============================== Top by Computation Time ==============================
	                             [node type]	  [first]	 [avg ms]	     [%]	  [cdf%]	  [mem KB]	[times called]	[Name]
	                 ModifyGraphWithDelegate	    0.728	    0.728	 71.373%	 71.373%	    12.000	        1	ModifyGraphWithDelegate/1
	                         AllocateTensors	    0.292	    0.292	 28.627%	100.000%	     0.000	        1	AllocateTensors/1

Number of nodes executed: 2
============================== Summary by node type ==============================
	                             [Node type]	  [count]	  [avg ms]	    [avg %]	    [cdf %]	  [mem KB]	[times called]
	                 ModifyGraphWithDelegate	        1	     0.728	    71.373%	    71.373%	    12.000	        1
	                         AllocateTensors	        1	     0.292	    28.627%	   100.000%	     0.000	        1

Subgraph (index: 1, name: odml.group_norm.impl) Timings (microseconds): count=1 curr=1020
Memory (bytes): count=0
2 nodes observed

Subgraph (index: 2, name: odml.group_norm.impl_0) profile:
============================== Run Order ==============================
	                             [node type]	  [first]	 [avg ms]	     [%]	  [cdf%]	  [mem KB]	[times called]	[Name]
	                         AllocateTensors	    0.068	    0.068	 15.925%	 15.925%	     0.000	        1	AllocateTensors/2
	                 ModifyGraphWithDelegate	    0.359	    0.359	 84.075%	100.000%	   188.000	        1	ModifyGraphWithDelegate/2

============================== Top by Computation Time ==============================
	                             [node type]	  [first]	 [avg ms]	     [%]	  [cdf%]	  [mem KB]	[times called]	[Name]
	                 ModifyGraphWithDelegate	    0.359	    0.359	 84.075%	 84.075%	   188.000	        1	ModifyGraphWithDelegate/2
	                         AllocateTensors	    0.068	    0.068	 15.925%	100.000%	     0.000	        1	AllocateTensors/2

Number of nodes executed: 2
============================== Summary by node type ==============================
	                             [Node type]	  [count]	  [avg ms]	    [avg %]	    [cdf %]	  [mem KB]	[times called]
	                 ModifyGraphWithDelegate	        1	     0.359	    84.075%	    84.075%	   188.000	        1
	                         AllocateTensors	        1	     0.068	    15.925%	   100.000%	     0.000	        1

Subgraph (index: 2, name: odml.group_norm.impl_0) Timings (microseconds): count=1 curr=427
Memory (bytes): count=0
2 nodes observed

Subgraph (index: 3, name: odml.group_norm.impl_1) profile:
============================== Run Order ==============================
	                             [node type]	  [first]	 [avg ms]	     [%]	  [cdf%]	  [mem KB]	[times called]	[Name]
	                         AllocateTensors	    0.133	    0.133	 32.439%	 32.439%	     0.000	        1	AllocateTensors/3
	                 ModifyGraphWithDelegate	    0.277	    0.277	 67.561%	100.000%	     0.000	        1	ModifyGraphWithDelegate/3

============================== Top by Computation Time ==============================
	                             [node type]	  [first]	 [avg ms]	     [%]	  [cdf%]	  [mem KB]	[times called]	[Name]
	                 ModifyGraphWithDelegate	    0.277	    0.277	 67.561%	 67.561%	     0.000	        1	ModifyGraphWithDelegate/3
	                         AllocateTensors	    0.133	    0.133	 32.439%	100.000%	     0.000	        1	AllocateTensors/3

Number of nodes executed: 2
============================== Summary by node type ==============================
	                             [Node type]	  [count]	  [avg ms]	    [avg %]	    [cdf %]	  [mem KB]	[times called]
	                 ModifyGraphWithDelegate	        1	     0.277	    67.561%	    67.561%	     0.000	        1
	                         AllocateTensors	        1	     0.133	    32.439%	   100.000%	     0.000	        1

Subgraph (index: 3, name: odml.group_norm.impl_1) Timings (microseconds): count=1 curr=410
Memory (bytes): count=0
2 nodes observed

Subgraph (index: 4, name: odml.group_norm.impl_2) profile:
============================== Run Order ==============================
	                             [node type]	  [first]	 [avg ms]	     [%]	  [cdf%]	  [mem KB]	[times called]	[Name]
	                         AllocateTensors	    0.115	    0.115	 26.498%	 26.498%	     0.000	        1	AllocateTensors/4
	                 ModifyGraphWithDelegate	    0.319	    0.319	 73.502%	100.000%	     0.000	        1	ModifyGraphWithDelegate/4

============================== Top by Computation Time ==============================
	                             [node type]	  [first]	 [avg ms]	     [%]	  [cdf%]	  [mem KB]	[times called]	[Name]
	                 ModifyGraphWithDelegate	    0.319	    0.319	 73.502%	 73.502%	     0.000	        1	ModifyGraphWithDelegate/4
	                         AllocateTensors	    0.115	    0.115	 26.498%	100.000%	     0.000	        1	AllocateTensors/4

Number of nodes executed: 2
============================== Summary by node type ==============================
	                             [Node type]	  [count]	  [avg ms]	    [avg %]	    [cdf %]	  [mem KB]	[times called]
	                 ModifyGraphWithDelegate	        1	     0.319	    73.502%	    73.502%	     0.000	        1
	                         AllocateTensors	        1	     0.115	    26.498%	   100.000%	     0.000	        1

Subgraph (index: 4, name: odml.group_norm.impl_2) Timings (microseconds): count=1 curr=434
Memory (bytes): count=0
2 nodes observed



INFO: Operator-wise Profiling Info for Regular Benchmark Runs:
Primary graph (name: main) profile:
============================== Run Order ==============================
	                             [node type]	  [first]	 [avg ms]	     [%]	  [cdf%]	  [mem KB]	[times called]	[Name]
	                 Binary Elementwise (ND)	    0.725	    0.785	  0.011%	  0.011%	     0.000	        1	Delegate/Binary Elementwise (ND):0
	                          Copy (NC, X32)	    0.710	    0.770	  0.011%	  0.021%	     0.000	        1	Delegate/Copy (NC, X32):1
	                          Copy (NC, X32)	    0.852	    0.934	  0.013%	  0.034%	     0.000	        1	Delegate/Copy (NC, X32):2
	                          Copy (NC, X32)	    0.870	    0.230	  0.013%	  0.047%	     0.000	        4	Delegate/Copy (NC, X32):3
	                          Copy (NC, X32)	    0.459	    0.469	  0.006%	  0.053%	     0.000	        1	Delegate/Copy (NC, X32):4
	                          Copy (NC, X32)	    0.451	    0.461	  0.006%	  0.060%	     0.000	        1	Delegate/Copy (NC, X32):5
	                          Copy (NC, X32)	    0.300	    0.303	  0.004%	  0.064%	     0.000	        1	Delegate/Copy (NC, X32):6
	                          Copy (NC, X32)	    0.307	    0.311	  0.004%	  0.068%	     0.000	        1	Delegate/Copy (NC, X32):7
	                          Copy (NC, X32)	    1.194	    1.191	  0.016%	  0.084%	     0.000	        1	Delegate/Copy (NC, X32):8
	                          Copy (NC, X32)	    1.246	    1.220	  0.017%	  0.101%	     0.000	        1	Delegate/Copy (NC, X32):9
	                         Slice (ND, X32)	    0.621	    0.617	  0.008%	  0.110%	     0.000	        1	Delegate/Slice (ND, X32):10
	                         Slice (ND, X32)	    0.809	    0.847	  0.012%	  0.121%	     0.000	        1	Delegate/Slice (ND, X32):11
	                         Slice (ND, X32)	    0.620	    0.632	  0.009%	  0.130%	     0.000	        1	Delegate/Slice (ND, X32):12
	                         Slice (ND, X32)	    0.822	    0.853	  0.012%	  0.142%	     0.000	        1	Delegate/Slice (ND, X32):13
	                         Slice (ND, X32)	    0.292	    0.307	  0.004%	  0.146%	     0.000	        1	Delegate/Slice (ND, X32):14
	                         Slice (ND, X32)	    0.411	    0.429	  0.006%	  0.152%	     0.000	        1	Delegate/Slice (ND, X32):15
	                         Slice (ND, X32)	    0.275	    0.283	  0.004%	  0.156%	     0.000	        1	Delegate/Slice (ND, X32):16
	                         Slice (ND, X32)	    0.440	    0.428	  0.006%	  0.162%	     0.000	        1	Delegate/Slice (ND, X32):17
	                         Slice (ND, X32)	    0.166	    0.171	  0.002%	  0.164%	     0.000	        1	Delegate/Slice (ND, X32):18
	                         Slice (ND, X32)	    0.349	    0.277	  0.015%	  0.179%	     0.000	        4	Delegate/Slice (ND, X32):19
	                         Slice (ND, X32)	    0.155	    0.166	  0.002%	  0.182%	     0.000	        1	Delegate/Slice (ND, X32):20
	                         Slice (ND, X32)	    0.337	    0.349	  0.005%	  0.186%	     0.000	        1	Delegate/Slice (ND, X32):21
	                         Slice (ND, X32)	    0.628	    0.656	  0.009%	  0.195%	     0.000	        1	Delegate/Slice (ND, X32):22
	                         Slice (ND, X32)	    1.312	    1.397	  0.019%	  0.215%	     0.000	        1	Delegate/Slice (ND, X32):23
	                         Slice (ND, X32)	    0.659	    0.655	  0.009%	  0.224%	     0.000	        1	Delegate/Slice (ND, X32):24
	                         Slice (ND, X32)	    1.308	    1.386	  0.019%	  0.243%	     0.000	        1	Delegate/Slice (ND, X32):25
	                            BROADCAST_TO	    1.198	    1.256	  0.017%	  0.260%	     0.000	        1	[wrapper.VDAStepWrapper;36]:1
	                            BROADCAST_TO	    0.079	    0.084	  0.001%	  0.261%	     0.000	        1	[wrapper.VDAStepWrapper;37]:2
	                                 RESHAPE	    0.001	    0.001	  0.000%	  0.261%	     0.000	        1	[wrapper.VDAStepWrapper;38]:3
	                                 RESHAPE	    0.000	    0.000	  0.000%	  0.261%	     0.000	        1	[wrapper.VDAStepWrapper;39]:4
	                           CONCATENATION	    3.594	    3.690	  0.051%	  0.312%	     0.000	        1	[wrapper.VDAStepWrapper;40]:5
	                               GATHER_ND	    4.189	    4.343	  0.060%	  0.372%	     0.000	        1	[wrapper.VDAStepWrapper;41]:7
	                            BROADCAST_TO	    0.095	    0.102	  0.001%	  0.373%	     0.000	        1	[wrapper.VDAStepWrapper;43]:9
	                                 RESHAPE	    0.000	    0.000	  0.000%	  0.373%	     0.000	        1	[wrapper.VDAStepWrapper;44]:10
	                           CONCATENATION	    3.590	    3.687	  0.051%	  0.424%	     0.000	        1	[wrapper.VDAStepWrapper;45]:11
	                               GATHER_ND	    4.118	    4.323	  0.059%	  0.483%	     0.000	        1	[wrapper.VDAStepWrapper;46]:12
	                            BROADCAST_TO	    0.092	    0.097	  0.001%	  0.485%	     0.000	        1	[wrapper.VDAStepWrapper;48]:14
	                                 RESHAPE	    0.001	    0.001	  0.000%	  0.485%	     0.000	        1	[wrapper.VDAStepWrapper;49]:15
	                           CONCATENATION	    3.598	    3.674	  0.051%	  0.535%	     0.000	        1	[wrapper.VDAStepWrapper;50]:16
	                               GATHER_ND	    4.124	    4.320	  0.059%	  0.595%	     0.000	        1	[wrapper.VDAStepWrapper;51]:17
	                            BROADCAST_TO	    0.092	    0.096	  0.001%	  0.596%	     0.000	        1	[wrapper.VDAStepWrapper;53]:19
	                                 RESHAPE	    0.000	    0.001	  0.000%	  0.596%	     0.000	        1	[wrapper.VDAStepWrapper;54]:20
	                           CONCATENATION	    3.588	    3.687	  0.051%	  0.647%	     0.000	        1	[wrapper.VDAStepWrapper;55]:21
	                               GATHER_ND	    4.148	    4.325	  0.060%	  0.706%	     0.000	        1	[wrapper.VDAStepWrapper;56]:22
	                            BROADCAST_TO	    1.197	    1.246	  0.017%	  0.723%	     0.000	        1	[wrapper.VDAStepWrapper;65]:31
	                                 RESHAPE	    0.001	    0.001	  0.000%	  0.723%	     0.000	        1	[wrapper.VDAStepWrapper;66]:32
	                           CONCATENATION	    3.587	    3.680	  0.051%	  0.774%	     0.000	        1	[wrapper.VDAStepWrapper;67]:33
	                               GATHER_ND	    4.158	    4.328	  0.060%	  0.833%	     0.000	        1	[wrapper.VDAStepWrapper;68]:34
	                           CONCATENATION	    3.585	    3.689	  0.051%	  0.884%	     0.000	        1	[wrapper.VDAStepWrapper;70]:36
	                               GATHER_ND	    4.134	    4.314	  0.059%	  0.944%	     0.000	        1	[wrapper.VDAStepWrapper;71]:37
	                           CONCATENATION	    3.586	    3.693	  0.051%	  0.994%	     0.000	        1	[wrapper.VDAStepWrapper;73]:39
	                               GATHER_ND	    4.133	    4.354	  0.060%	  1.054%	     0.000	        1	[wrapper.VDAStepWrapper;74]:40
	                           CONCATENATION	    3.590	    3.693	  0.051%	  1.105%	     0.000	        1	[wrapper.VDAStepWrapper;76]:42
	                               GATHER_ND	    4.124	    4.309	  0.059%	  1.164%	     0.000	        1	[wrapper.VDAStepWrapper;77]:43
	                            BROADCAST_TO	    1.198	    1.251	  0.017%	  1.182%	     0.000	        1	[wrapper.VDAStepWrapper;86]:52
	                                 RESHAPE	    0.001	    0.001	  0.000%	  1.182%	     0.000	        1	[wrapper.VDAStepWrapper;87]:53
	                           CONCATENATION	    3.586	    3.680	  0.051%	  1.232%	     0.000	        1	[wrapper.VDAStepWrapper;88]:54
	                               GATHER_ND	    4.156	    4.339	  0.060%	  1.292%	     0.000	        1	[wrapper.VDAStepWrapper;89]:55
	                           CONCATENATION	    3.585	    3.681	  0.051%	  1.342%	     0.000	        1	[wrapper.VDAStepWrapper;91]:57
	                               GATHER_ND	    4.130	    4.326	  0.060%	  1.402%	     0.000	        1	[wrapper.VDAStepWrapper;92]:58
	                           CONCATENATION	    3.582	    3.680	  0.051%	  1.453%	     0.000	        1	[wrapper.VDAStepWrapper;94]:60
	                               GATHER_ND	    4.180	    4.324	  0.059%	  1.512%	     0.000	        1	[wrapper.VDAStepWrapper;95]:61
	                           CONCATENATION	    3.586	    3.682	  0.051%	  1.563%	     0.000	        1	[wrapper.VDAStepWrapper;97]:63
	                               GATHER_ND	    4.113	    4.308	  0.059%	  1.622%	     0.000	        1	[wrapper.VDAStepWrapper;98]:64
	                            BROADCAST_TO	    1.196	    1.252	  0.017%	  1.639%	     0.000	        1	[wrapper.VDAStepWrapper;107]:73
	                                 RESHAPE	    0.001	    0.001	  0.000%	  1.639%	     0.000	        1	[wrapper.VDAStepWrapper;108]:74
	                           CONCATENATION	    3.600	    3.687	  0.051%	  1.690%	     0.000	        1	[wrapper.VDAStepWrapper;109]:75
	                               GATHER_ND	    4.130	    4.335	  0.060%	  1.750%	     0.000	        1	[wrapper.VDAStepWrapper;110]:76
	                           CONCATENATION	    3.587	    3.688	  0.051%	  1.800%	     0.000	        1	[wrapper.VDAStepWrapper;112]:78
	                               GATHER_ND	    4.137	    4.326	  0.060%	  1.860%	     0.000	        1	[wrapper.VDAStepWrapper;113]:79
	                           CONCATENATION	    3.585	    3.683	  0.051%	  1.911%	     0.000	        1	[wrapper.VDAStepWrapper;115]:81
	                               GATHER_ND	    4.117	    4.312	  0.059%	  1.970%	     0.000	        1	[wrapper.VDAStepWrapper;116]:82
	                           CONCATENATION	    3.668	    3.681	  0.051%	  2.020%	     0.000	        1	[wrapper.VDAStepWrapper;118]:84
	                               GATHER_ND	    4.114	    4.304	  0.059%	  2.080%	     0.000	        1	[wrapper.VDAStepWrapper;119]:85
	                            BROADCAST_TO	    0.010	    0.010	  0.000%	  2.080%	     0.000	        1	[wrapper.VDAStepWrapper;146]:117
	                            BROADCAST_TO	    0.002	    0.002	  0.000%	  2.080%	     0.000	        1	[wrapper.VDAStepWrapper;147]:118
	                                 RESHAPE	    0.001	    0.001	  0.000%	  2.080%	     0.000	        1	[wrapper.VDAStepWrapper;148]:119
	                                 RESHAPE	    0.000	    0.000	  0.000%	  2.080%	     0.000	        1	[wrapper.VDAStepWrapper;149]:120
	                           CONCATENATION	    0.020	    0.023	  0.000%	  2.080%	     0.000	        1	[wrapper.VDAStepWrapper;150]:121
	                               GATHER_ND	    0.185	    0.195	  0.003%	  2.083%	     0.000	        1	[wrapper.VDAStepWrapper;151]:122
	                            BROADCAST_TO	    0.002	    0.002	  0.000%	  2.083%	     0.000	        1	[wrapper.VDAStepWrapper;153]:124
	                                 RESHAPE	    0.000	    0.001	  0.000%	  2.083%	     0.000	        1	[wrapper.VDAStepWrapper;154]:125
	                           CONCATENATION	    0.019	    0.022	  0.000%	  2.083%	     0.000	        1	[wrapper.VDAStepWrapper;155]:126
	                               GATHER_ND	    0.176	    0.179	  0.002%	  2.086%	     0.000	        1	[wrapper.VDAStepWrapper;156]:127
	                            BROADCAST_TO	    0.002	    0.002	  0.000%	  2.086%	     0.000	        1	[wrapper.VDAStepWrapper;158]:129
	                                 RESHAPE	    0.000	    0.000	  0.000%	  2.086%	     0.000	        1	[wrapper.VDAStepWrapper;159]:130
	                           CONCATENATION	    0.020	    0.020	  0.000%	  2.086%	     0.000	        1	[wrapper.VDAStepWrapper;160]:131
	                               GATHER_ND	    0.189	    0.189	  0.003%	  2.089%	     0.000	        1	[wrapper.VDAStepWrapper;161]:132
	                            BROADCAST_TO	    0.002	    0.001	  0.000%	  2.089%	     0.000	        1	[wrapper.VDAStepWrapper;163]:134
	                                 RESHAPE	    0.000	    0.001	  0.000%	  2.089%	     0.000	        1	[wrapper.VDAStepWrapper;164]:135
	                           CONCATENATION	    0.019	    0.020	  0.000%	  2.089%	     0.000	        1	[wrapper.VDAStepWrapper;165]:136
	                               GATHER_ND	    0.193	    0.197	  0.003%	  2.092%	     0.000	        1	[wrapper.VDAStepWrapper;166]:137
	                            BROADCAST_TO	    0.007	    0.008	  0.000%	  2.092%	     0.000	        1	[wrapper.VDAStepWrapper;175]:146
	                                 RESHAPE	    0.000	    0.001	  0.000%	  2.092%	     0.000	        1	[wrapper.VDAStepWrapper;176]:147
	                           CONCATENATION	    0.019	    0.019	  0.000%	  2.092%	     0.000	        1	[wrapper.VDAStepWrapper;177]:148
	                               GATHER_ND	    0.221	    0.228	  0.003%	  2.095%	     0.000	        1	[wrapper.VDAStepWrapper;178]:149
	                           CONCATENATION	    0.019	    0.020	  0.000%	  2.095%	     0.000	        1	[wrapper.VDAStepWrapper;180]:151
	                               GATHER_ND	    0.195	    0.198	  0.003%	  2.098%	     0.000	        1	[wrapper.VDAStepWrapper;181]:152
	                           CONCATENATION	    0.020	    0.020	  0.000%	  2.098%	     0.000	        1	[wrapper.VDAStepWrapper;183]:154
	                               GATHER_ND	    0.214	    0.223	  0.003%	  2.101%	     0.000	        1	[wrapper.VDAStepWrapper;184]:155
	                           CONCATENATION	    0.019	    0.020	  0.000%	  2.102%	     0.000	        1	[wrapper.VDAStepWrapper;186]:157
	                               GATHER_ND	    0.236	    0.215	  0.003%	  2.105%	     0.000	        1	[wrapper.VDAStepWrapper;187]:158
	                            BROADCAST_TO	    0.009	    0.009	  0.000%	  2.105%	     0.000	        1	[wrapper.VDAStepWrapper;196]:167
	                                 RESHAPE	    0.000	    0.000	  0.000%	  2.105%	     0.000	        1	[wrapper.VDAStepWrapper;197]:168
	                           CONCATENATION	    0.020	    0.020	  0.000%	  2.105%	     0.000	        1	[wrapper.VDAStepWrapper;198]:169
	                               GATHER_ND	    0.212	    0.215	  0.003%	  2.108%	     0.000	        1	[wrapper.VDAStepWrapper;199]:170
	                           CONCATENATION	    0.020	    0.020	  0.000%	  2.108%	     0.000	        1	[wrapper.VDAStepWrapper;201]:172
	                               GATHER_ND	    0.176	    0.184	  0.003%	  2.111%	     0.000	        1	[wrapper.VDAStepWrapper;202]:173
	                           CONCATENATION	    0.019	    0.020	  0.000%	  2.111%	     0.000	        1	[wrapper.VDAStepWrapper;204]:175
	                               GATHER_ND	    0.180	    0.185	  0.003%	  2.114%	     0.000	        1	[wrapper.VDAStepWrapper;205]:176
	                           CONCATENATION	    0.020	    0.020	  0.000%	  2.114%	     0.000	        1	[wrapper.VDAStepWrapper;207]:178
	                               GATHER_ND	    0.187	    0.198	  0.003%	  2.117%	     0.000	        1	[wrapper.VDAStepWrapper;208]:179
	                            BROADCAST_TO	    0.008	    0.008	  0.000%	  2.117%	     0.000	        1	[wrapper.VDAStepWrapper;217]:188
	                                 RESHAPE	    0.001	    0.000	  0.000%	  2.117%	     0.000	        1	[wrapper.VDAStepWrapper;218]:189
	                           CONCATENATION	    0.019	    0.020	  0.000%	  2.117%	     0.000	        1	[wrapper.VDAStepWrapper;219]:190
	                               GATHER_ND	    0.179	    0.188	  0.003%	  2.120%	     0.000	        1	[wrapper.VDAStepWrapper;220]:191
	                           CONCATENATION	    0.019	    0.020	  0.000%	  2.120%	     0.000	        1	[wrapper.VDAStepWrapper;222]:193
	                               GATHER_ND	    0.172	    0.180	  0.002%	  2.122%	     0.000	        1	[wrapper.VDAStepWrapper;223]:194
	                           CONCATENATION	    0.020	    0.020	  0.000%	  2.123%	     0.000	        1	[wrapper.VDAStepWrapper;225]:196
	                               GATHER_ND	    0.177	    0.190	  0.003%	  2.125%	     0.000	        1	[wrapper.VDAStepWrapper;226]:197
	                          Copy (NC, X32)	    1.146	    1.234	  0.017%	  2.142%	     0.000	        1	Delegate/Copy (NC, X32):119
	                          Copy (NC, X32)	    1.264	    1.330	  0.018%	  2.161%	     0.000	        1	Delegate/Copy (NC, X32):118
	             Resize Bilinear (NHWC, F32)	    2.928	    3.110	  0.043%	  2.203%	     0.000	        1	Delegate/Resize Bilinear (NHWC, F32):116
	                  Unary Elementwise (NC)	    0.114	    0.113	  0.002%	  2.205%	     0.000	        1	Delegate/Unary Elementwise (NC):115
	             Resize Bilinear (NHWC, F32)	    1.486	    1.542	  0.021%	  2.226%	     0.000	        1	Delegate/Resize Bilinear (NHWC, F32):114
	          Fully Connected (NC, F32) GEMM	    3.461	    3.649	  0.050%	  2.276%	     0.000	        1	Delegate/Fully Connected (NC, F32) GEMM:113
	           Convolution (NHWC, F32) IGEMM	  166.827	  175.020	  2.408%	  4.684%	     0.000	        1	Delegate/Convolution (NHWC, F32) IGEMM:112
	             Resize Bilinear (NHWC, F32)	    6.643	    6.545	  0.090%	  4.774%	     0.000	        1	Delegate/Resize Bilinear (NHWC, F32):111
	           Convolution (NHWC, F32) IGEMM	  120.104	  118.177	  1.626%	  6.400%	     0.000	        1	Delegate/Convolution (NHWC, F32) IGEMM:110
	          Fully Connected (NC, F32) GEMM	   32.685	   28.781	  0.396%	  6.796%	     0.000	        1	Delegate/Fully Connected (NC, F32) GEMM:109
	             Resize Bilinear (NHWC, F32)	    4.639	    4.053	  0.056%	  6.851%	     0.000	        1	Delegate/Resize Bilinear (NHWC, F32):108
	           Convolution (NHWC, F32) IGEMM	   64.917	   58.582	  0.806%	  7.657%	     0.000	        1	Delegate/Convolution (NHWC, F32) IGEMM:106
	           Convolution (NHWC, F32) IGEMM	   65.000	   58.895	  0.810%	  8.467%	     0.000	        1	Delegate/Convolution (NHWC, F32) IGEMM:105
	                  Unary Elementwise (NC)	    0.939	    0.805	  0.011%	  8.479%	     0.000	        1	Delegate/Unary Elementwise (NC):104
	                     STABLEHLO_COMPOSITE	    2.619	    2.819	  0.039%	  8.517%	     0.000	        1	[wrapper.VDAStepWrapper/video_depth_anything.dpt_temporal.DPTHeadTemporal_head/video_depth_anything.motion_module.motion_module.TemporalModule_3/video_depth_anything.motion_module.motion_module.TemporalTransformer3DModel_temporal_transformer/torch.nn.modules.normalization.GroupNorm_norm;]:1212
	                          Copy (NC, X32)	    0.270	    0.303	  0.004%	  8.521%	     0.000	        1	Delegate/Copy (NC, X32):105
	                          Copy (NC, X32)	    0.326	    0.341	  0.005%	  8.526%	     0.000	        1	Delegate/Copy (NC, X32):104
	                          Copy (NC, X32)	    0.319	    0.362	  0.005%	  8.531%	     0.000	        1	Delegate/Copy (NC, X32):103
	          Fully Connected (NC, F32) GEMM	    1.657	    4.566	  0.126%	  8.657%	     0.000	        2	Delegate/Fully Connected (NC, F32) GEMM:102
	             Resize Bilinear (NHWC, F32)	    0.228	    0.633	  0.017%	  8.674%	     0.000	        2	Delegate/Resize Bilinear (NHWC, F32):101
	           Convolution (NHWC, F32) IGEMM	    3.416	    9.278	  0.255%	  8.929%	     0.000	        2	Delegate/Convolution (NHWC, F32) IGEMM:99
	           Convolution (NHWC, F32) IGEMM	    3.437	    9.368	  0.258%	  9.187%	     0.000	        2	Delegate/Convolution (NHWC, F32) IGEMM:98
	                  Unary Elementwise (NC)	    0.028	    0.123	  0.003%	  9.191%	     0.000	        2	Delegate/Unary Elementwise (NC):97
	                           CONCATENATION	    0.019	    0.020	  0.000%	  9.191%	     0.000	        1	[wrapper.VDAStepWrapper;228]:199
	                               GATHER_ND	    0.170	    0.180	  0.002%	  9.193%	     0.000	        1	[wrapper.VDAStepWrapper;229]:200
	           Transpose (ND, X32) Transpose	    0.834	    0.862	  0.012%	  9.205%	     0.000	        1	Delegate/Transpose (ND, X32) Transpose:0
	           Transpose (ND, X32) Transpose	    0.832	    0.854	  0.012%	  9.217%	     0.000	        1	Delegate/Transpose (ND, X32) Transpose:1
	           Transpose (ND, X32) Transpose	    0.866	    0.843	  0.012%	  9.229%	     0.000	        1	Delegate/Transpose (ND, X32) Transpose:2
	           Transpose (ND, X32) Transpose	    0.854	    0.855	  0.012%	  9.240%	     0.000	        1	Delegate/Transpose (ND, X32) Transpose:3
	                 Binary Elementwise (ND)	    0.486	    0.182	  0.010%	  9.250%	     0.000	        4	Delegate/Binary Elementwise (ND):4
	                 Binary Elementwise (ND)	    0.489	    0.492	  0.007%	  9.257%	     0.000	        1	Delegate/Binary Elementwise (ND):5
	                 Binary Elementwise (ND)	    0.563	    0.146	  0.008%	  9.265%	     0.000	        4	Delegate/Binary Elementwise (ND):6
	                 Binary Elementwise (ND)	    0.508	    0.492	  0.007%	  9.272%	     0.000	        1	Delegate/Binary Elementwise (ND):7
	                 Binary Elementwise (ND)	    0.553	    0.140	  0.008%	  9.280%	     0.000	        4	Delegate/Binary Elementwise (ND):8
	                 Binary Elementwise (ND)	    0.600	    0.123	  0.007%	  9.286%	     0.000	        4	Delegate/Binary Elementwise (ND):9
	                 Binary Elementwise (ND)	    0.558	    0.554	  0.008%	  9.294%	     0.000	        1	Delegate/Binary Elementwise (ND):10
	           Transpose (ND, X32) Transpose	    0.740	    0.666	  0.009%	  9.303%	     0.000	        1	Delegate/Transpose (ND, X32) Transpose:11
	           Transpose (ND, X32) Transpose	    0.878	    0.864	  0.012%	  9.315%	     0.000	        1	Delegate/Transpose (ND, X32) Transpose:12
	           Transpose (ND, X32) Transpose	    0.886	    0.871	  0.012%	  9.327%	     0.000	        1	Delegate/Transpose (ND, X32) Transpose:13
	           Transpose (ND, X32) Transpose	    0.868	    0.853	  0.012%	  9.339%	     0.000	        1	Delegate/Transpose (ND, X32) Transpose:14
	                 Binary Elementwise (ND)	    0.455	    0.187	  0.010%	  9.349%	     0.000	        4	Delegate/Binary Elementwise (ND):15
	                 Binary Elementwise (ND)	    0.464	    0.493	  0.007%	  9.356%	     0.000	        1	Delegate/Binary Elementwise (ND):16
	                 Binary Elementwise (ND)	    0.543	    0.561	  0.008%	  9.364%	     0.000	        1	Delegate/Binary Elementwise (ND):17
	                 Binary Elementwise (ND)	    0.464	    0.865	  0.048%	  9.411%	     0.000	        4	Delegate/Binary Elementwise (ND):18
	                 Binary Elementwise (ND)	    0.525	    0.561	  0.008%	  9.419%	     0.000	        1	Delegate/Binary Elementwise (ND):19
	                 Binary Elementwise (ND)	    0.427	    0.446	  0.006%	  9.425%	     0.000	        1	Delegate/Binary Elementwise (ND):20
	                 Binary Elementwise (ND)	    0.534	    0.552	  0.008%	  9.433%	     0.000	        1	Delegate/Binary Elementwise (ND):21
	           Transpose (ND, X32) Transpose	    0.819	    0.795	  0.011%	  9.444%	     0.000	        1	Delegate/Transpose (ND, X32) Transpose:22
	           Transpose (ND, X32) Transpose	    0.727	    0.751	  0.010%	  9.454%	     0.000	        1	Delegate/Transpose (ND, X32) Transpose:23
	           Transpose (ND, X32) Transpose	    0.851	    0.859	  0.012%	  9.466%	     0.000	        1	Delegate/Transpose (ND, X32) Transpose:24
	           Transpose (ND, X32) Transpose	    0.833	    0.875	  0.012%	  9.478%	     0.000	        1	Delegate/Transpose (ND, X32) Transpose:25
	                 Binary Elementwise (ND)	    0.484	    0.496	  0.007%	  9.485%	     0.000	        1	Delegate/Binary Elementwise (ND):26
	                 Binary Elementwise (ND)	    0.472	    0.495	  0.007%	  9.491%	     0.000	        1	Delegate/Binary Elementwise (ND):27
	                 Binary Elementwise (ND)	    0.590	    0.569	  0.008%	  9.499%	     0.000	        1	Delegate/Binary Elementwise (ND):28
	                 Binary Elementwise (ND)	    0.471	    0.489	  0.007%	  9.506%	     0.000	        1	Delegate/Binary Elementwise (ND):29
	                 Binary Elementwise (ND)	    0.532	    0.552	  0.008%	  9.513%	     0.000	        1	Delegate/Binary Elementwise (ND):30
	                 Binary Elementwise (ND)	    0.451	    0.460	  0.006%	  9.520%	     0.000	        1	Delegate/Binary Elementwise (ND):31
	                 Binary Elementwise (ND)	    0.543	    0.203	  0.011%	  9.531%	     0.000	        4	Delegate/Binary Elementwise (ND):32
	           Transpose (ND, X32) Transpose	    0.821	    0.849	  0.012%	  9.543%	     0.000	        1	Delegate/Transpose (ND, X32) Transpose:33
	           Transpose (ND, X32) Transpose	    0.860	    0.852	  0.012%	  9.554%	     0.000	        1	Delegate/Transpose (ND, X32) Transpose:34
	           Transpose (ND, X32) Transpose	    0.869	    0.867	  0.012%	  9.566%	     0.000	        1	Delegate/Transpose (ND, X32) Transpose:35
	           Transpose (ND, X32) Transpose	    0.842	    0.855	  0.012%	  9.578%	     0.000	        1	Delegate/Transpose (ND, X32) Transpose:36
	                 Binary Elementwise (ND)	    0.492	    0.265	  0.015%	  9.593%	     0.000	        4	Delegate/Binary Elementwise (ND):37
	                 Binary Elementwise (ND)	    0.502	    0.509	  0.007%	  9.600%	     0.000	        1	Delegate/Binary Elementwise (ND):38
	                 Binary Elementwise (ND)	    0.564	    0.567	  0.008%	  9.607%	     0.000	        1	Delegate/Binary Elementwise (ND):39
	                 Binary Elementwise (ND)	    0.500	    0.213	  0.012%	  9.619%	     0.000	        4	Delegate/Binary Elementwise (ND):40
	                 Binary Elementwise (ND)	    0.586	    0.562	  0.008%	  9.627%	     0.000	        1	Delegate/Binary Elementwise (ND):41
	                 Binary Elementwise (ND)	    0.470	    0.117	  0.006%	  9.633%	     0.000	        4	Delegate/Binary Elementwise (ND):42
	                 Binary Elementwise (ND)	    0.534	    0.548	  0.008%	  9.641%	     0.000	        1	Delegate/Binary Elementwise (ND):43
	                 Binary Elementwise (ND)	    0.440	    0.113	  0.006%	  9.647%	     0.000	        4	Delegate/Binary Elementwise (ND):44
	                 Binary Elementwise (ND)	    0.451	    0.120	  0.007%	  9.654%	     0.000	        4	Delegate/Binary Elementwise (ND):45
	                 Binary Elementwise (ND)	    0.555	    0.567	  0.008%	  9.661%	     0.000	        1	Delegate/Binary Elementwise (ND):46
	                 Binary Elementwise (ND)	    0.462	    0.200	  0.011%	  9.673%	     0.000	        4	Delegate/Binary Elementwise (ND):47
	                 Binary Elementwise (ND)	    0.535	    0.547	  0.008%	  9.680%	     0.000	        1	Delegate/Binary Elementwise (ND):48
	                 Binary Elementwise (ND)	    0.536	    0.198	  0.011%	  9.691%	     0.000	        4	Delegate/Binary Elementwise (ND):49
	                 Binary Elementwise (ND)	    0.540	    0.215	  0.012%	  9.703%	     0.000	        4	Delegate/Binary Elementwise (ND):50
	                 Binary Elementwise (ND)	    0.536	    0.212	  0.012%	  9.714%	     0.000	        4	Delegate/Binary Elementwise (ND):51
	                 Binary Elementwise (ND)	    0.524	    0.539	  0.007%	  9.722%	     0.000	        1	Delegate/Binary Elementwise (ND):52
	           Transpose (ND, X32) Transpose	    0.559	    0.601	  0.008%	  9.730%	     0.000	        1	Delegate/Transpose (ND, X32) Transpose:53
	           Convolution (NHWC, F32) IGEMM	   34.330	   32.480	  0.447%	 10.177%	     0.000	        1	Delegate/Convolution (NHWC, F32) IGEMM:54
	           Transpose (ND, X32) Transpose	    0.694	    0.694	  0.010%	 10.186%	     0.000	        1	Delegate/Transpose (ND, X32) Transpose:55
	                          Copy (NC, X32)	    0.001	    0.001	  0.000%	 10.186%	     0.000	        1	Delegate/Copy (NC, X32):56
	           Transpose (ND, X32) Transpose	    0.616	    0.602	  0.008%	 10.195%	     0.000	        1	Delegate/Transpose (ND, X32) Transpose:57
	                          Copy (NC, X32)	    0.216	    0.236	  0.003%	 10.198%	     0.000	        1	Delegate/Copy (NC, X32):58
	           Transpose (ND, X32) Transpose	    0.862	    0.838	  0.012%	 10.210%	     0.000	        1	Delegate/Transpose (ND, X32) Transpose:59
	           Transpose (ND, X32) Transpose	    0.955	    0.864	  0.012%	 10.221%	     0.000	        1	Delegate/Transpose (ND, X32) Transpose:60
	           Transpose (ND, X32) Transpose	    0.847	    0.865	  0.012%	 10.233%	     0.000	        1	Delegate/Transpose (ND, X32) Transpose:61
	           Transpose (ND, X32) Transpose	    0.843	    1.424	  0.078%	 10.312%	     0.000	        4	Delegate/Transpose (ND, X32) Transpose:62
	                 Binary Elementwise (ND)	    0.310	    0.325	  0.004%	 10.316%	     0.000	        1	Delegate/Binary Elementwise (ND):63
	                 Binary Elementwise (ND)	    0.313	    0.330	  0.005%	 10.321%	     0.000	        1	Delegate/Binary Elementwise (ND):64
	                 Binary Elementwise (ND)	    0.403	    0.431	  0.006%	 10.327%	     0.000	        1	Delegate/Binary Elementwise (ND):65
	                 Binary Elementwise (ND)	    0.291	    0.305	  0.004%	 10.331%	     0.000	        1	Delegate/Binary Elementwise (ND):66
	                 Binary Elementwise (ND)	    0.352	    0.382	  0.005%	 10.336%	     0.000	        1	Delegate/Binary Elementwise (ND):67
	                 Binary Elementwise (ND)	    0.309	    0.142	  0.008%	 10.344%	     0.000	        4	Delegate/Binary Elementwise (ND):68
	                 Binary Elementwise (ND)	    0.415	    0.387	  0.005%	 10.349%	     0.000	        1	Delegate/Binary Elementwise (ND):69
	           Transpose (ND, X32) Transpose	    0.887	    0.942	  0.013%	 10.362%	     0.000	        1	Delegate/Transpose (ND, X32) Transpose:70
	           Transpose (ND, X32) Transpose	    0.830	    0.876	  0.012%	 10.374%	     0.000	        1	Delegate/Transpose (ND, X32) Transpose:71
	           Transpose (ND, X32) Transpose	    0.865	    0.916	  0.013%	 10.387%	     0.000	        1	Delegate/Transpose (ND, X32) Transpose:72
	           Transpose (ND, X32) Transpose	    0.874	    0.932	  0.013%	 10.400%	     0.000	        1	Delegate/Transpose (ND, X32) Transpose:73
	                 Binary Elementwise (ND)	    0.359	    0.330	  0.005%	 10.404%	     0.000	        1	Delegate/Binary Elementwise (ND):74
	                 Binary Elementwise (ND)	    0.315	    0.327	  0.004%	 10.409%	     0.000	        1	Delegate/Binary Elementwise (ND):75
	                 Binary Elementwise (ND)	    0.395	    0.196	  0.011%	 10.420%	     0.000	        4	Delegate/Binary Elementwise (ND):76
	                 Binary Elementwise (ND)	    0.293	    0.311	  0.004%	 10.424%	     0.000	        1	Delegate/Binary Elementwise (ND):77
	                 Binary Elementwise (ND)	    0.362	    0.096	  0.005%	 10.429%	     0.000	        4	Delegate/Binary Elementwise (ND):78
	                 Binary Elementwise (ND)	    0.307	    0.326	  0.004%	 10.434%	     0.000	        1	Delegate/Binary Elementwise (ND):79
	                 Binary Elementwise (ND)	    0.362	    0.097	  0.005%	 10.439%	     0.000	        4	Delegate/Binary Elementwise (ND):80
	           Transpose (ND, X32) Transpose	    0.852	    0.928	  0.013%	 10.452%	     0.000	        1	Delegate/Transpose (ND, X32) Transpose:81
	           Transpose (ND, X32) Transpose	    0.837	    0.899	  0.012%	 10.464%	     0.000	        1	Delegate/Transpose (ND, X32) Transpose:82
	           Transpose (ND, X32) Transpose	    0.897	    0.919	  0.013%	 10.477%	     0.000	        1	Delegate/Transpose (ND, X32) Transpose:83
	           Transpose (ND, X32) Transpose	    0.899	    0.941	  0.013%	 10.490%	     0.000	        1	Delegate/Transpose (ND, X32) Transpose:84
	                 Binary Elementwise (ND)	    0.310	    0.158	  0.009%	 10.498%	     0.000	        4	Delegate/Binary Elementwise (ND):85
	                 Binary Elementwise (ND)	    0.314	    0.340	  0.005%	 10.503%	     0.000	        1	Delegate/Binary Elementwise (ND):86
	                 Binary Elementwise (ND)	    0.389	    0.426	  0.006%	 10.509%	     0.000	        1	Delegate/Binary Elementwise (ND):87
	                 Binary Elementwise (ND)	    0.296	    0.320	  0.004%	 10.513%	     0.000	        1	Delegate/Binary Elementwise (ND):88
	                 Binary Elementwise (ND)	    0.360	    0.384	  0.005%	 10.519%	     0.000	        1	Delegate/Binary Elementwise (ND):89
	                 Binary Elementwise (ND)	    0.320	    0.653	  0.036%	 10.554%	     0.000	        4	Delegate/Binary Elementwise (ND):90
	                 Binary Elementwise (ND)	    0.460	    0.395	  0.005%	 10.560%	     0.000	        1	Delegate/Binary Elementwise (ND):91
	           Transpose (ND, X32) Transpose	    0.944	    0.914	  0.013%	 10.572%	     0.000	        1	Delegate/Transpose (ND, X32) Transpose:92
	           Transpose (ND, X32) Transpose	    0.945	    0.946	  0.013%	 10.585%	     0.000	        1	Delegate/Transpose (ND, X32) Transpose:93
	           Transpose (ND, X32) Transpose	    0.963	    0.924	  0.013%	 10.598%	     0.000	        1	Delegate/Transpose (ND, X32) Transpose:94
	           Transpose (ND, X32) Transpose	    0.952	    0.930	  0.013%	 10.611%	     0.000	        1	Delegate/Transpose (ND, X32) Transpose:95
	                 Binary Elementwise (ND)	    0.433	    0.226	  0.009%	 10.620%	     0.000	        3	Delegate/Binary Elementwise (ND):96
	                 Binary Elementwise (ND)	    0.314	    0.326	  0.004%	 10.625%	     0.000	        1	Delegate/Binary Elementwise (ND):97
	                 Binary Elementwise (ND)	    0.403	    0.429	  0.006%	 10.631%	     0.000	        1	Delegate/Binary Elementwise (ND):98
	                 Binary Elementwise (ND)	    0.291	    0.305	  0.004%	 10.635%	     0.000	        1	Delegate/Binary Elementwise (ND):99
	                 Binary Elementwise (ND)	    0.364	    0.188	  0.010%	 10.645%	     0.000	        4	Delegate/Binary Elementwise (ND):100
	                 Binary Elementwise (ND)	    0.308	    0.322	  0.004%	 10.650%	     0.000	        1	Delegate/Binary Elementwise (ND):101
	                 Binary Elementwise (ND)	    0.363	    0.192	  0.005%	 10.655%	     0.000	        2	Delegate/Binary Elementwise (ND):102
	                 Binary Elementwise (ND)	    0.284	    0.743	  0.020%	 10.675%	     0.000	        2	Delegate/Binary Elementwise (ND):103
	                 Binary Elementwise (ND)	    0.302	    0.165	  0.005%	 10.680%	     0.000	        2	Delegate/Binary Elementwise (ND):104
	                 Binary Elementwise (ND)	    0.400	    0.213	  0.006%	 10.686%	     0.000	        2	Delegate/Binary Elementwise (ND):105
	                 Binary Elementwise (ND)	    0.282	    0.303	  0.004%	 10.690%	     0.000	        1	Delegate/Binary Elementwise (ND):106
	                 Binary Elementwise (ND)	    0.395	    0.496	  0.020%	 10.710%	     0.000	        3	Delegate/Binary Elementwise (ND):107
	                 Binary Elementwise (ND)	    0.291	    0.298	  0.004%	 10.714%	     0.000	        1	Delegate/Binary Elementwise (ND):108
	                 Binary Elementwise (ND)	    0.383	    0.214	  0.006%	 10.720%	     0.000	        2	Delegate/Binary Elementwise (ND):109
	           Transpose (ND, X32) Transpose	    0.604	    0.642	  0.009%	 10.729%	     0.000	        1	Delegate/Transpose (ND, X32) Transpose:110
	                          Copy (NC, X32)	    0.000	    0.000	  0.000%	 10.729%	     0.000	        1	Delegate/Copy (NC, X32):111
	                          Copy (NC, X32)	    0.212	    0.128	  0.004%	 10.733%	     0.000	        2	Delegate/Copy (NC, X32):112
	                 Binary Elementwise (ND)	    0.380	    0.404	  0.006%	 10.738%	     0.000	        1	Delegate/Binary Elementwise (ND):113
	                          Mean (ND) Mean	    0.183	    0.197	  0.003%	 10.741%	     0.000	        1	Delegate/Mean (ND) Mean:114
	                          Copy (NC, X32)	    0.000	    0.000	  0.000%	 10.741%	     0.000	        1	Delegate/Copy (NC, X32):115
	                 Binary Elementwise (ND)	    0.277	    0.296	  0.004%	 10.745%	     0.000	        1	Delegate/Binary Elementwise (ND):116
	                          Mean (ND) Mean	    0.181	    0.201	  0.003%	 10.748%	     0.000	        1	Delegate/Mean (ND) Mean:117
	                 Binary Elementwise (ND)	    0.001	    0.001	  0.000%	 10.748%	     0.000	        1	Delegate/Binary Elementwise (ND):118
	                  Unary Elementwise (NC)	    0.003	    0.003	  0.000%	 10.748%	     0.000	        1	Delegate/Unary Elementwise (NC):119
	                 Binary Elementwise (ND)	    0.000	    0.000	  0.000%	 10.748%	     0.000	        1	Delegate/Binary Elementwise (ND):120
	                 Binary Elementwise (ND)	    0.001	    0.001	  0.000%	 10.748%	     0.000	        1	Delegate/Binary Elementwise (ND):121
	                          Copy (NC, X32)	    0.000	    0.000	  0.000%	 10.748%	     0.000	        1	Delegate/Copy (NC, X32):122
	                 Binary Elementwise (ND)	    0.245	    0.268	  0.004%	 10.752%	     0.000	        1	Delegate/Binary Elementwise (ND):123
	                          Copy (NC, X32)	    0.000	    0.000	  0.000%	 10.752%	     0.000	        2	Delegate/Copy (NC, X32):124
	                 Binary Elementwise (ND)	    0.223	    0.240	  0.003%	 10.755%	     0.000	        1	Delegate/Binary Elementwise (ND):125
	          Fully Connected (NC, F32) GEMM	   45.477	   47.535	  0.654%	 11.409%	     0.000	        1	Delegate/Fully Connected (NC, F32) GEMM:126
	                          Copy (NC, X32)	    0.000	    0.001	  0.000%	 11.409%	     0.000	        1	Delegate/Copy (NC, X32):127
	           Transpose (ND, X32) Transpose	    0.816	    0.849	  0.012%	 11.420%	     0.000	        1	Delegate/Transpose (ND, X32) Transpose:128
	                         Slice (ND, X32)	    0.222	    0.217	  0.003%	 11.423%	     0.000	        1	Delegate/Slice (ND, X32):129
	                          Copy (NC, X32)	    0.000	    0.000	  0.000%	 11.423%	     0.000	        1	Delegate/Copy (NC, X32):130
	                 Binary Elementwise (ND)	    0.235	    0.246	  0.003%	 11.427%	     0.000	        1	Delegate/Binary Elementwise (ND):131
	                         Slice (ND, X32)	    0.256	    0.278	  0.004%	 11.431%	     0.000	        1	Delegate/Slice (ND, X32):132
	                          Copy (NC, X32)	    0.000	    0.000	  0.000%	 11.431%	     0.000	        1	Delegate/Copy (NC, X32):133
	                         Slice (ND, X32)	    0.252	    0.269	  0.004%	 11.434%	     0.000	        1	Delegate/Slice (ND, X32):134
	           Transpose (ND, X32) Transpose	    0.703	    0.750	  0.010%	 11.445%	     0.000	        1	Delegate/Transpose (ND, X32) Transpose:135
	                          Copy (NC, X32)	    0.000	    0.000	  0.000%	 11.445%	     0.000	        1	Delegate/Copy (NC, X32):136
	                          Copy (NC, X32)	    0.000	    0.000	  0.000%	 11.445%	     0.000	        1	Delegate/Copy (NC, X32):137
	    Batch Matrix Multiply (NC, F32) GEMM	   97.975	  101.145	  1.391%	 12.836%	     0.000	        1	Delegate/Batch Matrix Multiply (NC, F32) GEMM:138
	                          Copy (NC, X32)	    0.001	    0.001	  0.000%	 12.836%	     0.000	        1	Delegate/Copy (NC, X32):139
	                       Softmax (NC, F32)	   44.060	   45.975	  0.632%	 13.469%	     0.000	        1	Delegate/Softmax (NC, F32):140
	                          Copy (NC, X32)	    0.001	    0.001	  0.000%	 13.469%	     0.000	        1	Delegate/Copy (NC, X32):141
	                          Copy (NC, X32)	    0.000	    0.000	  0.000%	 13.469%	     0.000	        2	Delegate/Copy (NC, X32):142
	    Batch Matrix Multiply (NC, F32) GEMM	   98.926	  103.227	  1.420%	 14.889%	     0.000	        1	Delegate/Batch Matrix Multiply (NC, F32) GEMM:143
	                          Copy (NC, X32)	    0.001	    0.001	  0.000%	 14.889%	     0.000	        2	Delegate/Copy (NC, X32):144
	           Transpose (ND, X32) Transpose	    0.240	    0.257	  0.004%	 14.892%	     0.000	        1	Delegate/Transpose (ND, X32) Transpose:145
	                          Copy (NC, X32)	    0.000	    0.000	  0.000%	 14.892%	     0.000	        1	Delegate/Copy (NC, X32):146
	          Fully Connected (NC, F32) GEMM	   14.488	   15.657	  0.215%	 15.108%	     0.000	        1	Delegate/Fully Connected (NC, F32) GEMM:147
	                 Binary Elementwise (ND)	    0.317	    0.341	  0.005%	 15.112%	     0.000	        1	Delegate/Binary Elementwise (ND):148
	                 Binary Elementwise (ND)	    0.329	    0.342	  0.005%	 15.117%	     0.000	        1	Delegate/Binary Elementwise (ND):149
	                          Mean (ND) Mean	    0.183	    0.194	  0.003%	 15.120%	     0.000	        1	Delegate/Mean (ND) Mean:150
	                          Copy (NC, X32)	    0.001	    0.001	  0.000%	 15.120%	     0.000	        1	Delegate/Copy (NC, X32):151
	                 Binary Elementwise (ND)	    0.244	    0.274	  0.004%	 15.123%	     0.000	        1	Delegate/Binary Elementwise (ND):152
	                          Mean (ND) Mean	    0.210	    0.196	  0.003%	 15.126%	     0.000	        1	Delegate/Mean (ND) Mean:153
	                 Binary Elementwise (ND)	    0.001	    0.001	  0.000%	 15.126%	     0.000	        1	Delegate/Binary Elementwise (ND):154
	                  Unary Elementwise (NC)	    0.002	    0.003	  0.000%	 15.126%	     0.000	        1	Delegate/Unary Elementwise (NC):155
	                 Binary Elementwise (ND)	    0.001	    0.000	  0.000%	 15.126%	     0.000	        1	Delegate/Binary Elementwise (ND):156
	                 Binary Elementwise (ND)	    0.001	    0.001	  0.000%	 15.126%	     0.000	        1	Delegate/Binary Elementwise (ND):157
	                          Copy (NC, X32)	    0.000	    0.000	  0.000%	 15.126%	     0.000	        1	Delegate/Copy (NC, X32):158
	                 Binary Elementwise (ND)	    0.244	    0.255	  0.004%	 15.130%	     0.000	        1	Delegate/Binary Elementwise (ND):159
	                          Copy (NC, X32)	    0.000	    0.000	  0.000%	 15.130%	     0.000	        2	Delegate/Copy (NC, X32):160
	                 Binary Elementwise (ND)	    0.225	    0.233	  0.003%	 15.133%	     0.000	        1	Delegate/Binary Elementwise (ND):161
	          Fully Connected (NC, F32) GEMM	   59.923	   64.119	  0.882%	 16.015%	     0.000	        1	Delegate/Fully Connected (NC, F32) GEMM:162
	                  Unary Elementwise (NC)	    5.228	    5.598	  0.077%	 16.092%	     0.000	        1	Delegate/Unary Elementwise (NC):163
	          Fully Connected (NC, F32) GEMM	   59.764	   63.018	  0.867%	 16.959%	     0.000	        1	Delegate/Fully Connected (NC, F32) GEMM:164
	                 Binary Elementwise (ND)	    0.213	    0.229	  0.003%	 16.962%	     0.000	        1	Delegate/Binary Elementwise (ND):165
	                 Binary Elementwise (ND)	    0.331	    0.361	  0.005%	 16.967%	     0.000	        1	Delegate/Binary Elementwise (ND):166
	                          Mean (ND) Mean	    0.195	    0.193	  0.003%	 16.970%	     0.000	        1	Delegate/Mean (ND) Mean:167
	                          Copy (NC, X32)	    0.001	    0.001	  0.000%	 16.970%	     0.000	        1	Delegate/Copy (NC, X32):168
	                 Binary Elementwise (ND)	    0.267	    0.182	  0.005%	 16.975%	     0.000	        2	Delegate/Binary Elementwise (ND):169
	                          Mean (ND) Mean	    0.194	    0.113	  0.003%	 16.978%	     0.000	        2	Delegate/Mean (ND) Mean:170
	                 Binary Elementwise (ND)	    0.001	    0.001	  0.000%	 16.978%	     0.000	        1	Delegate/Binary Elementwise (ND):171
	                  Unary Elementwise (NC)	    0.002	    0.002	  0.000%	 16.978%	     0.000	        1	Delegate/Unary Elementwise (NC):172
	                 Binary Elementwise (ND)	    0.001	    0.001	  0.000%	 16.978%	     0.000	        1	Delegate/Binary Elementwise (ND):173
	                 Binary Elementwise (ND)	    0.001	    0.001	  0.000%	 16.978%	     0.000	        2	Delegate/Binary Elementwise (ND):174
	                          Copy (NC, X32)	    0.001	    0.001	  0.000%	 16.978%	     0.000	        1	Delegate/Copy (NC, X32):175
	                 Binary Elementwise (ND)	    0.263	    0.135	  0.004%	 16.982%	     0.000	        2	Delegate/Binary Elementwise (ND):176
	                          Copy (NC, X32)	    0.000	    0.000	  0.000%	 16.982%	     0.000	        1	Delegate/Copy (NC, X32):177
	                 Binary Elementwise (ND)	    0.234	    0.247	  0.003%	 16.985%	     0.000	        1	Delegate/Binary Elementwise (ND):178
	          Fully Connected (NC, F32) GEMM	   44.299	   46.443	  0.639%	 17.624%	     0.000	        1	Delegate/Fully Connected (NC, F32) GEMM:179
	                          Copy (NC, X32)	    0.001	    0.000	  0.000%	 17.624%	     0.000	        2	Delegate/Copy (NC, X32):180
	           Transpose (ND, X32) Transpose	    0.907	    0.905	  0.012%	 17.636%	     0.000	        1	Delegate/Transpose (ND, X32) Transpose:181
	                         Slice (ND, X32)	    0.255	    0.262	  0.004%	 17.640%	     0.000	        1	Delegate/Slice (ND, X32):182
	                          Copy (NC, X32)	    0.000	    0.000	  0.000%	 17.640%	     0.000	        1	Delegate/Copy (NC, X32):183
	                 Binary Elementwise (ND)	    0.220	    0.223	  0.003%	 17.643%	     0.000	        1	Delegate/Binary Elementwise (ND):184
	                         Slice (ND, X32)	    0.252	    0.261	  0.004%	 17.647%	     0.000	        1	Delegate/Slice (ND, X32):185
	                          Copy (NC, X32)	    0.000	    0.000	  0.000%	 17.647%	     0.000	        1	Delegate/Copy (NC, X32):186
	                         Slice (ND, X32)	    0.257	    0.257	  0.004%	 17.650%	     0.000	        1	Delegate/Slice (ND, X32):187
	           Transpose (ND, X32) Transpose	    0.709	    0.711	  0.010%	 17.660%	     0.000	        1	Delegate/Transpose (ND, X32) Transpose:188
	                          Copy (NC, X32)	    0.000	    0.000	  0.000%	 17.660%	     0.000	        1	Delegate/Copy (NC, X32):189
	                          Copy (NC, X32)	    0.000	    0.000	  0.000%	 17.660%	     0.000	        2	Delegate/Copy (NC, X32):190
	    Batch Matrix Multiply (NC, F32) GEMM	   96.765	  101.790	  1.400%	 19.060%	     0.000	        1	Delegate/Batch Matrix Multiply (NC, F32) GEMM:191
	                          Copy (NC, X32)	    0.001	    0.001	  0.000%	 19.060%	     0.000	        1	Delegate/Copy (NC, X32):192
	                       Softmax (NC, F32)	   44.094	   46.228	  0.636%	 19.696%	     0.000	        1	Delegate/Softmax (NC, F32):193
	                          Copy (NC, X32)	    0.001	    0.001	  0.000%	 19.696%	     0.000	        1	Delegate/Copy (NC, X32):194
	                          Copy (NC, X32)	    0.000	    0.000	  0.000%	 19.696%	     0.000	        1	Delegate/Copy (NC, X32):195
	    Batch Matrix Multiply (NC, F32) GEMM	  100.620	  107.581	  1.480%	 21.176%	     0.000	        1	Delegate/Batch Matrix Multiply (NC, F32) GEMM:196
	                          Copy (NC, X32)	    0.001	    0.001	  0.000%	 21.176%	     0.000	        1	Delegate/Copy (NC, X32):197
	           Transpose (ND, X32) Transpose	    0.251	    0.271	  0.004%	 21.180%	     0.000	        1	Delegate/Transpose (ND, X32) Transpose:198
	                          Copy (NC, X32)	    0.000	    0.000	  0.000%	 21.180%	     0.000	        1	Delegate/Copy (NC, X32):199
	          Fully Connected (NC, F32) GEMM	   17.027	   15.910	  0.219%	 21.399%	     0.000	        1	Delegate/Fully Connected (NC, F32) GEMM:200
	                 Binary Elementwise (ND)	    0.354	    0.354	  0.005%	 21.404%	     0.000	        1	Delegate/Binary Elementwise (ND):201
	                 Binary Elementwise (ND)	    0.406	    0.367	  0.005%	 21.409%	     0.000	        1	Delegate/Binary Elementwise (ND):202
	                          Mean (ND) Mean	    0.252	    0.209	  0.003%	 21.412%	     0.000	        1	Delegate/Mean (ND) Mean:203
	                          Copy (NC, X32)	    0.001	    0.511	  0.014%	 21.426%	     0.000	        2	Delegate/Copy (NC, X32):204
	                 Binary Elementwise (ND)	    0.375	    0.296	  0.004%	 21.430%	     0.000	        1	Delegate/Binary Elementwise (ND):205
	                          Mean (ND) Mean	    0.235	    0.198	  0.003%	 21.432%	     0.000	        1	Delegate/Mean (ND) Mean:206
	                 Binary Elementwise (ND)	    0.001	    0.001	  0.000%	 21.432%	     0.000	        1	Delegate/Binary Elementwise (ND):207
	                  Unary Elementwise (NC)	    0.003	    0.003	  0.000%	 21.432%	     0.000	        1	Delegate/Unary Elementwise (NC):208
	                 Binary Elementwise (ND)	    0.001	    0.001	  0.000%	 21.432%	     0.000	        1	Delegate/Binary Elementwise (ND):209
	                 Binary Elementwise (ND)	    0.001	    0.001	  0.000%	 21.432%	     0.000	        1	Delegate/Binary Elementwise (ND):210
	                          Copy (NC, X32)	    0.000	    0.240	  0.007%	 21.439%	     0.000	        2	Delegate/Copy (NC, X32):211
	                 Binary Elementwise (ND)	    0.355	    0.298	  0.004%	 21.443%	     0.000	        1	Delegate/Binary Elementwise (ND):212
	                          Copy (NC, X32)	    0.000	    0.000	  0.000%	 21.443%	     0.000	        1	Delegate/Copy (NC, X32):213
	                 Binary Elementwise (ND)	    0.303	    0.259	  0.004%	 21.447%	     0.000	        1	Delegate/Binary Elementwise (ND):214
	          Fully Connected (NC, F32) GEMM	   70.060	   65.180	  0.897%	 22.343%	     0.000	        1	Delegate/Fully Connected (NC, F32) GEMM:215
	                  Unary Elementwise (NC)	    6.101	    5.721	  0.079%	 22.422%	     0.000	        1	Delegate/Unary Elementwise (NC):216
	          Fully Connected (NC, F32) GEMM	   62.935	   64.903	  0.893%	 23.315%	     0.000	        1	Delegate/Fully Connected (NC, F32) GEMM:217
	                 Binary Elementwise (ND)	    0.210	    0.237	  0.003%	 23.318%	     0.000	        1	Delegate/Binary Elementwise (ND):218
	                 Binary Elementwise (ND)	    0.321	    0.383	  0.005%	 23.323%	     0.000	        1	Delegate/Binary Elementwise (ND):219
	                          Mean (ND) Mean	    0.186	    0.210	  0.003%	 23.326%	     0.000	        1	Delegate/Mean (ND) Mean:220
	                          Copy (NC, X32)	    0.001	    0.001	  0.000%	 23.326%	     0.000	        1	Delegate/Copy (NC, X32):221
	                 Binary Elementwise (ND)	    0.263	    0.294	  0.004%	 23.330%	     0.000	        1	Delegate/Binary Elementwise (ND):222
	                          Mean (ND) Mean	    0.180	    0.200	  0.003%	 23.333%	     0.000	        1	Delegate/Mean (ND) Mean:223
	                 Binary Elementwise (ND)	    0.001	    0.001	  0.000%	 23.333%	     0.000	        1	Delegate/Binary Elementwise (ND):224
	                  Unary Elementwise (NC)	    0.002	    0.002	  0.000%	 23.333%	     0.000	        1	Delegate/Unary Elementwise (NC):225
	                 Binary Elementwise (ND)	    0.000	    0.000	  0.000%	 23.333%	     0.000	        1	Delegate/Binary Elementwise (ND):226
	                 Binary Elementwise (ND)	    0.001	    0.001	  0.000%	 23.333%	     0.000	        1	Delegate/Binary Elementwise (ND):227
	                          Copy (NC, X32)	    0.000	    0.000	  0.000%	 23.333%	     0.000	        1	Delegate/Copy (NC, X32):228
	                 Binary Elementwise (ND)	    0.244	    0.281	  0.004%	 23.337%	     0.000	        1	Delegate/Binary Elementwise (ND):229
	                          Copy (NC, X32)	    0.000	    0.000	  0.000%	 23.337%	     0.000	        1	Delegate/Copy (NC, X32):230
	                 Binary Elementwise (ND)	    0.207	    0.226	  0.003%	 23.340%	     0.000	        1	Delegate/Binary Elementwise (ND):231
	          Fully Connected (NC, F32) GEMM	   44.919	   47.264	  0.650%	 23.990%	     0.000	        1	Delegate/Fully Connected (NC, F32) GEMM:232
	                          Copy (NC, X32)	    0.001	    0.001	  0.000%	 23.990%	     0.000	        1	Delegate/Copy (NC, X32):233
	           Transpose (ND, X32) Transpose	    0.817	    0.959	  0.013%	 24.004%	     0.000	        1	Delegate/Transpose (ND, X32) Transpose:234
	                         Slice (ND, X32)	    0.216	    0.255	  0.004%	 24.007%	     0.000	        1	Delegate/Slice (ND, X32):235
	                          Copy (NC, X32)	    0.000	    0.000	  0.000%	 24.007%	     0.000	        1	Delegate/Copy (NC, X32):236
	                 Binary Elementwise (ND)	    0.225	    0.265	  0.004%	 24.011%	     0.000	        1	Delegate/Binary Elementwise (ND):237
	                         Slice (ND, X32)	    0.253	    0.307	  0.004%	 24.015%	     0.000	        1	Delegate/Slice (ND, X32):238
	                          Copy (NC, X32)	    0.000	    0.000	  0.000%	 24.015%	     0.000	        1	Delegate/Copy (NC, X32):239
	                         Slice (ND, X32)	    0.255	    0.302	  0.004%	 24.019%	     0.000	        1	Delegate/Slice (ND, X32):240
	           Transpose (ND, X32) Transpose	    0.722	    0.819	  0.011%	 24.030%	     0.000	        1	Delegate/Transpose (ND, X32) Transpose:241
	                          Copy (NC, X32)	    0.000	    0.000	  0.000%	 24.030%	     0.000	        1	Delegate/Copy (NC, X32):242
	                          Copy (NC, X32)	    0.000	    0.000	  0.000%	 24.030%	     0.000	        1	Delegate/Copy (NC, X32):243
	    Batch Matrix Multiply (NC, F32) GEMM	   96.636	  103.422	  1.423%	 25.453%	     0.000	        1	Delegate/Batch Matrix Multiply (NC, F32) GEMM:244
	                          Copy (NC, X32)	    0.001	    0.001	  0.000%	 25.453%	     0.000	        1	Delegate/Copy (NC, X32):245
	                       Softmax (NC, F32)	   43.681	   47.420	  0.652%	 26.105%	     0.000	        1	Delegate/Softmax (NC, F32):246
	                          Copy (NC, X32)	    0.001	    0.002	  0.000%	 26.105%	     0.000	        1	Delegate/Copy (NC, X32):247
	                          Copy (NC, X32)	    0.000	    0.000	  0.000%	 26.105%	     0.000	        1	Delegate/Copy (NC, X32):248
	    Batch Matrix Multiply (NC, F32) GEMM	   98.618	  106.644	  1.467%	 27.572%	     0.000	        1	Delegate/Batch Matrix Multiply (NC, F32) GEMM:249
	                          Copy (NC, X32)	    0.001	    0.001	  0.000%	 27.572%	     0.000	        1	Delegate/Copy (NC, X32):250
	           Transpose (ND, X32) Transpose	    0.235	    0.256	  0.004%	 27.576%	     0.000	        1	Delegate/Transpose (ND, X32) Transpose:251
	                          Copy (NC, X32)	    0.000	    0.000	  0.000%	 27.576%	     0.000	        1	Delegate/Copy (NC, X32):252
	          Fully Connected (NC, F32) GEMM	   14.502	   15.552	  0.214%	 27.790%	     0.000	        1	Delegate/Fully Connected (NC, F32) GEMM:253
	                 Binary Elementwise (ND)	    0.346	    0.354	  0.005%	 27.795%	     0.000	        1	Delegate/Binary Elementwise (ND):254
	                 Binary Elementwise (ND)	    0.318	    0.341	  0.005%	 27.800%	     0.000	        1	Delegate/Binary Elementwise (ND):255
	                          Mean (ND) Mean	    0.177	    0.192	  0.003%	 27.802%	     0.000	        1	Delegate/Mean (ND) Mean:256
	                          Copy (NC, X32)	    0.001	    0.001	  0.000%	 27.802%	     0.000	        1	Delegate/Copy (NC, X32):257
	                 Binary Elementwise (ND)	    0.241	    0.273	  0.004%	 27.806%	     0.000	        1	Delegate/Binary Elementwise (ND):258
	                          Mean (ND) Mean	    0.175	    0.190	  0.003%	 27.809%	     0.000	        1	Delegate/Mean (ND) Mean:259
	                 Binary Elementwise (ND)	    0.001	    0.001	  0.000%	 27.809%	     0.000	        1	Delegate/Binary Elementwise (ND):260
	                  Unary Elementwise (NC)	    0.002	    0.002	  0.000%	 27.809%	     0.000	        1	Delegate/Unary Elementwise (NC):261
	                 Binary Elementwise (ND)	    0.000	    0.000	  0.000%	 27.809%	     0.000	        1	Delegate/Binary Elementwise (ND):262
	                 Binary Elementwise (ND)	    0.001	    0.001	  0.000%	 27.809%	     0.000	        1	Delegate/Binary Elementwise (ND):263
	                          Copy (NC, X32)	    0.000	    0.000	  0.000%	 27.809%	     0.000	        1	Delegate/Copy (NC, X32):264
	                 Binary Elementwise (ND)	    0.233	    0.257	  0.004%	 27.812%	     0.000	        1	Delegate/Binary Elementwise (ND):265
	                          Copy (NC, X32)	    0.000	    0.000	  0.000%	 27.812%	     0.000	        1	Delegate/Copy (NC, X32):266
	                 Binary Elementwise (ND)	    0.213	    0.238	  0.003%	 27.815%	     0.000	        1	Delegate/Binary Elementwise (ND):267
	          Fully Connected (NC, F32) GEMM	   59.933	   63.442	  0.873%	 28.688%	     0.000	        1	Delegate/Fully Connected (NC, F32) GEMM:268
	                  Unary Elementwise (NC)	    5.235	    5.460	  0.075%	 28.763%	     0.000	        1	Delegate/Unary Elementwise (NC):269
	          Fully Connected (NC, F32) GEMM	   59.314	   62.349	  0.858%	 29.621%	     0.000	        1	Delegate/Fully Connected (NC, F32) GEMM:270
	                 Binary Elementwise (ND)	    0.207	    0.217	  0.003%	 29.624%	     0.000	        1	Delegate/Binary Elementwise (ND):271
	                 Binary Elementwise (ND)	    0.318	    0.340	  0.005%	 29.629%	     0.000	        1	Delegate/Binary Elementwise (ND):272
	                          Mean (ND) Mean	    0.189	    0.196	  0.003%	 29.631%	     0.000	        1	Delegate/Mean (ND) Mean:273
	                          Copy (NC, X32)	    0.001	    0.001	  0.000%	 29.631%	     0.000	        1	Delegate/Copy (NC, X32):274
	                 Binary Elementwise (ND)	    0.313	    0.286	  0.004%	 29.635%	     0.000	        1	Delegate/Binary Elementwise (ND):275
	                          Mean (ND) Mean	    0.177	    0.192	  0.003%	 29.638%	     0.000	        1	Delegate/Mean (ND) Mean:276
	                 Binary Elementwise (ND)	    0.001	    0.001	  0.000%	 29.638%	     0.000	        1	Delegate/Binary Elementwise (ND):277
	                  Unary Elementwise (NC)	    0.002	    0.002	  0.000%	 29.638%	     0.000	        1	Delegate/Unary Elementwise (NC):278
	                 Binary Elementwise (ND)	    0.001	    0.001	  0.000%	 29.638%	     0.000	        1	Delegate/Binary Elementwise (ND):279
	                 Binary Elementwise (ND)	    0.001	    0.001	  0.000%	 29.638%	     0.000	        1	Delegate/Binary Elementwise (ND):280
	                          Copy (NC, X32)	    0.000	    0.000	  0.000%	 29.638%	     0.000	        1	Delegate/Copy (NC, X32):281
	                 Binary Elementwise (ND)	    0.225	    0.250	  0.003%	 29.641%	     0.000	        1	Delegate/Binary Elementwise (ND):282
	                          Copy (NC, X32)	    0.000	    0.000	  0.000%	 29.641%	     0.000	        1	Delegate/Copy (NC, X32):283
	                 Binary Elementwise (ND)	    0.235	    0.259	  0.004%	 29.645%	     0.000	        1	Delegate/Binary Elementwise (ND):284
	          Fully Connected (NC, F32) GEMM	   44.651	   47.266	  0.650%	 30.295%	     0.000	        1	Delegate/Fully Connected (NC, F32) GEMM:285
	                          Copy (NC, X32)	    0.001	    0.001	  0.000%	 30.295%	     0.000	        1	Delegate/Copy (NC, X32):286
	           Transpose (ND, X32) Transpose	    0.885	    0.966	  0.013%	 30.309%	     0.000	        1	Delegate/Transpose (ND, X32) Transpose:287
	                         Slice (ND, X32)	    0.252	    0.282	  0.004%	 30.312%	     0.000	        1	Delegate/Slice (ND, X32):288
	                          Copy (NC, X32)	    0.000	    0.000	  0.000%	 30.312%	     0.000	        1	Delegate/Copy (NC, X32):289
	                 Binary Elementwise (ND)	    0.220	    0.239	  0.003%	 30.316%	     0.000	        1	Delegate/Binary Elementwise (ND):290
	                         Slice (ND, X32)	    0.253	    0.288	  0.004%	 30.320%	     0.000	        1	Delegate/Slice (ND, X32):291
	                          Copy (NC, X32)	    0.000	    0.000	  0.000%	 30.320%	     0.000	        1	Delegate/Copy (NC, X32):292
	                         Slice (ND, X32)	    0.251	    0.280	  0.004%	 30.323%	     0.000	        1	Delegate/Slice (ND, X32):293
	           Transpose (ND, X32) Transpose	    0.650	    0.746	  0.010%	 30.334%	     0.000	        1	Delegate/Transpose (ND, X32) Transpose:294
	                          Copy (NC, X32)	    0.000	    0.000	  0.000%	 30.334%	     0.000	        1	Delegate/Copy (NC, X32):295
	                          Copy (NC, X32)	    0.000	    0.000	  0.000%	 30.334%	     0.000	        1	Delegate/Copy (NC, X32):296
	    Batch Matrix Multiply (NC, F32) GEMM	   96.750	  101.412	  1.395%	 31.729%	     0.000	        1	Delegate/Batch Matrix Multiply (NC, F32) GEMM:297
	                          Copy (NC, X32)	    0.001	    0.001	  0.000%	 31.729%	     0.000	        1	Delegate/Copy (NC, X32):298
	                       Softmax (NC, F32)	   43.732	   45.550	  0.627%	 32.355%	     0.000	        1	Delegate/Softmax (NC, F32):299
	                          Copy (NC, X32)	    0.001	    0.001	  0.000%	 32.355%	     0.000	        1	Delegate/Copy (NC, X32):300
	                          Copy (NC, X32)	    0.000	    0.000	  0.000%	 32.355%	     0.000	        1	Delegate/Copy (NC, X32):301
	    Batch Matrix Multiply (NC, F32) GEMM	   98.208	  102.201	  1.406%	 33.761%	     0.000	        1	Delegate/Batch Matrix Multiply (NC, F32) GEMM:302
	                          Copy (NC, X32)	    0.001	    0.001	  0.000%	 33.761%	     0.000	        1	Delegate/Copy (NC, X32):303
	           Transpose (ND, X32) Transpose	    0.246	    0.243	  0.003%	 33.765%	     0.000	        1	Delegate/Transpose (ND, X32) Transpose:304
	                          Copy (NC, X32)	    0.000	    0.000	  0.000%	 33.765%	     0.000	        1	Delegate/Copy (NC, X32):305
	          Fully Connected (NC, F32) GEMM	   14.611	   15.293	  0.210%	 33.975%	     0.000	        1	Delegate/Fully Connected (NC, F32) GEMM:306
	                 Binary Elementwise (ND)	    0.360	    0.335	  0.005%	 33.980%	     0.000	        1	Delegate/Binary Elementwise (ND):307
	                 Binary Elementwise (ND)	    0.323	    0.337	  0.005%	 33.984%	     0.000	        1	Delegate/Binary Elementwise (ND):308
	                          Mean (ND) Mean	    0.186	    0.190	  0.003%	 33.987%	     0.000	        1	Delegate/Mean (ND) Mean:309
	                          Copy (NC, X32)	    0.001	    0.001	  0.000%	 33.987%	     0.000	        1	Delegate/Copy (NC, X32):310
	                 Binary Elementwise (ND)	    0.254	    0.255	  0.004%	 33.991%	     0.000	        1	Delegate/Binary Elementwise (ND):311
	                          Mean (ND) Mean	    0.187	    0.185	  0.003%	 33.993%	     0.000	        1	Delegate/Mean (ND) Mean:312
	                 Binary Elementwise (ND)	    0.001	    0.001	  0.000%	 33.993%	     0.000	        1	Delegate/Binary Elementwise (ND):313
	                  Unary Elementwise (NC)	    0.002	    0.002	  0.000%	 33.993%	     0.000	        1	Delegate/Unary Elementwise (NC):314
	                 Binary Elementwise (ND)	    0.000	    0.000	  0.000%	 33.993%	     0.000	        1	Delegate/Binary Elementwise (ND):315
	                 Binary Elementwise (ND)	    0.001	    0.001	  0.000%	 33.993%	     0.000	        1	Delegate/Binary Elementwise (ND):316
	                          Copy (NC, X32)	    0.000	    0.000	  0.000%	 33.993%	     0.000	        1	Delegate/Copy (NC, X32):317
	                 Binary Elementwise (ND)	    0.243	    0.237	  0.003%	 33.996%	     0.000	        1	Delegate/Binary Elementwise (ND):318
	                          Copy (NC, X32)	    0.000	    0.000	  0.000%	 33.996%	     0.000	        1	Delegate/Copy (NC, X32):319
	                 Binary Elementwise (ND)	    0.223	    0.225	  0.003%	 33.999%	     0.000	        1	Delegate/Binary Elementwise (ND):320
	          Fully Connected (NC, F32) GEMM	   59.893	   62.604	  0.861%	 34.861%	     0.000	        1	Delegate/Fully Connected (NC, F32) GEMM:321
	                  Unary Elementwise (NC)	    5.270	    5.458	  0.075%	 34.936%	     0.000	        1	Delegate/Unary Elementwise (NC):322
	          Fully Connected (NC, F32) GEMM	   59.433	   61.886	  0.851%	 35.787%	     0.000	        1	Delegate/Fully Connected (NC, F32) GEMM:323
	                 Binary Elementwise (ND)	    0.273	    0.226	  0.003%	 35.790%	     0.000	        1	Delegate/Binary Elementwise (ND):324
	                 Binary Elementwise (ND)	    0.326	    0.333	  0.005%	 35.795%	     0.000	        1	Delegate/Binary Elementwise (ND):325
	                          Mean (ND) Mean	    0.184	    0.187	  0.003%	 35.797%	     0.000	        1	Delegate/Mean (ND) Mean:326
	                          Copy (NC, X32)	    0.001	    0.001	  0.000%	 35.797%	     0.000	        1	Delegate/Copy (NC, X32):327
	                 Binary Elementwise (ND)	    0.256	    0.263	  0.004%	 35.801%	     0.000	        1	Delegate/Binary Elementwise (ND):328
	                          Mean (ND) Mean	    0.182	    0.185	  0.003%	 35.804%	     0.000	        1	Delegate/Mean (ND) Mean:329
	                 Binary Elementwise (ND)	    0.001	    0.001	  0.000%	 35.804%	     0.000	        1	Delegate/Binary Elementwise (ND):330
	                  Unary Elementwise (NC)	    0.002	    0.002	  0.000%	 35.804%	     0.000	        1	Delegate/Unary Elementwise (NC):331
	                 Binary Elementwise (ND)	    0.001	    0.001	  0.000%	 35.804%	     0.000	        1	Delegate/Binary Elementwise (ND):332
	                 Binary Elementwise (ND)	    0.001	    0.001	  0.000%	 35.804%	     0.000	        1	Delegate/Binary Elementwise (ND):333
	                          Copy (NC, X32)	    0.000	    0.000	  0.000%	 35.804%	     0.000	        1	Delegate/Copy (NC, X32):334
	                 Binary Elementwise (ND)	    0.243	    0.246	  0.003%	 35.807%	     0.000	        1	Delegate/Binary Elementwise (ND):335
	                          Copy (NC, X32)	    0.000	    0.000	  0.000%	 35.807%	     0.000	        1	Delegate/Copy (NC, X32):336
	                 Binary Elementwise (ND)	    0.222	    0.229	  0.003%	 35.810%	     0.000	        1	Delegate/Binary Elementwise (ND):337
	          Fully Connected (NC, F32) GEMM	   44.878	   46.912	  0.645%	 36.455%	     0.000	        1	Delegate/Fully Connected (NC, F32) GEMM:338
	                          Copy (NC, X32)	    0.001	    0.001	  0.000%	 36.455%	     0.000	        1	Delegate/Copy (NC, X32):339
	           Transpose (ND, X32) Transpose	    0.874	    0.922	  0.013%	 36.468%	     0.000	        1	Delegate/Transpose (ND, X32) Transpose:340
	                         Slice (ND, X32)	    0.215	    0.229	  0.003%	 36.471%	     0.000	        1	Delegate/Slice (ND, X32):341
	                          Copy (NC, X32)	    0.000	    0.000	  0.000%	 36.471%	     0.000	        1	Delegate/Copy (NC, X32):342
	                 Binary Elementwise (ND)	    0.168	    0.181	  0.002%	 36.474%	     0.000	        1	Delegate/Binary Elementwise (ND):343
	                         Slice (ND, X32)	    0.249	    0.259	  0.004%	 36.477%	     0.000	        1	Delegate/Slice (ND, X32):344
	                          Copy (NC, X32)	    0.000	    0.000	  0.000%	 36.477%	     0.000	        1	Delegate/Copy (NC, X32):345
	                         Slice (ND, X32)	    0.281	    0.260	  0.004%	 36.481%	     0.000	        1	Delegate/Slice (ND, X32):346
	           Transpose (ND, X32) Transpose	    0.691	    0.714	  0.010%	 36.491%	     0.000	        1	Delegate/Transpose (ND, X32) Transpose:347
	                          Copy (NC, X32)	    0.000	    0.000	  0.000%	 36.491%	     0.000	        1	Delegate/Copy (NC, X32):348
	                          Copy (NC, X32)	    0.000	    0.000	  0.000%	 36.491%	     0.000	        1	Delegate/Copy (NC, X32):349
	    Batch Matrix Multiply (NC, F32) GEMM	   98.046	  103.424	  1.423%	 37.914%	     0.000	        1	Delegate/Batch Matrix Multiply (NC, F32) GEMM:350
	                          Copy (NC, X32)	    0.001	    0.001	  0.000%	 37.914%	     0.000	        1	Delegate/Copy (NC, X32):351
	                       Softmax (NC, F32)	   45.185	   47.613	  0.655%	 38.569%	     0.000	        1	Delegate/Softmax (NC, F32):352
	                          Copy (NC, X32)	    0.001	    0.001	  0.000%	 38.569%	     0.000	        1	Delegate/Copy (NC, X32):353
	                          Copy (NC, X32)	    0.000	    0.000	  0.000%	 38.569%	     0.000	        1	Delegate/Copy (NC, X32):354
	    Batch Matrix Multiply (NC, F32) GEMM	  101.552	  108.783	  1.496%	 40.065%	     0.000	        1	Delegate/Batch Matrix Multiply (NC, F32) GEMM:355
	                          Copy (NC, X32)	    0.001	    0.001	  0.000%	 40.065%	     0.000	        1	Delegate/Copy (NC, X32):356
	           Transpose (ND, X32) Transpose	    0.245	    0.306	  0.004%	 40.069%	     0.000	        1	Delegate/Transpose (ND, X32) Transpose:357
	                          Copy (NC, X32)	    0.000	    0.000	  0.000%	 40.069%	     0.000	        1	Delegate/Copy (NC, X32):358
	          Fully Connected (NC, F32) GEMM	   14.656	   15.703	  0.216%	 40.285%	     0.000	        1	Delegate/Fully Connected (NC, F32) GEMM:359
	                 Binary Elementwise (ND)	    0.315	    0.381	  0.005%	 40.291%	     0.000	        1	Delegate/Binary Elementwise (ND):360
	                 Binary Elementwise (ND)	    0.321	    0.410	  0.006%	 40.296%	     0.000	        1	Delegate/Binary Elementwise (ND):361
	                          Mean (ND) Mean	    0.183	    0.215	  0.003%	 40.299%	     0.000	        1	Delegate/Mean (ND) Mean:362
	                          Copy (NC, X32)	    0.001	    0.001	  0.000%	 40.299%	     0.000	        1	Delegate/Copy (NC, X32):363
	                 Binary Elementwise (ND)	    0.250	    0.309	  0.004%	 40.303%	     0.000	        1	Delegate/Binary Elementwise (ND):364
	                          Mean (ND) Mean	    0.172	    0.208	  0.003%	 40.306%	     0.000	        1	Delegate/Mean (ND) Mean:365
	                 Binary Elementwise (ND)	    0.001	    0.001	  0.000%	 40.306%	     0.000	        1	Delegate/Binary Elementwise (ND):366
	                  Unary Elementwise (NC)	    0.002	    0.002	  0.000%	 40.306%	     0.000	        1	Delegate/Unary Elementwise (NC):367
	                 Binary Elementwise (ND)	    0.000	    0.000	  0.000%	 40.306%	     0.000	        1	Delegate/Binary Elementwise (ND):368
	                 Binary Elementwise (ND)	    0.001	    0.001	  0.000%	 40.306%	     0.000	        1	Delegate/Binary Elementwise (ND):369
	                          Copy (NC, X32)	    0.000	    0.000	  0.000%	 40.306%	     0.000	        1	Delegate/Copy (NC, X32):370
	                 Binary Elementwise (ND)	    0.227	    0.274	  0.004%	 40.310%	     0.000	        1	Delegate/Binary Elementwise (ND):371
	                          Copy (NC, X32)	    0.000	    0.000	  0.000%	 40.310%	     0.000	        1	Delegate/Copy (NC, X32):372
	                 Binary Elementwise (ND)	    0.207	    0.247	  0.003%	 40.313%	     0.000	        1	Delegate/Binary Elementwise (ND):373
	          Fully Connected (NC, F32) GEMM	   60.032	   64.795	  0.891%	 41.205%	     0.000	        1	Delegate/Fully Connected (NC, F32) GEMM:374
	                  Unary Elementwise (NC)	    5.230	    5.607	  0.077%	 41.282%	     0.000	        1	Delegate/Unary Elementwise (NC):375
	          Fully Connected (NC, F32) GEMM	   59.671	   63.717	  0.877%	 42.158%	     0.000	        1	Delegate/Fully Connected (NC, F32) GEMM:376
	                 Binary Elementwise (ND)	    0.214	    0.228	  0.003%	 42.162%	     0.000	        1	Delegate/Binary Elementwise (ND):377
	                 Binary Elementwise (ND)	    0.325	    0.353	  0.005%	 42.166%	     0.000	        1	Delegate/Binary Elementwise (ND):378
	                          Mean (ND) Mean	    0.253	    0.206	  0.003%	 42.169%	     0.000	        1	Delegate/Mean (ND) Mean:379
	                          Copy (NC, X32)	    0.001	    0.001	  0.000%	 42.169%	     0.000	        1	Delegate/Copy (NC, X32):380
	                 Binary Elementwise (ND)	    0.281	    0.281	  0.004%	 42.173%	     0.000	        1	Delegate/Binary Elementwise (ND):381
	                          Mean (ND) Mean	    0.178	    0.196	  0.003%	 42.176%	     0.000	        1	Delegate/Mean (ND) Mean:382
	                 Binary Elementwise (ND)	    0.001	    0.001	  0.000%	 42.176%	     0.000	        1	Delegate/Binary Elementwise (ND):383
	                  Unary Elementwise (NC)	    0.002	    0.003	  0.000%	 42.176%	     0.000	        1	Delegate/Unary Elementwise (NC):384
	                 Binary Elementwise (ND)	    0.001	    0.001	  0.000%	 42.176%	     0.000	        1	Delegate/Binary Elementwise (ND):385
	                 Binary Elementwise (ND)	    0.000	    0.001	  0.000%	 42.176%	     0.000	        1	Delegate/Binary Elementwise (ND):386
	                          Copy (NC, X32)	    0.000	    0.000	  0.000%	 42.176%	     0.000	        1	Delegate/Copy (NC, X32):387
	                 Binary Elementwise (ND)	    0.249	    0.267	  0.004%	 42.180%	     0.000	        1	Delegate/Binary Elementwise (ND):388
	                          Copy (NC, X32)	    0.000	    0.000	  0.000%	 42.180%	     0.000	        1	Delegate/Copy (NC, X32):389
	                 Binary Elementwise (ND)	    0.218	    0.245	  0.003%	 42.183%	     0.000	        1	Delegate/Binary Elementwise (ND):390
	          Fully Connected (NC, F32) GEMM	   44.828	   47.357	  0.651%	 42.834%	     0.000	        1	Delegate/Fully Connected (NC, F32) GEMM:391
	                          Copy (NC, X32)	    0.001	    0.001	  0.000%	 42.834%	     0.000	        1	Delegate/Copy (NC, X32):392
	           Transpose (ND, X32) Transpose	    0.912	    0.963	  0.013%	 42.848%	     0.000	        1	Delegate/Transpose (ND, X32) Transpose:393
	                         Slice (ND, X32)	    0.238	    0.249	  0.003%	 42.851%	     0.000	        1	Delegate/Slice (ND, X32):394
	                          Copy (NC, X32)	    0.000	    0.000	  0.000%	 42.851%	     0.000	        1	Delegate/Copy (NC, X32):395
	                 Binary Elementwise (ND)	    0.192	    0.185	  0.003%	 42.854%	     0.000	        1	Delegate/Binary Elementwise (ND):396
	                         Slice (ND, X32)	    0.265	    0.276	  0.004%	 42.857%	     0.000	        1	Delegate/Slice (ND, X32):397
	                          Copy (NC, X32)	    0.000	    0.000	  0.000%	 42.857%	     0.000	        1	Delegate/Copy (NC, X32):398
	                         Slice (ND, X32)	    0.258	    0.272	  0.004%	 42.861%	     0.000	        1	Delegate/Slice (ND, X32):399
	           Transpose (ND, X32) Transpose	    0.738	    0.742	  0.010%	 42.871%	     0.000	        1	Delegate/Transpose (ND, X32) Transpose:400
	                          Copy (NC, X32)	    0.000	    0.000	  0.000%	 42.871%	     0.000	        1	Delegate/Copy (NC, X32):401
	                          Copy (NC, X32)	    0.000	    0.000	  0.000%	 42.871%	     0.000	        1	Delegate/Copy (NC, X32):402
	    Batch Matrix Multiply (NC, F32) GEMM	   96.858	  102.733	  1.413%	 44.285%	     0.000	        1	Delegate/Batch Matrix Multiply (NC, F32) GEMM:403
	                          Copy (NC, X32)	    0.001	    0.001	  0.000%	 44.285%	     0.000	        1	Delegate/Copy (NC, X32):404
	                       Softmax (NC, F32)	   43.744	   46.808	  0.644%	 44.929%	     0.000	        1	Delegate/Softmax (NC, F32):405
	                          Copy (NC, X32)	    0.001	    0.001	  0.000%	 44.929%	     0.000	        1	Delegate/Copy (NC, X32):406
	                          Copy (NC, X32)	    0.000	    0.000	  0.000%	 44.929%	     0.000	        1	Delegate/Copy (NC, X32):407
	    Batch Matrix Multiply (NC, F32) GEMM	  101.776	  107.034	  1.472%	 46.401%	     0.000	        1	Delegate/Batch Matrix Multiply (NC, F32) GEMM:408
	                          Copy (NC, X32)	    0.001	    0.001	  0.000%	 46.401%	     0.000	        1	Delegate/Copy (NC, X32):409
	           Transpose (ND, X32) Transpose	    0.246	    0.277	  0.004%	 46.405%	     0.000	        1	Delegate/Transpose (ND, X32) Transpose:410
	                          Copy (NC, X32)	    0.001	    0.000	  0.000%	 46.405%	     0.000	        1	Delegate/Copy (NC, X32):411
	          Fully Connected (NC, F32) GEMM	   14.627	   15.691	  0.216%	 46.621%	     0.000	        1	Delegate/Fully Connected (NC, F32) GEMM:412
	                 Binary Elementwise (ND)	    0.348	    0.357	  0.005%	 46.626%	     0.000	        1	Delegate/Binary Elementwise (ND):413
	                 Binary Elementwise (ND)	    0.308	    0.365	  0.005%	 46.631%	     0.000	        1	Delegate/Binary Elementwise (ND):414
	                          Mean (ND) Mean	    0.188	    0.202	  0.003%	 46.633%	     0.000	        1	Delegate/Mean (ND) Mean:415
	                          Copy (NC, X32)	    0.001	    0.001	  0.000%	 46.633%	     0.000	        1	Delegate/Copy (NC, X32):416
	                 Binary Elementwise (ND)	    0.263	    0.284	  0.004%	 46.637%	     0.000	        1	Delegate/Binary Elementwise (ND):417
	                          Mean (ND) Mean	    0.178	    0.198	  0.003%	 46.640%	     0.000	        1	Delegate/Mean (ND) Mean:418
	                 Binary Elementwise (ND)	    0.001	    0.001	  0.000%	 46.640%	     0.000	        1	Delegate/Binary Elementwise (ND):419
	                  Unary Elementwise (NC)	    0.002	    0.002	  0.000%	 46.640%	     0.000	        1	Delegate/Unary Elementwise (NC):420
	                 Binary Elementwise (ND)	    0.000	    0.000	  0.000%	 46.640%	     0.000	        1	Delegate/Binary Elementwise (ND):421
	                 Binary Elementwise (ND)	    0.001	    0.001	  0.000%	 46.640%	     0.000	        1	Delegate/Binary Elementwise (ND):422
	                          Copy (NC, X32)	    0.000	    0.000	  0.000%	 46.640%	     0.000	        1	Delegate/Copy (NC, X32):423
	                 Binary Elementwise (ND)	    0.241	    0.261	  0.004%	 46.644%	     0.000	        1	Delegate/Binary Elementwise (ND):424
	                          Copy (NC, X32)	    0.000	    0.000	  0.000%	 46.644%	     0.000	        1	Delegate/Copy (NC, X32):425
	                 Binary Elementwise (ND)	    0.218	    0.238	  0.003%	 46.647%	     0.000	        1	Delegate/Binary Elementwise (ND):426
	          Fully Connected (NC, F32) GEMM	   60.016	   65.713	  0.904%	 47.551%	     0.000	        1	Delegate/Fully Connected (NC, F32) GEMM:427
	                  Unary Elementwise (NC)	    5.251	    5.687	  0.078%	 47.629%	     0.000	        1	Delegate/Unary Elementwise (NC):428
	          Fully Connected (NC, F32) GEMM	   59.723	   64.300	  0.885%	 48.514%	     0.000	        1	Delegate/Fully Connected (NC, F32) GEMM:429
	                 Binary Elementwise (ND)	    0.207	    0.233	  0.003%	 48.517%	     0.000	        1	Delegate/Binary Elementwise (ND):430
	                 Binary Elementwise (ND)	    0.316	    0.373	  0.005%	 48.522%	     0.000	        1	Delegate/Binary Elementwise (ND):431
	                          Mean (ND) Mean	    0.181	    0.200	  0.003%	 48.525%	     0.000	        1	Delegate/Mean (ND) Mean:432
	                          Copy (NC, X32)	    0.001	    0.001	  0.000%	 48.525%	     0.000	        1	Delegate/Copy (NC, X32):433
	                 Binary Elementwise (ND)	    0.251	    0.274	  0.004%	 48.529%	     0.000	        1	Delegate/Binary Elementwise (ND):434
	                          Mean (ND) Mean	    0.178	    0.198	  0.003%	 48.531%	     0.000	        1	Delegate/Mean (ND) Mean:435
	                 Binary Elementwise (ND)	    0.001	    0.001	  0.000%	 48.531%	     0.000	        1	Delegate/Binary Elementwise (ND):436
	                  Unary Elementwise (NC)	    0.002	    0.002	  0.000%	 48.531%	     0.000	        1	Delegate/Unary Elementwise (NC):437
	                 Binary Elementwise (ND)	    0.001	    0.001	  0.000%	 48.531%	     0.000	        1	Delegate/Binary Elementwise (ND):438
	                 Binary Elementwise (ND)	    0.001	    0.001	  0.000%	 48.531%	     0.000	        1	Delegate/Binary Elementwise (ND):439
	                          Copy (NC, X32)	    0.000	    0.000	  0.000%	 48.531%	     0.000	        1	Delegate/Copy (NC, X32):440
	                 Binary Elementwise (ND)	    0.238	    0.261	  0.004%	 48.535%	     0.000	        1	Delegate/Binary Elementwise (ND):441
	                          Copy (NC, X32)	    0.000	    0.000	  0.000%	 48.535%	     0.000	        1	Delegate/Copy (NC, X32):442
	                 Binary Elementwise (ND)	    0.251	    0.285	  0.004%	 48.539%	     0.000	        1	Delegate/Binary Elementwise (ND):443
	          Fully Connected (NC, F32) GEMM	   45.044	   48.051	  0.661%	 49.200%	     0.000	        1	Delegate/Fully Connected (NC, F32) GEMM:444
	                          Copy (NC, X32)	    0.001	    0.001	  0.000%	 49.200%	     0.000	        1	Delegate/Copy (NC, X32):445
	           Transpose (ND, X32) Transpose	    0.935	    0.960	  0.013%	 49.213%	     0.000	        1	Delegate/Transpose (ND, X32) Transpose:446
	                         Slice (ND, X32)	    0.257	    0.268	  0.004%	 49.217%	     0.000	        1	Delegate/Slice (ND, X32):447
	                          Copy (NC, X32)	    0.000	    0.000	  0.000%	 49.217%	     0.000	        1	Delegate/Copy (NC, X32):448
	                 Binary Elementwise (ND)	    0.215	    0.241	  0.003%	 49.220%	     0.000	        1	Delegate/Binary Elementwise (ND):449
	                         Slice (ND, X32)	    0.258	    0.271	  0.004%	 49.224%	     0.000	        1	Delegate/Slice (ND, X32):450
	                          Copy (NC, X32)	    0.000	    0.000	  0.000%	 49.224%	     0.000	        1	Delegate/Copy (NC, X32):451
	                         Slice (ND, X32)	    0.240	    0.262	  0.004%	 49.228%	     0.000	        1	Delegate/Slice (ND, X32):452
	           Transpose (ND, X32) Transpose	    0.653	    0.727	  0.010%	 49.238%	     0.000	        1	Delegate/Transpose (ND, X32) Transpose:453
	                          Copy (NC, X32)	    0.000	    0.000	  0.000%	 49.238%	     0.000	        1	Delegate/Copy (NC, X32):454
	                          Copy (NC, X32)	    0.000	    0.000	  0.000%	 49.238%	     0.000	        1	Delegate/Copy (NC, X32):455
	    Batch Matrix Multiply (NC, F32) GEMM	   99.436	  105.295	  1.448%	 50.686%	     0.000	        1	Delegate/Batch Matrix Multiply (NC, F32) GEMM:456
	                          Copy (NC, X32)	    0.001	    0.001	  0.000%	 50.686%	     0.000	        1	Delegate/Copy (NC, X32):457
	                       Softmax (NC, F32)	   44.931	   46.701	  0.642%	 51.329%	     0.000	        1	Delegate/Softmax (NC, F32):458
	                          Copy (NC, X32)	    0.001	    0.001	  0.000%	 51.329%	     0.000	        1	Delegate/Copy (NC, X32):459
	                          Copy (NC, X32)	    0.000	    0.000	  0.000%	 51.329%	     0.000	        1	Delegate/Copy (NC, X32):460
	    Batch Matrix Multiply (NC, F32) GEMM	   99.228	  107.138	  1.474%	 52.802%	     0.000	        1	Delegate/Batch Matrix Multiply (NC, F32) GEMM:461
	                          Copy (NC, X32)	    0.001	    0.001	  0.000%	 52.802%	     0.000	        1	Delegate/Copy (NC, X32):462
	           Transpose (ND, X32) Transpose	    0.244	    0.275	  0.004%	 52.806%	     0.000	        1	Delegate/Transpose (ND, X32) Transpose:463
	                          Copy (NC, X32)	    0.000	    0.000	  0.000%	 52.806%	     0.000	        1	Delegate/Copy (NC, X32):464
	          Fully Connected (NC, F32) GEMM	   14.529	   15.712	  0.216%	 53.022%	     0.000	        1	Delegate/Fully Connected (NC, F32) GEMM:465
	                 Binary Elementwise (ND)	    0.317	    0.361	  0.005%	 53.027%	     0.000	        1	Delegate/Binary Elementwise (ND):466
	                 Binary Elementwise (ND)	    0.323	    0.371	  0.005%	 53.032%	     0.000	        1	Delegate/Binary Elementwise (ND):467
	                          Mean (ND) Mean	    0.185	    0.206	  0.003%	 53.035%	     0.000	        1	Delegate/Mean (ND) Mean:468
	                          Copy (NC, X32)	    0.000	    0.001	  0.000%	 53.035%	     0.000	        1	Delegate/Copy (NC, X32):469
	                 Binary Elementwise (ND)	    0.245	    0.302	  0.004%	 53.039%	     0.000	        1	Delegate/Binary Elementwise (ND):470
	                          Mean (ND) Mean	    0.176	    0.200	  0.003%	 53.042%	     0.000	        1	Delegate/Mean (ND) Mean:471
	                 Binary Elementwise (ND)	    0.001	    0.001	  0.000%	 53.042%	     0.000	        1	Delegate/Binary Elementwise (ND):472
	                  Unary Elementwise (NC)	    0.002	    0.002	  0.000%	 53.042%	     0.000	        1	Delegate/Unary Elementwise (NC):473
	                 Binary Elementwise (ND)	    0.000	    0.001	  0.000%	 53.042%	     0.000	        1	Delegate/Binary Elementwise (ND):474
	                 Binary Elementwise (ND)	    0.001	    0.001	  0.000%	 53.042%	     0.000	        1	Delegate/Binary Elementwise (ND):475
	                          Copy (NC, X32)	    0.000	    0.000	  0.000%	 53.042%	     0.000	        1	Delegate/Copy (NC, X32):476
	                 Binary Elementwise (ND)	    0.230	    0.270	  0.004%	 53.046%	     0.000	        1	Delegate/Binary Elementwise (ND):477
	                          Copy (NC, X32)	    0.000	    0.000	  0.000%	 53.046%	     0.000	        1	Delegate/Copy (NC, X32):478
	                 Binary Elementwise (ND)	    0.215	    0.240	  0.003%	 53.049%	     0.000	        1	Delegate/Binary Elementwise (ND):479
	          Fully Connected (NC, F32) GEMM	   59.966	   64.731	  0.890%	 53.940%	     0.000	        1	Delegate/Fully Connected (NC, F32) GEMM:480
	                  Unary Elementwise (NC)	    5.274	    5.609	  0.077%	 54.017%	     0.000	        1	Delegate/Unary Elementwise (NC):481
	          Fully Connected (NC, F32) GEMM	   59.547	   63.852	  0.878%	 54.895%	     0.000	        1	Delegate/Fully Connected (NC, F32) GEMM:482
	                 Binary Elementwise (ND)	    0.214	    0.238	  0.003%	 54.899%	     0.000	        1	Delegate/Binary Elementwise (ND):483
	                 Binary Elementwise (ND)	    0.332	    0.383	  0.005%	 54.904%	     0.000	        1	Delegate/Binary Elementwise (ND):484
	                          Mean (ND) Mean	    0.195	    0.204	  0.003%	 54.907%	     0.000	        1	Delegate/Mean (ND) Mean:485
	                          Copy (NC, X32)	    0.000	    0.001	  0.000%	 54.907%	     0.000	        1	Delegate/Copy (NC, X32):486
	                 Binary Elementwise (ND)	    0.272	    0.294	  0.004%	 54.911%	     0.000	        1	Delegate/Binary Elementwise (ND):487
	                          Mean (ND) Mean	    0.188	    0.211	  0.003%	 54.914%	     0.000	        1	Delegate/Mean (ND) Mean:488
	                 Binary Elementwise (ND)	    0.001	    0.001	  0.000%	 54.914%	     0.000	        1	Delegate/Binary Elementwise (ND):489
	                  Unary Elementwise (NC)	    0.002	    0.002	  0.000%	 54.914%	     0.000	        1	Delegate/Unary Elementwise (NC):490
	                 Binary Elementwise (ND)	    0.001	    0.001	  0.000%	 54.914%	     0.000	        1	Delegate/Binary Elementwise (ND):491
	                 Binary Elementwise (ND)	    0.001	    0.001	  0.000%	 54.914%	     0.000	        1	Delegate/Binary Elementwise (ND):492
	                          Copy (NC, X32)	    0.000	    0.000	  0.000%	 54.914%	     0.000	        1	Delegate/Copy (NC, X32):493
	                 Binary Elementwise (ND)	    0.273	    0.273	  0.004%	 54.917%	     0.000	        1	Delegate/Binary Elementwise (ND):494
	                          Copy (NC, X32)	    0.000	    0.000	  0.000%	 54.917%	     0.000	        1	Delegate/Copy (NC, X32):495
	                 Binary Elementwise (ND)	    0.230	    0.243	  0.003%	 54.921%	     0.000	        1	Delegate/Binary Elementwise (ND):496
	          Fully Connected (NC, F32) GEMM	   44.926	   47.411	  0.652%	 55.573%	     0.000	        1	Delegate/Fully Connected (NC, F32) GEMM:497
	                          Copy (NC, X32)	    0.001	    0.001	  0.000%	 55.573%	     0.000	        1	Delegate/Copy (NC, X32):498
	           Transpose (ND, X32) Transpose	    0.873	    0.956	  0.013%	 55.586%	     0.000	        1	Delegate/Transpose (ND, X32) Transpose:499
	                         Slice (ND, X32)	    0.226	    0.240	  0.003%	 55.589%	     0.000	        1	Delegate/Slice (ND, X32):500
	                          Copy (NC, X32)	    0.000	    0.000	  0.000%	 55.589%	     0.000	        1	Delegate/Copy (NC, X32):501
	                 Binary Elementwise (ND)	    0.183	    0.179	  0.002%	 55.592%	     0.000	        1	Delegate/Binary Elementwise (ND):502
	                         Slice (ND, X32)	    0.261	    0.273	  0.004%	 55.596%	     0.000	        1	Delegate/Slice (ND, X32):503
	                          Copy (NC, X32)	    0.000	    0.000	  0.000%	 55.596%	     0.000	        1	Delegate/Copy (NC, X32):504
	                         Slice (ND, X32)	    0.262	    0.271	  0.004%	 55.599%	     0.000	        1	Delegate/Slice (ND, X32):505
	           Transpose (ND, X32) Transpose	    0.734	    0.739	  0.010%	 55.609%	     0.000	        1	Delegate/Transpose (ND, X32) Transpose:506
	                          Copy (NC, X32)	    0.000	    0.000	  0.000%	 55.610%	     0.000	        1	Delegate/Copy (NC, X32):507
	                          Copy (NC, X32)	    0.000	    0.000	  0.000%	 55.610%	     0.000	        1	Delegate/Copy (NC, X32):508
	    Batch Matrix Multiply (NC, F32) GEMM	   96.994	  102.330	  1.408%	 57.017%	     0.000	        1	Delegate/Batch Matrix Multiply (NC, F32) GEMM:509
	                          Copy (NC, X32)	    0.001	    0.001	  0.000%	 57.017%	     0.000	        1	Delegate/Copy (NC, X32):510
	                       Softmax (NC, F32)	   44.027	   46.699	  0.642%	 57.660%	     0.000	        1	Delegate/Softmax (NC, F32):511
	                          Copy (NC, X32)	    0.001	    0.001	  0.000%	 57.660%	     0.000	        1	Delegate/Copy (NC, X32):512
	                          Copy (NC, X32)	    0.000	    0.000	  0.000%	 57.660%	     0.000	        1	Delegate/Copy (NC, X32):513
	    Batch Matrix Multiply (NC, F32) GEMM	  102.153	  104.970	  1.444%	 59.104%	     0.000	        1	Delegate/Batch Matrix Multiply (NC, F32) GEMM:514
	                          Copy (NC, X32)	    0.001	    0.001	  0.000%	 59.104%	     0.000	        1	Delegate/Copy (NC, X32):515
	           Transpose (ND, X32) Transpose	    0.240	    0.243	  0.003%	 59.107%	     0.000	        1	Delegate/Transpose (ND, X32) Transpose:516
	                          Copy (NC, X32)	    0.000	    0.000	  0.000%	 59.107%	     0.000	        1	Delegate/Copy (NC, X32):517
	          Fully Connected (NC, F32) GEMM	   14.616	   15.349	  0.211%	 59.318%	     0.000	        1	Delegate/Fully Connected (NC, F32) GEMM:518
	                 Binary Elementwise (ND)	    0.348	    0.337	  0.005%	 59.323%	     0.000	        1	Delegate/Binary Elementwise (ND):519
	                 Binary Elementwise (ND)	    0.307	    0.322	  0.004%	 59.327%	     0.000	        1	Delegate/Binary Elementwise (ND):520
	                          Mean (ND) Mean	    0.187	    0.191	  0.003%	 59.330%	     0.000	        1	Delegate/Mean (ND) Mean:521
	                          Copy (NC, X32)	    0.000	    0.001	  0.000%	 59.330%	     0.000	        1	Delegate/Copy (NC, X32):522
	                 Binary Elementwise (ND)	    0.259	    0.268	  0.004%	 59.334%	     0.000	        1	Delegate/Binary Elementwise (ND):523
	                          Mean (ND) Mean	    0.180	    0.184	  0.003%	 59.336%	     0.000	        1	Delegate/Mean (ND) Mean:524
	                 Binary Elementwise (ND)	    0.001	    0.001	  0.000%	 59.336%	     0.000	        1	Delegate/Binary Elementwise (ND):525
	                  Unary Elementwise (NC)	    0.002	    0.002	  0.000%	 59.336%	     0.000	        1	Delegate/Unary Elementwise (NC):526
	                 Binary Elementwise (ND)	    0.000	    0.000	  0.000%	 59.336%	     0.000	        1	Delegate/Binary Elementwise (ND):527
	                 Binary Elementwise (ND)	    0.001	    0.001	  0.000%	 59.336%	     0.000	        1	Delegate/Binary Elementwise (ND):528
	                          Copy (NC, X32)	    0.000	    0.000	  0.000%	 59.336%	     0.000	        1	Delegate/Copy (NC, X32):529
	                 Binary Elementwise (ND)	    0.236	    0.240	  0.003%	 59.339%	     0.000	        1	Delegate/Binary Elementwise (ND):530
	                          Copy (NC, X32)	    0.000	    0.000	  0.000%	 59.339%	     0.000	        1	Delegate/Copy (NC, X32):531
	                 Binary Elementwise (ND)	    0.217	    0.223	  0.003%	 59.343%	     0.000	        1	Delegate/Binary Elementwise (ND):532
	          Fully Connected (NC, F32) GEMM	   60.005	   63.556	  0.874%	 60.217%	     0.000	        1	Delegate/Fully Connected (NC, F32) GEMM:533
	                  Unary Elementwise (NC)	    5.289	    5.630	  0.077%	 60.294%	     0.000	        1	Delegate/Unary Elementwise (NC):534
	          Fully Connected (NC, F32) GEMM	   59.598	   63.266	  0.870%	 61.165%	     0.000	        1	Delegate/Fully Connected (NC, F32) GEMM:535
	                 Binary Elementwise (ND)	    0.213	    0.229	  0.003%	 61.168%	     0.000	        1	Delegate/Binary Elementwise (ND):536
	                 Binary Elementwise (ND)	    0.324	    0.362	  0.005%	 61.173%	     0.000	        1	Delegate/Binary Elementwise (ND):537
	                          Mean (ND) Mean	    0.180	    0.204	  0.003%	 61.176%	     0.000	        1	Delegate/Mean (ND) Mean:538
	                          Copy (NC, X32)	    0.001	    0.001	  0.000%	 61.176%	     0.000	        1	Delegate/Copy (NC, X32):539
	                 Binary Elementwise (ND)	    0.251	    0.283	  0.004%	 61.179%	     0.000	        1	Delegate/Binary Elementwise (ND):540
	                          Mean (ND) Mean	    0.179	    0.192	  0.003%	 61.182%	     0.000	        1	Delegate/Mean (ND) Mean:541
	                 Binary Elementwise (ND)	    0.001	    0.001	  0.000%	 61.182%	     0.000	        1	Delegate/Binary Elementwise (ND):542
	                  Unary Elementwise (NC)	    0.003	    0.002	  0.000%	 61.182%	     0.000	        1	Delegate/Unary Elementwise (NC):543
	                 Binary Elementwise (ND)	    0.000	    0.001	  0.000%	 61.182%	     0.000	        1	Delegate/Binary Elementwise (ND):544
	                 Binary Elementwise (ND)	    0.001	    0.000	  0.000%	 61.182%	     0.000	        1	Delegate/Binary Elementwise (ND):545
	                          Copy (NC, X32)	    0.000	    0.000	  0.000%	 61.182%	     0.000	        1	Delegate/Copy (NC, X32):546
	                 Binary Elementwise (ND)	    0.240	    0.258	  0.004%	 61.186%	     0.000	        1	Delegate/Binary Elementwise (ND):547
	                          Copy (NC, X32)	    0.000	    0.000	  0.000%	 61.186%	     0.000	        1	Delegate/Copy (NC, X32):548
	                 Binary Elementwise (ND)	    0.229	    0.239	  0.003%	 61.189%	     0.000	        1	Delegate/Binary Elementwise (ND):549
	          Fully Connected (NC, F32) GEMM	   44.816	   47.169	  0.649%	 61.838%	     0.000	        1	Delegate/Fully Connected (NC, F32) GEMM:550
	                          Copy (NC, X32)	    0.001	    0.001	  0.000%	 61.838%	     0.000	        1	Delegate/Copy (NC, X32):551
	           Transpose (ND, X32) Transpose	    0.883	    0.974	  0.013%	 61.851%	     0.000	        1	Delegate/Transpose (ND, X32) Transpose:552
	                         Slice (ND, X32)	    0.219	    0.242	  0.003%	 61.855%	     0.000	        1	Delegate/Slice (ND, X32):553
	                          Copy (NC, X32)	    0.000	    0.000	  0.000%	 61.855%	     0.000	        1	Delegate/Copy (NC, X32):554
	                 Binary Elementwise (ND)	    0.190	    0.188	  0.003%	 61.857%	     0.000	        1	Delegate/Binary Elementwise (ND):555
	                         Slice (ND, X32)	    0.251	    0.274	  0.004%	 61.861%	     0.000	        1	Delegate/Slice (ND, X32):556
	                          Copy (NC, X32)	    0.000	    0.000	  0.000%	 61.861%	     0.000	        1	Delegate/Copy (NC, X32):557
	                         Slice (ND, X32)	    0.246	    0.272	  0.004%	 61.865%	     0.000	        1	Delegate/Slice (ND, X32):558
	           Transpose (ND, X32) Transpose	    0.704	    0.750	  0.010%	 61.875%	     0.000	        1	Delegate/Transpose (ND, X32) Transpose:559
	                          Copy (NC, X32)	    0.000	    0.000	  0.000%	 61.875%	     0.000	        1	Delegate/Copy (NC, X32):560
	                          Copy (NC, X32)	    0.000	    0.000	  0.000%	 61.875%	     0.000	        1	Delegate/Copy (NC, X32):561
	    Batch Matrix Multiply (NC, F32) GEMM	   96.656	  102.822	  1.414%	 63.290%	     0.000	        1	Delegate/Batch Matrix Multiply (NC, F32) GEMM:562
	                          Copy (NC, X32)	    0.001	    0.001	  0.000%	 63.290%	     0.000	        1	Delegate/Copy (NC, X32):563
	                       Softmax (NC, F32)	   44.030	   46.266	  0.636%	 63.926%	     0.000	        1	Delegate/Softmax (NC, F32):564
	                          Copy (NC, X32)	    0.001	    0.001	  0.000%	 63.926%	     0.000	        1	Delegate/Copy (NC, X32):565
	                          Copy (NC, X32)	    0.000	    0.000	  0.000%	 63.926%	     0.000	        1	Delegate/Copy (NC, X32):566
	    Batch Matrix Multiply (NC, F32) GEMM	   98.787	  103.830	  1.428%	 65.354%	     0.000	        1	Delegate/Batch Matrix Multiply (NC, F32) GEMM:567
	                          Copy (NC, X32)	    0.001	    0.001	  0.000%	 65.354%	     0.000	        1	Delegate/Copy (NC, X32):568
	           Transpose (ND, X32) Transpose	    0.239	    0.258	  0.004%	 65.358%	     0.000	        1	Delegate/Transpose (ND, X32) Transpose:569
	                          Copy (NC, X32)	    0.000	    0.000	  0.000%	 65.358%	     0.000	        1	Delegate/Copy (NC, X32):570
	          Fully Connected (NC, F32) GEMM	   14.404	   15.455	  0.213%	 65.571%	     0.000	        1	Delegate/Fully Connected (NC, F32) GEMM:571
	                 Binary Elementwise (ND)	    0.353	    0.344	  0.005%	 65.575%	     0.000	        1	Delegate/Binary Elementwise (ND):572
	                 Binary Elementwise (ND)	    0.406	    0.366	  0.005%	 65.580%	     0.000	        1	Delegate/Binary Elementwise (ND):573
	                          Mean (ND) Mean	    0.192	    0.205	  0.003%	 65.583%	     0.000	        1	Delegate/Mean (ND) Mean:574
	                          Copy (NC, X32)	    0.001	    0.001	  0.000%	 65.583%	     0.000	        1	Delegate/Copy (NC, X32):575
	                 Binary Elementwise (ND)	    0.241	    0.294	  0.004%	 65.587%	     0.000	        1	Delegate/Binary Elementwise (ND):576
	                          Mean (ND) Mean	    0.191	    0.198	  0.003%	 65.590%	     0.000	        1	Delegate/Mean (ND) Mean:577
	                 Binary Elementwise (ND)	    0.001	    0.001	  0.000%	 65.590%	     0.000	        1	Delegate/Binary Elementwise (ND):578
	                  Unary Elementwise (NC)	    0.002	    0.002	  0.000%	 65.590%	     0.000	        1	Delegate/Unary Elementwise (NC):579
	                 Binary Elementwise (ND)	    0.000	    0.000	  0.000%	 65.590%	     0.000	        1	Delegate/Binary Elementwise (ND):580
	                 Binary Elementwise (ND)	    0.001	    0.001	  0.000%	 65.590%	     0.000	        1	Delegate/Binary Elementwise (ND):581
	                          Copy (NC, X32)	    0.000	    0.000	  0.000%	 65.590%	     0.000	        1	Delegate/Copy (NC, X32):582
	                 Binary Elementwise (ND)	    0.224	    0.271	  0.004%	 65.594%	     0.000	        1	Delegate/Binary Elementwise (ND):583
	                          Copy (NC, X32)	    0.000	    0.000	  0.000%	 65.594%	     0.000	        1	Delegate/Copy (NC, X32):584
	                 Binary Elementwise (ND)	    0.230	    0.240	  0.003%	 65.597%	     0.000	        1	Delegate/Binary Elementwise (ND):585
	          Fully Connected (NC, F32) GEMM	   59.860	   65.204	  0.897%	 66.494%	     0.000	        1	Delegate/Fully Connected (NC, F32) GEMM:586
	                  Unary Elementwise (NC)	    5.228	    5.613	  0.077%	 66.571%	     0.000	        1	Delegate/Unary Elementwise (NC):587
	          Fully Connected (NC, F32) GEMM	   59.714	   65.450	  0.900%	 67.472%	     0.000	        1	Delegate/Fully Connected (NC, F32) GEMM:588
	                 Binary Elementwise (ND)	    0.209	    0.235	  0.003%	 67.475%	     0.000	        1	Delegate/Binary Elementwise (ND):589
	                 Binary Elementwise (ND)	    0.326	    0.389	  0.005%	 67.480%	     0.000	        1	Delegate/Binary Elementwise (ND):590
	                          Mean (ND) Mean	    0.183	    0.209	  0.003%	 67.483%	     0.000	        1	Delegate/Mean (ND) Mean:591
	                          Copy (NC, X32)	    0.001	    0.001	  0.000%	 67.483%	     0.000	        1	Delegate/Copy (NC, X32):592
	                 Binary Elementwise (ND)	    0.246	    0.295	  0.004%	 67.487%	     0.000	        1	Delegate/Binary Elementwise (ND):593
	                          Mean (ND) Mean	    0.174	    0.204	  0.003%	 67.490%	     0.000	        1	Delegate/Mean (ND) Mean:594
	                 Binary Elementwise (ND)	    0.001	    0.001	  0.000%	 67.490%	     0.000	        1	Delegate/Binary Elementwise (ND):595
	                  Unary Elementwise (NC)	    0.002	    0.002	  0.000%	 67.490%	     0.000	        1	Delegate/Unary Elementwise (NC):596
	                 Binary Elementwise (ND)	    0.001	    0.001	  0.000%	 67.490%	     0.000	        1	Delegate/Binary Elementwise (ND):597
	                 Binary Elementwise (ND)	    0.000	    0.001	  0.000%	 67.490%	     0.000	        1	Delegate/Binary Elementwise (ND):598
	                          Copy (NC, X32)	    0.000	    0.000	  0.000%	 67.490%	     0.000	        1	Delegate/Copy (NC, X32):599
	                 Binary Elementwise (ND)	    0.233	    0.274	  0.004%	 67.494%	     0.000	        1	Delegate/Binary Elementwise (ND):600
	                          Copy (NC, X32)	    0.000	    0.000	  0.000%	 67.494%	     0.000	        1	Delegate/Copy (NC, X32):601
	                 Binary Elementwise (ND)	    0.251	    0.285	  0.004%	 67.498%	     0.000	        1	Delegate/Binary Elementwise (ND):602
	          Fully Connected (NC, F32) GEMM	   44.659	   47.688	  0.656%	 68.154%	     0.000	        1	Delegate/Fully Connected (NC, F32) GEMM:603
	                          Copy (NC, X32)	    0.001	    0.001	  0.000%	 68.154%	     0.000	        1	Delegate/Copy (NC, X32):604
	           Transpose (ND, X32) Transpose	    0.869	    0.962	  0.013%	 68.167%	     0.000	        1	Delegate/Transpose (ND, X32) Transpose:605
	                         Slice (ND, X32)	    0.251	    0.271	  0.004%	 68.171%	     0.000	        1	Delegate/Slice (ND, X32):606
	                          Copy (NC, X32)	    0.000	    0.000	  0.000%	 68.171%	     0.000	        1	Delegate/Copy (NC, X32):607
	                 Binary Elementwise (ND)	    0.230	    0.234	  0.003%	 68.174%	     0.000	        1	Delegate/Binary Elementwise (ND):608
	                         Slice (ND, X32)	    0.255	    0.273	  0.004%	 68.178%	     0.000	        1	Delegate/Slice (ND, X32):609
	                          Copy (NC, X32)	    0.000	    0.000	  0.000%	 68.178%	     0.000	        1	Delegate/Copy (NC, X32):610
	                         Slice (ND, X32)	    0.248	    0.265	  0.004%	 68.181%	     0.000	        1	Delegate/Slice (ND, X32):611
	           Transpose (ND, X32) Transpose	    0.707	    0.736	  0.010%	 68.191%	     0.000	        1	Delegate/Transpose (ND, X32) Transpose:612
	                          Copy (NC, X32)	    0.000	    0.000	  0.000%	 68.191%	     0.000	        1	Delegate/Copy (NC, X32):613
	                          Copy (NC, X32)	    0.000	    0.000	  0.000%	 68.191%	     0.000	        1	Delegate/Copy (NC, X32):614
	    Batch Matrix Multiply (NC, F32) GEMM	   99.820	  101.995	  1.403%	 69.594%	     0.000	        1	Delegate/Batch Matrix Multiply (NC, F32) GEMM:615
	                          Copy (NC, X32)	    0.001	    0.001	  0.000%	 69.594%	     0.000	        1	Delegate/Copy (NC, X32):616
	                       Softmax (NC, F32)	   44.673	   45.817	  0.630%	 70.225%	     0.000	        1	Delegate/Softmax (NC, F32):617
	                          Copy (NC, X32)	    0.002	    0.001	  0.000%	 70.225%	     0.000	        1	Delegate/Copy (NC, X32):618
	                          Copy (NC, X32)	    0.000	    0.000	  0.000%	 70.225%	     0.000	        1	Delegate/Copy (NC, X32):619
	    Batch Matrix Multiply (NC, F32) GEMM	   98.647	  104.967	  1.444%	 71.669%	     0.000	        1	Delegate/Batch Matrix Multiply (NC, F32) GEMM:620
	                          Copy (NC, X32)	    0.001	    0.001	  0.000%	 71.669%	     0.000	        1	Delegate/Copy (NC, X32):621
	           Transpose (ND, X32) Transpose	    0.235	    0.269	  0.004%	 71.672%	     0.000	        1	Delegate/Transpose (ND, X32) Transpose:622
	                          Copy (NC, X32)	    0.000	    0.000	  0.000%	 71.672%	     0.000	        1	Delegate/Copy (NC, X32):623
	          Fully Connected (NC, F32) GEMM	   14.564	   15.327	  0.211%	 71.883%	     0.000	        1	Delegate/Fully Connected (NC, F32) GEMM:624
	                 Binary Elementwise (ND)	    0.312	    0.348	  0.005%	 71.888%	     0.000	        1	Delegate/Binary Elementwise (ND):625
	                 Binary Elementwise (ND)	    0.328	    0.356	  0.005%	 71.893%	     0.000	        1	Delegate/Binary Elementwise (ND):626
	                          Mean (ND) Mean	    0.180	    0.214	  0.003%	 71.896%	     0.000	        1	Delegate/Mean (ND) Mean:627
	                          Copy (NC, X32)	    0.000	    0.001	  0.000%	 71.896%	     0.000	        1	Delegate/Copy (NC, X32):628
	                 Binary Elementwise (ND)	    0.251	    0.292	  0.004%	 71.900%	     0.000	        1	Delegate/Binary Elementwise (ND):629
	                          Mean (ND) Mean	    0.187	    0.197	  0.003%	 71.903%	     0.000	        1	Delegate/Mean (ND) Mean:630
	                 Binary Elementwise (ND)	    0.001	    0.001	  0.000%	 71.903%	     0.000	        1	Delegate/Binary Elementwise (ND):631
	                  Unary Elementwise (NC)	    0.002	    0.002	  0.000%	 71.903%	     0.000	        1	Delegate/Unary Elementwise (NC):632
	                 Binary Elementwise (ND)	    0.001	    0.000	  0.000%	 71.903%	     0.000	        1	Delegate/Binary Elementwise (ND):633
	                 Binary Elementwise (ND)	    0.001	    0.001	  0.000%	 71.903%	     0.000	        1	Delegate/Binary Elementwise (ND):634
	                          Copy (NC, X32)	    0.000	    0.000	  0.000%	 71.903%	     0.000	        1	Delegate/Copy (NC, X32):635
	                 Binary Elementwise (ND)	    0.248	    0.275	  0.004%	 71.907%	     0.000	        1	Delegate/Binary Elementwise (ND):636
	                          Copy (NC, X32)	    0.000	    0.000	  0.000%	 71.907%	     0.000	        1	Delegate/Copy (NC, X32):637
	                 Binary Elementwise (ND)	    0.227	    0.253	  0.003%	 71.910%	     0.000	        1	Delegate/Binary Elementwise (ND):638
	          Fully Connected (NC, F32) GEMM	   59.969	   62.967	  0.866%	 72.776%	     0.000	        1	Delegate/Fully Connected (NC, F32) GEMM:639
	                  Unary Elementwise (NC)	    5.229	    5.489	  0.076%	 72.852%	     0.000	        1	Delegate/Unary Elementwise (NC):640
	          Fully Connected (NC, F32) GEMM	   59.709	   62.713	  0.863%	 73.715%	     0.000	        1	Delegate/Fully Connected (NC, F32) GEMM:641
	                 Binary Elementwise (ND)	    0.218	    0.211	  0.003%	 73.717%	     0.000	        1	Delegate/Binary Elementwise (ND):642
	                 Binary Elementwise (ND)	    0.370	    0.349	  0.005%	 73.722%	     0.000	        1	Delegate/Binary Elementwise (ND):643
	                          Mean (ND) Mean	    0.194	    0.193	  0.003%	 73.725%	     0.000	        1	Delegate/Mean (ND) Mean:644
	                          Copy (NC, X32)	    0.001	    0.001	  0.000%	 73.725%	     0.000	        1	Delegate/Copy (NC, X32):645
	                 Binary Elementwise (ND)	    0.265	    0.264	  0.004%	 73.728%	     0.000	        1	Delegate/Binary Elementwise (ND):646
	                          Mean (ND) Mean	    0.190	    0.182	  0.003%	 73.731%	     0.000	        1	Delegate/Mean (ND) Mean:647
	                 Binary Elementwise (ND)	    0.001	    0.001	  0.000%	 73.731%	     0.000	        1	Delegate/Binary Elementwise (ND):648
	                  Unary Elementwise (NC)	    0.002	    0.002	  0.000%	 73.731%	     0.000	        1	Delegate/Unary Elementwise (NC):649
	                 Binary Elementwise (ND)	    0.001	    0.001	  0.000%	 73.731%	     0.000	        1	Delegate/Binary Elementwise (ND):650
	                 Binary Elementwise (ND)	    0.001	    0.001	  0.000%	 73.731%	     0.000	        1	Delegate/Binary Elementwise (ND):651
	                          Copy (NC, X32)	    0.000	    0.000	  0.000%	 73.731%	     0.000	        1	Delegate/Copy (NC, X32):652
	                 Binary Elementwise (ND)	    0.239	    0.241	  0.003%	 73.734%	     0.000	        1	Delegate/Binary Elementwise (ND):653
	                          Copy (NC, X32)	    0.000	    0.000	  0.000%	 73.734%	     0.000	        1	Delegate/Copy (NC, X32):654
	                 Binary Elementwise (ND)	    0.227	    0.222	  0.003%	 73.737%	     0.000	        1	Delegate/Binary Elementwise (ND):655
	          Fully Connected (NC, F32) GEMM	   44.759	   47.021	  0.647%	 74.384%	     0.000	        1	Delegate/Fully Connected (NC, F32) GEMM:656
	                          Copy (NC, X32)	    0.001	    0.001	  0.000%	 74.384%	     0.000	        1	Delegate/Copy (NC, X32):657
	           Transpose (ND, X32) Transpose	    0.880	    0.893	  0.012%	 74.397%	     0.000	        1	Delegate/Transpose (ND, X32) Transpose:658
	                         Slice (ND, X32)	    0.233	    0.224	  0.003%	 74.400%	     0.000	        1	Delegate/Slice (ND, X32):659
	                          Copy (NC, X32)	    0.000	    0.000	  0.000%	 74.400%	     0.000	        1	Delegate/Copy (NC, X32):660
	                 Binary Elementwise (ND)	    0.188	    0.173	  0.002%	 74.402%	     0.000	        1	Delegate/Binary Elementwise (ND):661
	                         Slice (ND, X32)	    0.255	    0.254	  0.003%	 74.406%	     0.000	        1	Delegate/Slice (ND, X32):662
	                          Copy (NC, X32)	    0.000	    0.000	  0.000%	 74.406%	     0.000	        1	Delegate/Copy (NC, X32):663
	                         Slice (ND, X32)	    0.251	    0.255	  0.004%	 74.409%	     0.000	        1	Delegate/Slice (ND, X32):664
	           Transpose (ND, X32) Transpose	    0.736	    0.700	  0.010%	 74.419%	     0.000	        1	Delegate/Transpose (ND, X32) Transpose:665
	                          Copy (NC, X32)	    0.001	    0.000	  0.000%	 74.419%	     0.000	        1	Delegate/Copy (NC, X32):666
	                          Copy (NC, X32)	    0.000	    0.000	  0.000%	 74.419%	     0.000	        1	Delegate/Copy (NC, X32):667
	    Batch Matrix Multiply (NC, F32) GEMM	   96.984	  101.910	  1.402%	 75.821%	     0.000	        1	Delegate/Batch Matrix Multiply (NC, F32) GEMM:668
	                          Copy (NC, X32)	    0.001	    0.001	  0.000%	 75.821%	     0.000	        1	Delegate/Copy (NC, X32):669
	                       Softmax (NC, F32)	   43.916	   45.704	  0.629%	 76.449%	     0.000	        1	Delegate/Softmax (NC, F32):670
	                          Copy (NC, X32)	    0.001	    0.001	  0.000%	 76.449%	     0.000	        1	Delegate/Copy (NC, X32):671
	                          Copy (NC, X32)	    0.000	    0.000	  0.000%	 76.449%	     0.000	        1	Delegate/Copy (NC, X32):672
	    Batch Matrix Multiply (NC, F32) GEMM	  100.082	  104.934	  1.444%	 77.893%	     0.000	        1	Delegate/Batch Matrix Multiply (NC, F32) GEMM:673
	                          Copy (NC, X32)	    0.001	    0.001	  0.000%	 77.893%	     0.000	        1	Delegate/Copy (NC, X32):674
	           Transpose (ND, X32) Transpose	    0.235	    0.253	  0.003%	 77.896%	     0.000	        1	Delegate/Transpose (ND, X32) Transpose:675
	                          Copy (NC, X32)	    0.000	    0.000	  0.000%	 77.896%	     0.000	        1	Delegate/Copy (NC, X32):676
	          Fully Connected (NC, F32) GEMM	   14.612	   15.747	  0.217%	 78.113%	     0.000	        1	Delegate/Fully Connected (NC, F32) GEMM:677
	                 Binary Elementwise (ND)	    0.329	    0.350	  0.005%	 78.118%	     0.000	        1	Delegate/Binary Elementwise (ND):678
	                 Binary Elementwise (ND)	    0.319	    0.347	  0.005%	 78.123%	     0.000	        1	Delegate/Binary Elementwise (ND):679
	                          Mean (ND) Mean	    0.188	    0.199	  0.003%	 78.125%	     0.000	        1	Delegate/Mean (ND) Mean:680
	                          Copy (NC, X32)	    0.001	    0.001	  0.000%	 78.125%	     0.000	        1	Delegate/Copy (NC, X32):681
	                 Binary Elementwise (ND)	    0.257	    0.279	  0.004%	 78.129%	     0.000	        1	Delegate/Binary Elementwise (ND):682
	                          Mean (ND) Mean	    0.180	    0.189	  0.003%	 78.132%	     0.000	        1	Delegate/Mean (ND) Mean:683
	                 Binary Elementwise (ND)	    0.001	    0.001	  0.000%	 78.132%	     0.000	        1	Delegate/Binary Elementwise (ND):684
	                  Unary Elementwise (NC)	    0.002	    0.002	  0.000%	 78.132%	     0.000	        1	Delegate/Unary Elementwise (NC):685
	                 Binary Elementwise (ND)	    0.000	    0.000	  0.000%	 78.132%	     0.000	        1	Delegate/Binary Elementwise (ND):686
	                 Binary Elementwise (ND)	    0.000	    0.001	  0.000%	 78.132%	     0.000	        1	Delegate/Binary Elementwise (ND):687
	                          Copy (NC, X32)	    0.000	    0.000	  0.000%	 78.132%	     0.000	        1	Delegate/Copy (NC, X32):688
	                 Binary Elementwise (ND)	    0.239	    0.256	  0.004%	 78.135%	     0.000	        1	Delegate/Binary Elementwise (ND):689
	                          Copy (NC, X32)	    0.000	    0.000	  0.000%	 78.135%	     0.000	        1	Delegate/Copy (NC, X32):690
	                 Binary Elementwise (ND)	    0.222	    0.231	  0.003%	 78.139%	     0.000	        1	Delegate/Binary Elementwise (ND):691
	          Fully Connected (NC, F32) GEMM	   60.053	   63.841	  0.878%	 79.017%	     0.000	        1	Delegate/Fully Connected (NC, F32) GEMM:692
	                  Unary Elementwise (NC)	    5.234	    5.648	  0.078%	 79.094%	     0.000	        1	Delegate/Unary Elementwise (NC):693
	          Fully Connected (NC, F32) GEMM	   59.840	   62.986	  0.866%	 79.961%	     0.000	        1	Delegate/Fully Connected (NC, F32) GEMM:694
	                 Binary Elementwise (ND)	    0.214	    0.234	  0.003%	 79.964%	     0.000	        1	Delegate/Binary Elementwise (ND):695
	                 Binary Elementwise (ND)	    0.325	    0.359	  0.005%	 79.969%	     0.000	        1	Delegate/Binary Elementwise (ND):696
	                          Mean (ND) Mean	    0.222	    0.208	  0.003%	 79.972%	     0.000	        1	Delegate/Mean (ND) Mean:697
	                          Copy (NC, X32)	    0.001	    0.001	  0.000%	 79.972%	     0.000	        1	Delegate/Copy (NC, X32):698
	                 Binary Elementwise (ND)	    0.253	    0.278	  0.004%	 79.976%	     0.000	        1	Delegate/Binary Elementwise (ND):699
	                          Mean (ND) Mean	    0.187	    0.194	  0.003%	 79.978%	     0.000	        1	Delegate/Mean (ND) Mean:700
	                 Binary Elementwise (ND)	    0.001	    0.001	  0.000%	 79.978%	     0.000	        1	Delegate/Binary Elementwise (ND):701
	                  Unary Elementwise (NC)	    0.002	    0.002	  0.000%	 79.979%	     0.000	        1	Delegate/Unary Elementwise (NC):702
	                 Binary Elementwise (ND)	    0.001	    0.001	  0.000%	 79.979%	     0.000	        1	Delegate/Binary Elementwise (ND):703
	                 Binary Elementwise (ND)	    0.001	    0.001	  0.000%	 79.979%	     0.000	        1	Delegate/Binary Elementwise (ND):704
	                          Copy (NC, X32)	    0.000	    0.000	  0.000%	 79.979%	     0.000	        1	Delegate/Copy (NC, X32):705
	                 Binary Elementwise (ND)	    0.239	    0.270	  0.004%	 79.982%	     0.000	        1	Delegate/Binary Elementwise (ND):706
	                          Copy (NC, X32)	    0.000	    0.000	  0.000%	 79.982%	     0.000	        1	Delegate/Copy (NC, X32):707
	                 Binary Elementwise (ND)	    0.221	    0.241	  0.003%	 79.986%	     0.000	        1	Delegate/Binary Elementwise (ND):708
	          Fully Connected (NC, F32) GEMM	   50.873	   48.721	  0.670%	 80.656%	     0.000	        1	Delegate/Fully Connected (NC, F32) GEMM:709
	                          Copy (NC, X32)	    0.001	    0.001	  0.000%	 80.656%	     0.000	        1	Delegate/Copy (NC, X32):710
	           Transpose (ND, X32) Transpose	    1.237	    1.032	  0.014%	 80.670%	     0.000	        1	Delegate/Transpose (ND, X32) Transpose:711
	                         Slice (ND, X32)	    0.300	    0.258	  0.004%	 80.674%	     0.000	        1	Delegate/Slice (ND, X32):712
	                          Copy (NC, X32)	    0.000	    0.000	  0.000%	 80.674%	     0.000	        1	Delegate/Copy (NC, X32):713
	                 Binary Elementwise (ND)	    0.231	    0.200	  0.003%	 80.676%	     0.000	        1	Delegate/Binary Elementwise (ND):714
	                         Slice (ND, X32)	    0.351	    0.296	  0.004%	 80.680%	     0.000	        1	Delegate/Slice (ND, X32):715
	                          Copy (NC, X32)	    0.000	    0.000	  0.000%	 80.680%	     0.000	        1	Delegate/Copy (NC, X32):716
	                         Slice (ND, X32)	    0.340	    0.287	  0.004%	 80.684%	     0.000	        1	Delegate/Slice (ND, X32):717
	           Transpose (ND, X32) Transpose	    0.886	    0.769	  0.011%	 80.695%	     0.000	        1	Delegate/Transpose (ND, X32) Transpose:718
	                          Copy (NC, X32)	    0.001	    0.000	  0.000%	 80.695%	     0.000	        1	Delegate/Copy (NC, X32):719
	                          Copy (NC, X32)	    0.000	    0.000	  0.000%	 80.695%	     0.000	        1	Delegate/Copy (NC, X32):720
	    Batch Matrix Multiply (NC, F32) GEMM	  112.716	  105.743	  1.455%	 82.150%	     0.000	        1	Delegate/Batch Matrix Multiply (NC, F32) GEMM:721
	                          Copy (NC, X32)	    0.001	    0.001	  0.000%	 82.150%	     0.000	        1	Delegate/Copy (NC, X32):722
	                       Softmax (NC, F32)	   49.865	   47.936	  0.659%	 82.809%	     0.000	        1	Delegate/Softmax (NC, F32):723
	                          Copy (NC, X32)	    0.001	    0.001	  0.000%	 82.809%	     0.000	        1	Delegate/Copy (NC, X32):724
	                          Copy (NC, X32)	    0.000	    0.000	  0.000%	 82.809%	     0.000	        1	Delegate/Copy (NC, X32):725
	    Batch Matrix Multiply (NC, F32) GEMM	  104.702	  107.279	  1.476%	 84.285%	     0.000	        1	Delegate/Batch Matrix Multiply (NC, F32) GEMM:726
	                          Copy (NC, X32)	    0.001	    0.001	  0.000%	 84.285%	     0.000	        1	Delegate/Copy (NC, X32):727
	           Transpose (ND, X32) Transpose	    0.291	    0.280	  0.004%	 84.289%	     0.000	        1	Delegate/Transpose (ND, X32) Transpose:728
	                          Copy (NC, X32)	    0.000	    0.000	  0.000%	 84.289%	     0.000	        1	Delegate/Copy (NC, X32):729
	          Fully Connected (NC, F32) GEMM	   14.671	   15.834	  0.218%	 84.506%	     0.000	        1	Delegate/Fully Connected (NC, F32) GEMM:730
	                 Binary Elementwise (ND)	    0.364	    0.362	  0.005%	 84.511%	     0.000	        1	Delegate/Binary Elementwise (ND):731
	                 Binary Elementwise (ND)	    0.400	    0.376	  0.005%	 84.517%	     0.000	        1	Delegate/Binary Elementwise (ND):732
	                          Mean (ND) Mean	    0.208	    0.213	  0.003%	 84.520%	     0.000	        1	Delegate/Mean (ND) Mean:733
	                          Copy (NC, X32)	    0.000	    0.000	  0.000%	 84.520%	     0.000	        1	Delegate/Copy (NC, X32):734
	                 Binary Elementwise (ND)	    0.317	    0.307	  0.004%	 84.524%	     0.000	        1	Delegate/Binary Elementwise (ND):735
	                          Mean (ND) Mean	    0.213	    0.206	  0.003%	 84.527%	     0.000	        1	Delegate/Mean (ND) Mean:736
	                 Binary Elementwise (ND)	    0.001	    0.001	  0.000%	 84.527%	     0.000	        1	Delegate/Binary Elementwise (ND):737
	                  Unary Elementwise (NC)	    0.002	    0.002	  0.000%	 84.527%	     0.000	        1	Delegate/Unary Elementwise (NC):738
	                 Binary Elementwise (ND)	    0.000	    0.000	  0.000%	 84.527%	     0.000	        1	Delegate/Binary Elementwise (ND):739
	                 Binary Elementwise (ND)	    0.001	    0.001	  0.000%	 84.527%	     0.000	        1	Delegate/Binary Elementwise (ND):740
	                          Copy (NC, X32)	    0.000	    0.000	  0.000%	 84.527%	     0.000	        1	Delegate/Copy (NC, X32):741
	                 Binary Elementwise (ND)	    0.312	    0.301	  0.004%	 84.531%	     0.000	        1	Delegate/Binary Elementwise (ND):742
	                          Copy (NC, X32)	    0.000	    0.000	  0.000%	 84.531%	     0.000	        1	Delegate/Copy (NC, X32):743
	                 Binary Elementwise (ND)	    0.275	    0.262	  0.004%	 84.534%	     0.000	        1	Delegate/Binary Elementwise (ND):744
	          Fully Connected (NC, F32) GEMM	   59.547	   64.348	  0.885%	 85.420%	     0.000	        1	Delegate/Fully Connected (NC, F32) GEMM:745
	                  Unary Elementwise (NC)	    5.252	    5.600	  0.077%	 85.497%	     0.000	        1	Delegate/Unary Elementwise (NC):746
	          Fully Connected (NC, F32) GEMM	   59.507	   64.121	  0.882%	 86.379%	     0.000	        1	Delegate/Fully Connected (NC, F32) GEMM:747
	                 Binary Elementwise (ND)	    0.242	    0.236	  0.003%	 86.382%	     0.000	        1	Delegate/Binary Elementwise (ND):748
	                 Binary Elementwise (ND)	    0.324	    0.363	  0.005%	 86.387%	     0.000	        1	Delegate/Binary Elementwise (ND):749
	                 Binary Elementwise (ND)	    0.267	    0.313	  0.004%	 86.391%	     0.000	        1	Delegate/Binary Elementwise (ND):750
	                 Binary Elementwise (ND)	    0.253	    0.277	  0.004%	 86.395%	     0.000	        1	Delegate/Binary Elementwise (ND):751
	                 Binary Elementwise (ND)	    0.276	    0.317	  0.004%	 86.399%	     0.000	        1	Delegate/Binary Elementwise (ND):752
	                 Binary Elementwise (ND)	    0.227	    0.250	  0.003%	 86.403%	     0.000	        1	Delegate/Binary Elementwise (ND):753
	                 Binary Elementwise (ND)	    0.279	    0.318	  0.004%	 86.407%	     0.000	        1	Delegate/Binary Elementwise (ND):754
	                 Binary Elementwise (ND)	    0.269	    0.304	  0.004%	 86.411%	     0.000	        1	Delegate/Binary Elementwise (ND):755
	                          Mean (ND) Mean	    0.219	    0.236	  0.003%	 86.415%	     0.000	        1	Delegate/Mean (ND) Mean:756
	                          Copy (NC, X32)	    0.000	    0.001	  0.000%	 86.415%	     0.000	        1	Delegate/Copy (NC, X32):757
	                 Binary Elementwise (ND)	    0.287	    0.319	  0.004%	 86.419%	     0.000	        1	Delegate/Binary Elementwise (ND):758
	                          Mean (ND) Mean	    0.189	    0.207	  0.003%	 86.422%	     0.000	        1	Delegate/Mean (ND) Mean:759
	                 Binary Elementwise (ND)	    0.001	    0.001	  0.000%	 86.422%	     0.000	        1	Delegate/Binary Elementwise (ND):760
	                  Unary Elementwise (NC)	    0.002	    0.002	  0.000%	 86.422%	     0.000	        1	Delegate/Unary Elementwise (NC):761
	                 Binary Elementwise (ND)	    0.000	    0.000	  0.000%	 86.422%	     0.000	        1	Delegate/Binary Elementwise (ND):762
	                 Binary Elementwise (ND)	    0.001	    0.001	  0.000%	 86.422%	     0.000	        1	Delegate/Binary Elementwise (ND):763
	                          Copy (NC, X32)	    0.000	    0.000	  0.000%	 86.422%	     0.000	        1	Delegate/Copy (NC, X32):764
	                 Binary Elementwise (ND)	    0.263	    0.293	  0.004%	 86.426%	     0.000	        1	Delegate/Binary Elementwise (ND):765
	                          Copy (NC, X32)	    0.000	    0.000	  0.000%	 86.426%	     0.000	        1	Delegate/Copy (NC, X32):766
	                 Binary Elementwise (ND)	    0.270	    0.293	  0.004%	 86.430%	     0.000	        1	Delegate/Binary Elementwise (ND):767
	                 Binary Elementwise (ND)	    0.300	    0.318	  0.004%	 86.434%	     0.000	        1	Delegate/Binary Elementwise (ND):768
	                 Binary Elementwise (ND)	    0.221	    0.228	  0.003%	 86.438%	     0.000	        1	Delegate/Binary Elementwise (ND):769
	                         Slice (ND, X32)	    0.305	    0.310	  0.004%	 86.442%	     0.000	        1	Delegate/Slice (ND, X32):770
	                         Slice (ND, X32)	    0.256	    0.286	  0.004%	 86.446%	     0.000	        1	Delegate/Slice (ND, X32):771
	                         Slice (ND, X32)	    0.237	    0.261	  0.004%	 86.449%	     0.000	        1	Delegate/Slice (ND, X32):772
	                         Slice (ND, X32)	    0.180	    0.197	  0.003%	 86.452%	     0.000	        1	Delegate/Slice (ND, X32):773
	           Transpose (ND, X32) Transpose	    0.775	    0.856	  0.012%	 86.464%	     0.000	        1	Delegate/Transpose (ND, X32) Transpose:774
	                          Copy (NC, X32)	    0.000	    0.001	  0.000%	 86.464%	     0.000	        1	Delegate/Copy (NC, X32):775
	           Transpose (ND, X32) Transpose	    0.649	    0.686	  0.009%	 86.473%	     0.000	        1	Delegate/Transpose (ND, X32) Transpose:776
	          Fully Connected (NC, F32) GEMM	    1.924	    2.039	  0.028%	 86.501%	     0.000	        1	Delegate/Fully Connected (NC, F32) GEMM:777
	     Deconvolution (NHWC, F32) Subconv2D	    6.629	    7.052	  0.097%	 86.598%	     0.000	        1	Delegate/Deconvolution (NHWC, F32) Subconv2D:778
	           Transpose (ND, X32) Transpose	    0.777	    0.884	  0.012%	 86.611%	     0.000	        1	Delegate/Transpose (ND, X32) Transpose:779
	                          Copy (NC, X32)	    0.001	    0.001	  0.000%	 86.611%	     0.000	        1	Delegate/Copy (NC, X32):780
	           Transpose (ND, X32) Transpose	    0.633	    0.654	  0.009%	 86.620%	     0.000	        1	Delegate/Transpose (ND, X32) Transpose:781
	          Fully Connected (NC, F32) GEMM	    3.645	    3.893	  0.054%	 86.673%	     0.000	        1	Delegate/Fully Connected (NC, F32) GEMM:782
	     Deconvolution (NHWC, F32) Subconv2D	    6.305	    6.701	  0.092%	 86.765%	     0.000	        1	Delegate/Deconvolution (NHWC, F32) Subconv2D:783
	           Transpose (ND, X32) Transpose	    0.738	    0.841	  0.012%	 86.777%	     0.000	        1	Delegate/Transpose (ND, X32) Transpose:784
	                          Copy (NC, X32)	    0.000	    0.001	  0.000%	 86.777%	     0.000	        1	Delegate/Copy (NC, X32):785
	           Transpose (ND, X32) Transpose	    0.538	    0.604	  0.008%	 86.785%	     0.000	        1	Delegate/Transpose (ND, X32) Transpose:786
	          Fully Connected (NC, F32) GEMM	    7.176	    7.762	  0.107%	 86.892%	     0.000	        1	Delegate/Fully Connected (NC, F32) GEMM:787
	           Transpose (ND, X32) Transpose	    0.765	    0.849	  0.012%	 86.904%	     0.000	        1	Delegate/Transpose (ND, X32) Transpose:788
	                          Copy (NC, X32)	    0.001	    0.001	  0.000%	 86.904%	     0.000	        1	Delegate/Copy (NC, X32):789
	           Transpose (ND, X32) Transpose	    0.507	    0.549	  0.008%	 86.911%	     0.000	        1	Delegate/Transpose (ND, X32) Transpose:790
	          Fully Connected (NC, F32) GEMM	   14.390	   15.481	  0.213%	 87.124%	     0.000	        1	Delegate/Fully Connected (NC, F32) GEMM:791
	           Convolution (NHWC, F32) IGEMM	   35.150	   37.785	  0.520%	 87.644%	     0.000	        1	Delegate/Convolution (NHWC, F32) IGEMM:792
	           Convolution (NHWC, F32) IGEMM	   40.502	   42.696	  0.587%	 88.231%	     0.000	        1	Delegate/Convolution (NHWC, F32) IGEMM:793
	           Convolution (NHWC, F32) IGEMM	   20.894	   21.884	  0.301%	 88.532%	     0.000	        1	Delegate/Convolution (NHWC, F32) IGEMM:794
	                  Unary Elementwise (NC)	    0.155	    0.166	  0.002%	 88.535%	     0.000	        1	Delegate/Unary Elementwise (NC):795
	           Convolution (NHWC, F32) IGEMM	   13.744	   14.385	  0.198%	 88.733%	     0.000	        1	Delegate/Convolution (NHWC, F32) IGEMM:796
	           Convolution (NHWC, F32) IGEMM	   13.655	   14.310	  0.197%	 88.929%	     0.000	        1	Delegate/Convolution (NHWC, F32) IGEMM:797
	                 Binary Elementwise (ND)	    0.232	    0.238	  0.003%	 88.933%	     0.000	        1	Delegate/Binary Elementwise (ND):798
	                  Unary Elementwise (NC)	    0.696	    0.710	  0.010%	 88.942%	     0.000	        1	Delegate/Unary Elementwise (NC):799
	           Convolution (NHWC, F32) IGEMM	   55.150	   57.794	  0.795%	 89.737%	     0.000	        1	Delegate/Convolution (NHWC, F32) IGEMM:800
	           Convolution (NHWC, F32) IGEMM	   55.139	   57.652	  0.793%	 90.531%	     0.000	        1	Delegate/Convolution (NHWC, F32) IGEMM:801
	                 Binary Elementwise (ND)	    0.998	    1.028	  0.014%	 90.545%	     0.000	        1	Delegate/Binary Elementwise (ND):802
	                     STABLEHLO_COMPOSITE	    2.169	    2.096	  0.029%	 90.574%	     0.000	        1	[wrapper.VDAStepWrapper/video_depth_anything.dpt_temporal.DPTHeadTemporal_head/video_depth_anything.motion_module.motion_module.TemporalModule_0/video_depth_anything.motion_module.motion_module.TemporalTransformer3DModel_temporal_transformer/torch.nn.modules.normalization.GroupNorm_norm;]:900
	                     STABLEHLO_COMPOSITE	    0.997	    0.962	  0.013%	 90.587%	     0.000	        1	[wrapper.VDAStepWrapper/video_depth_anything.dpt_temporal.DPTHeadTemporal_head/video_depth_anything.motion_module.motion_module.TemporalModule_1/video_depth_anything.motion_module.motion_module.TemporalTransformer3DModel_temporal_transformer/torch.nn.modules.normalization.GroupNorm_norm;]:997
	                          Copy (NC, X32)	    0.084	    0.088	  0.004%	 90.590%	     0.000	        3	Delegate/Copy (NC, X32):0
	          Fully Connected (NC, F32) GEMM	    3.604	    1.974	  0.081%	 90.672%	     0.000	        3	Delegate/Fully Connected (NC, F32) GEMM:1
	                          Mean (ND) Mean	    0.084	    0.083	  0.003%	 90.675%	     0.000	        3	Delegate/Mean (ND) Mean:2
	                          Mean (ND) Mean	    0.067	    0.088	  0.004%	 90.679%	     0.000	        3	Delegate/Mean (ND) Mean:5
	                  Unary Elementwise (NC)	    0.003	    0.005	  0.000%	 90.679%	     0.000	        3	Delegate/Unary Elementwise (NC):7
	                          Copy (NC, X32)	    0.000	    0.000	  0.000%	 90.679%	     0.000	        3	Delegate/Copy (NC, X32):10
	                 Binary Elementwise (ND)	    0.066	    0.075	  0.003%	 90.682%	     0.000	        3	Delegate/Binary Elementwise (ND):11
	                          Copy (NC, X32)	    0.000	    0.000	  0.000%	 90.682%	     0.000	        3	Delegate/Copy (NC, X32):12
	                 Binary Elementwise (ND)	    0.062	    0.074	  0.003%	 90.685%	     0.000	        3	Delegate/Binary Elementwise (ND):13
	                 Binary Elementwise (ND)	    0.089	    0.088	  0.004%	 90.689%	     0.000	        3	Delegate/Binary Elementwise (ND):14
	                          Copy (NC, X32)	    0.077	    0.072	  0.003%	 90.692%	     0.000	        3	Delegate/Copy (NC, X32):16
	                          Copy (NC, X32)	    0.995	    1.006	  0.042%	 90.733%	     0.000	        3	Delegate/Copy (NC, X32):17
	          Fully Connected (NC, F32) GEMM	    3.770	    2.012	  0.083%	 90.816%	     0.000	        3	Delegate/Fully Connected (NC, F32) GEMM:20
	                          Copy (NC, X32)	    1.033	    0.993	  0.041%	 90.857%	     0.000	        3	Delegate/Copy (NC, X32):21
	          Fully Connected (NC, F32) GEMM	   32.166	   17.080	  0.705%	 91.562%	     0.000	        3	Delegate/Fully Connected (NC, F32) GEMM:22
	          Fully Connected (NC, F32) GEMM	   31.335	   17.150	  0.708%	 92.270%	     0.000	        3	Delegate/Fully Connected (NC, F32) GEMM:23
	                          Copy (NC, X32)	    0.001	    0.000	  0.000%	 92.270%	     0.000	        3	Delegate/Copy (NC, X32):24
	                          Copy (NC, X32)	    0.000	    0.000	  0.000%	 92.270%	     0.000	        3	Delegate/Copy (NC, X32):25
	           Transpose (ND, X32) Transpose	    1.394	    1.476	  0.061%	 92.331%	     0.000	        3	Delegate/Transpose (ND, X32) Transpose:26
	                          Copy (NC, X32)	    0.001	    0.000	  0.000%	 92.331%	     0.000	        3	Delegate/Copy (NC, X32):27
	                          Copy (NC, X32)	    0.000	    0.000	  0.000%	 92.331%	     0.000	        3	Delegate/Copy (NC, X32):28
	           Transpose (ND, X32) Transpose	    1.299	    1.374	  0.057%	 92.388%	     0.000	        3	Delegate/Transpose (ND, X32) Transpose:29
	                          Copy (NC, X32)	    0.000	    0.000	  0.000%	 92.388%	     0.000	        3	Delegate/Copy (NC, X32):30
	    Batch Matrix Multiply (NC, F32) GEMM	    2.300	    2.562	  0.106%	 92.493%	     0.000	        3	Delegate/Batch Matrix Multiply (NC, F32) GEMM:31
	                       Softmax (NC, F32)	    0.533	    1.164	  0.048%	 92.542%	     0.000	        3	Delegate/Softmax (NC, F32):33
	    Batch Matrix Multiply (NC, F32) GEMM	    6.210	    6.246	  0.258%	 92.799%	     0.000	        3	Delegate/Batch Matrix Multiply (NC, F32) GEMM:34
	                          Copy (NC, X32)	    0.001	    0.001	  0.000%	 92.799%	     0.000	        3	Delegate/Copy (NC, X32):35
	          Fully Connected (NC, F32) GEMM	    3.599	    2.084	  0.086%	 92.885%	     0.000	        3	Delegate/Fully Connected (NC, F32) GEMM:36
	                     STABLEHLO_COMPOSITE	    0.726	    0.728	  0.010%	 92.895%	     0.000	        1	[wrapper.VDAStepWrapper/video_depth_anything.dpt_temporal.DPTHeadTemporal_head/video_depth_anything.motion_module.motion_module.TemporalModule_2/video_depth_anything.motion_module.motion_module.TemporalTransformer3DModel_temporal_transformer/torch.nn.modules.normalization.GroupNorm_norm;]:1104
	                          Copy (NC, X32)	    0.435	    0.479	  0.007%	 92.902%	     0.000	        1	Delegate/Copy (NC, X32):210
	                          Copy (NC, X32)	    0.874	    0.952	  0.013%	 92.915%	     0.000	        1	Delegate/Copy (NC, X32):209
	                          Copy (NC, X32)	    0.856	    0.955	  0.013%	 92.928%	     0.000	        1	Delegate/Copy (NC, X32):208
	                          Copy (NC, X32)	    0.480	    0.524	  0.007%	 92.935%	     0.000	        1	Delegate/Copy (NC, X32):207
	                          Copy (NC, X32)	    0.492	    0.523	  0.007%	 92.943%	     0.000	        1	Delegate/Copy (NC, X32):206
	                          Copy (NC, X32)	    0.988	    1.015	  0.014%	 92.957%	     0.000	        1	Delegate/Copy (NC, X32):205
	                 Binary Elementwise (ND)	    0.052	    0.052	  0.001%	 92.957%	     0.000	        1	Delegate/Binary Elementwise (ND):203
	           Convolution (NHWC, F32) IGEMM	    3.411	    3.591	  0.049%	 93.007%	     0.000	        1	Delegate/Convolution (NHWC, F32) IGEMM:202
	           Convolution (NHWC, F32) IGEMM	    3.397	    3.568	  0.049%	 93.056%	     0.000	        1	Delegate/Convolution (NHWC, F32) IGEMM:201
	                  Unary Elementwise (NC)	    0.036	    0.037	  0.001%	 93.056%	     0.000	        1	Delegate/Unary Elementwise (NC):200
	          Fully Connected (NC, F32) GEMM	    0.389	    0.413	  0.006%	 93.062%	     0.000	        1	Delegate/Fully Connected (NC, F32) GEMM:199
	             Resize Bilinear (NHWC, F32)	    0.058	    0.064	  0.001%	 93.063%	     0.000	        1	Delegate/Resize Bilinear (NHWC, F32):198
	                 Binary Elementwise (ND)	    0.009	    0.010	  0.000%	 93.063%	     0.000	        1	Delegate/Binary Elementwise (ND):197
	           Convolution (NHWC, F32) IGEMM	    0.874	    0.925	  0.013%	 93.076%	     0.000	        1	Delegate/Convolution (NHWC, F32) IGEMM:196
	           Convolution (NHWC, F32) IGEMM	    0.868	    0.910	  0.013%	 93.088%	     0.000	        1	Delegate/Convolution (NHWC, F32) IGEMM:195
	                  Unary Elementwise (NC)	    0.009	    0.009	  0.000%	 93.088%	     0.000	        1	Delegate/Unary Elementwise (NC):194
	           Convolution (NHWC, F32) IGEMM	    5.506	    5.751	  0.079%	 93.167%	     0.000	        1	Delegate/Convolution (NHWC, F32) IGEMM:193
	           Convolution (NHWC, F32) IGEMM	   10.632	   11.127	  0.153%	 93.321%	     0.000	        1	Delegate/Convolution (NHWC, F32) IGEMM:192
	                 Binary Elementwise (ND)	    0.068	    0.070	  0.001%	 93.322%	     0.000	        1	Delegate/Binary Elementwise (ND):191
	          Fully Connected (NC, F32) GEMM	    3.622	    3.794	  0.052%	 93.374%	     0.000	        1	Delegate/Fully Connected (NC, F32) GEMM:189
	                 Binary Elementwise (ND)	    0.088	    0.099	  0.001%	 93.375%	     0.000	        1	Delegate/Binary Elementwise (ND):188
	          Fully Connected (NC, F32) GEMM	   15.960	   15.543	  0.214%	 93.589%	     0.000	        1	Delegate/Fully Connected (NC, F32) GEMM:187
	                 Binary Elementwise (ND)	    0.332	    0.356	  0.005%	 93.594%	     0.000	        1	Delegate/Binary Elementwise (ND):186
	                  Unary Elementwise (NC)	    1.363	    1.409	  0.019%	 93.613%	     0.000	        1	Delegate/Unary Elementwise (NC):185
	                         Slice (ND, X32)	    0.389	    0.427	  0.006%	 93.619%	     0.000	        1	Delegate/Slice (ND, X32):184
	                         Slice (ND, X32)	    0.434	    0.478	  0.007%	 93.626%	     0.000	        1	Delegate/Slice (ND, X32):183
	          Fully Connected (NC, F32) GEMM	   29.052	   30.774	  0.423%	 94.049%	     0.000	        1	Delegate/Fully Connected (NC, F32) GEMM:182
	                 Binary Elementwise (ND)	    0.036	    0.039	  0.001%	 94.049%	     0.000	        1	Delegate/Binary Elementwise (ND):181
	                 Binary Elementwise (ND)	    0.031	    0.034	  0.000%	 94.050%	     0.000	        1	Delegate/Binary Elementwise (ND):179
	                          Copy (NC, X32)	    0.000	    0.000	  0.000%	 94.050%	     0.000	        1	Delegate/Copy (NC, X32):178
	                 Binary Elementwise (ND)	    0.000	    0.001	  0.000%	 94.050%	     0.000	        1	Delegate/Binary Elementwise (ND):177
	                  Unary Elementwise (NC)	    0.001	    0.001	  0.000%	 94.050%	     0.000	        1	Delegate/Unary Elementwise (NC):175
	                          Mean (ND) Mean	    0.033	    0.039	  0.001%	 94.051%	     0.000	        1	Delegate/Mean (ND) Mean:173
	                 Binary Elementwise (ND)	    0.032	    0.036	  0.000%	 94.051%	     0.000	        1	Delegate/Binary Elementwise (ND):172
	                          Copy (NC, X32)	    0.000	    0.000	  0.000%	 94.051%	     0.000	        1	Delegate/Copy (NC, X32):171
	          Fully Connected (NC, F32) GEMM	    3.683	    3.887	  0.053%	 94.104%	     0.000	        1	Delegate/Fully Connected (NC, F32) GEMM:168
	                          Copy (NC, X32)	    0.000	    0.000	  0.000%	 94.104%	     0.000	        1	Delegate/Copy (NC, X32):167
	    Batch Matrix Multiply (NC, F32) GEMM	    2.871	    2.967	  0.041%	 94.145%	     0.000	        1	Delegate/Batch Matrix Multiply (NC, F32) GEMM:166
	                       Softmax (NC, F32)	    0.137	    0.146	  0.002%	 94.147%	     0.000	        1	Delegate/Softmax (NC, F32):165
	                 Binary Elementwise (ND)	    0.009	    0.009	  0.000%	 94.147%	     0.000	        1	Delegate/Binary Elementwise (ND):164
	    Batch Matrix Multiply (NC, F32) GEMM	    1.045	    1.125	  0.015%	 94.163%	     0.000	        1	Delegate/Batch Matrix Multiply (NC, F32) GEMM:163
	                          Copy (NC, X32)	    0.000	    0.000	  0.000%	 94.163%	     0.000	        1	Delegate/Copy (NC, X32):162
	           Transpose (ND, X32) Transpose	    0.516	    0.556	  0.008%	 94.171%	     0.000	        1	Delegate/Transpose (ND, X32) Transpose:161
	                          Copy (NC, X32)	    0.000	    0.000	  0.000%	 94.171%	     0.000	        1	Delegate/Copy (NC, X32):159
	           Transpose (ND, X32) Transpose	    0.604	    0.646	  0.009%	 94.179%	     0.000	        1	Delegate/Transpose (ND, X32) Transpose:158
	                          Copy (NC, X32)	    0.000	    0.000	  0.000%	 94.179%	     0.000	        1	Delegate/Copy (NC, X32):157
	                          Copy (NC, X32)	    0.001	    0.001	  0.000%	 94.179%	     0.000	        1	Delegate/Copy (NC, X32):156
	          Fully Connected (NC, F32) GEMM	   30.727	   32.616	  0.449%	 94.628%	     0.000	        1	Delegate/Fully Connected (NC, F32) GEMM:155
	          Fully Connected (NC, F32) GEMM	   32.146	   33.456	  0.460%	 95.088%	     0.000	        1	Delegate/Fully Connected (NC, F32) GEMM:154
	                          Copy (NC, X32)	    0.553	    0.597	  0.008%	 95.097%	     0.000	        1	Delegate/Copy (NC, X32):153
	          Fully Connected (NC, F32) GEMM	    3.820	    3.950	  0.054%	 95.151%	     0.000	        1	Delegate/Fully Connected (NC, F32) GEMM:152
	                         Slice (ND, X32)	    0.170	    0.183	  0.003%	 95.153%	     0.000	        1	Delegate/Slice (ND, X32):151
	                 Binary Elementwise (ND)	    0.514	    0.586	  0.008%	 95.161%	     0.000	        1	Delegate/Binary Elementwise (ND):150
	                          Copy (NC, X32)	    0.510	    0.573	  0.008%	 95.169%	     0.000	        1	Delegate/Copy (NC, X32):149
	                          Copy (NC, X32)	    0.065	    0.038	  0.001%	 95.170%	     0.000	        1	Delegate/Copy (NC, X32):148
	                 Binary Elementwise (ND)	    0.041	    0.045	  0.001%	 95.171%	     0.000	        1	Delegate/Binary Elementwise (ND):147
	                 Binary Elementwise (ND)	    0.038	    0.041	  0.001%	 95.171%	     0.000	        1	Delegate/Binary Elementwise (ND):146
	                          Mean (ND) Mean	    0.099	    0.101	  0.004%	 95.175%	     0.000	        3	Delegate/Mean (ND) Mean:38
	                          Copy (NC, X32)	    0.001	    0.001	  0.000%	 95.175%	     0.000	        3	Delegate/Copy (NC, X32):39
	                          Mean (ND) Mean	    0.094	    0.100	  0.004%	 95.179%	     0.000	        3	Delegate/Mean (ND) Mean:41
	                  Unary Elementwise (NC)	    0.002	    0.005	  0.000%	 95.180%	     0.000	        3	Delegate/Unary Elementwise (NC):43
	                          Copy (NC, X32)	    0.000	    0.000	  0.000%	 95.180%	     0.000	        3	Delegate/Copy (NC, X32):46
	                          Copy (NC, X32)	    0.000	    0.000	  0.000%	 95.180%	     0.000	        3	Delegate/Copy (NC, X32):48
	                          Copy (NC, X32)	    0.078	    0.075	  0.003%	 95.183%	     0.000	        3	Delegate/Copy (NC, X32):52
	                          Copy (NC, X32)	    1.009	    1.035	  0.043%	 95.225%	     0.000	        3	Delegate/Copy (NC, X32):53
	                 Binary Elementwise (ND)	    1.006	    1.027	  0.042%	 95.268%	     0.000	        3	Delegate/Binary Elementwise (ND):54
	                         Slice (ND, X32)	    0.315	    0.265	  0.011%	 95.279%	     0.000	        3	Delegate/Slice (ND, X32):55
	          Fully Connected (NC, F32) GEMM	    3.706	    2.107	  0.087%	 95.366%	     0.000	        3	Delegate/Fully Connected (NC, F32) GEMM:56
	                          Copy (NC, X32)	    1.001	    1.026	  0.042%	 95.408%	     0.000	        3	Delegate/Copy (NC, X32):57
	          Fully Connected (NC, F32) GEMM	   33.537	   17.885	  0.738%	 96.146%	     0.000	        3	Delegate/Fully Connected (NC, F32) GEMM:58
	          Fully Connected (NC, F32) GEMM	   36.096	   17.746	  0.732%	 96.879%	     0.000	        3	Delegate/Fully Connected (NC, F32) GEMM:59
	                          Copy (NC, X32)	    0.001	    0.000	  0.000%	 96.879%	     0.000	        3	Delegate/Copy (NC, X32):60
	                          Copy (NC, X32)	    0.000	    0.000	  0.000%	 96.879%	     0.000	        3	Delegate/Copy (NC, X32):61
	                          Copy (NC, X32)	    0.001	    0.000	  0.000%	 96.879%	     0.000	        3	Delegate/Copy (NC, X32):63
	                          Copy (NC, X32)	    0.000	    0.000	  0.000%	 96.879%	     0.000	        3	Delegate/Copy (NC, X32):64
	           Transpose (ND, X32) Transpose	    1.399	    1.477	  0.061%	 96.940%	     0.000	        3	Delegate/Transpose (ND, X32) Transpose:65
	                          Copy (NC, X32)	    0.000	    0.000	  0.000%	 96.940%	     0.000	        3	Delegate/Copy (NC, X32):66
	    Batch Matrix Multiply (NC, F32) GEMM	    2.357	    2.607	  0.108%	 97.047%	     0.000	        3	Delegate/Batch Matrix Multiply (NC, F32) GEMM:67
	                       Softmax (NC, F32)	    0.534	    1.172	  0.048%	 97.095%	     0.000	        3	Delegate/Softmax (NC, F32):69
	    Batch Matrix Multiply (NC, F32) GEMM	    6.350	    6.355	  0.262%	 97.358%	     0.000	        3	Delegate/Batch Matrix Multiply (NC, F32) GEMM:70
	                          Copy (NC, X32)	    0.001	    0.001	  0.000%	 97.358%	     0.000	        3	Delegate/Copy (NC, X32):71
	          Fully Connected (NC, F32) GEMM	    3.799	    2.050	  0.085%	 97.442%	     0.000	        3	Delegate/Fully Connected (NC, F32) GEMM:72
	                 Binary Elementwise (ND)	    0.196	    0.185	  0.008%	 97.450%	     0.000	        3	Delegate/Binary Elementwise (ND):73
	                          Mean (ND) Mean	    0.101	    0.101	  0.004%	 97.454%	     0.000	        3	Delegate/Mean (ND) Mean:74
	                          Copy (NC, X32)	    0.001	    0.001	  0.000%	 97.454%	     0.000	        3	Delegate/Copy (NC, X32):75
	                          Mean (ND) Mean	    0.091	    0.097	  0.004%	 97.458%	     0.000	        3	Delegate/Mean (ND) Mean:77
	                  Unary Elementwise (NC)	    0.002	    0.005	  0.000%	 97.458%	     0.000	        3	Delegate/Unary Elementwise (NC):79
	                 Binary Elementwise (ND)	    0.001	    0.001	  0.000%	 97.458%	     0.000	        3	Delegate/Binary Elementwise (ND):81
	                          Copy (NC, X32)	    0.000	    0.000	  0.000%	 97.458%	     0.000	        3	Delegate/Copy (NC, X32):82
	                 Binary Elementwise (ND)	    0.113	    0.114	  0.005%	 97.463%	     0.000	        3	Delegate/Binary Elementwise (ND):83
	                          Copy (NC, X32)	    0.000	    0.000	  0.000%	 97.463%	     0.000	        3	Delegate/Copy (NC, X32):84
	          Fully Connected (NC, F32) GEMM	   34.569	   16.641	  0.687%	 98.150%	     0.000	        3	Delegate/Fully Connected (NC, F32) GEMM:86
	                         Slice (ND, X32)	    1.404	    0.968	  0.040%	 98.190%	     0.000	        3	Delegate/Slice (ND, X32):87
	                         Slice (ND, X32)	    1.128	    0.812	  0.034%	 98.223%	     0.000	        3	Delegate/Slice (ND, X32):88
	                  Unary Elementwise (NC)	    3.065	    2.539	  0.105%	 98.328%	     0.000	        3	Delegate/Unary Elementwise (NC):89
	          Fully Connected (NC, F32) GEMM	   16.600	    8.143	  0.336%	 98.664%	     0.000	        3	Delegate/Fully Connected (NC, F32) GEMM:91
	                 Binary Elementwise (ND)	    0.241	    0.181	  0.007%	 98.672%	     0.000	        3	Delegate/Binary Elementwise (ND):92
	          Fully Connected (NC, F32) GEMM	    4.172	    1.993	  0.082%	 98.754%	     0.000	        3	Delegate/Fully Connected (NC, F32) GEMM:93
	                          Copy (NC, X32)	    0.001	    0.000	  0.000%	 98.754%	     0.000	        3	Delegate/Copy (NC, X32):94
	                 Binary Elementwise (ND)	    0.242	    0.199	  0.008%	 98.762%	     0.000	        3	Delegate/Binary Elementwise (ND):95
	                          Copy (NC, X32)	    0.096	    0.075	  0.001%	 98.763%	     0.000	        1	Delegate/Copy (NC, X32):96
	          Fully Connected (NC, F32) GEMM	    4.322	    3.893	  0.054%	 98.817%	     0.000	        1	Delegate/Fully Connected (NC, F32) GEMM:97
	                          Mean (ND) Mean	    0.035	    0.033	  0.000%	 98.817%	     0.000	        1	Delegate/Mean (ND) Mean:98
	                          Copy (NC, X32)	    0.001	    0.000	  0.000%	 98.817%	     0.000	        1	Delegate/Copy (NC, X32):99
	                          Mean (ND) Mean	    0.032	    0.028	  0.000%	 98.818%	     0.000	        1	Delegate/Mean (ND) Mean:101
	                  Unary Elementwise (NC)	    0.001	    0.001	  0.000%	 98.818%	     0.000	        1	Delegate/Unary Elementwise (NC):103
	                          Copy (NC, X32)	    0.000	    0.153	  0.004%	 98.822%	     0.000	        2	Delegate/Copy (NC, X32):106
	                          Copy (NC, X32)	    0.000	    0.000	  0.000%	 98.822%	     0.000	        1	Delegate/Copy (NC, X32):108
	                 Binary Elementwise (ND)	    0.042	    0.039	  0.001%	 98.822%	     0.000	        1	Delegate/Binary Elementwise (ND):110
	                 Binary Elementwise (ND)	    0.047	    0.047	  0.001%	 98.823%	     0.000	        1	Delegate/Binary Elementwise (ND):111
	                          Copy (NC, X32)	    0.711	    0.566	  0.008%	 98.831%	     0.000	        1	Delegate/Copy (NC, X32):113
	                 Binary Elementwise (ND)	    0.747	    0.576	  0.008%	 98.839%	     0.000	        1	Delegate/Binary Elementwise (ND):114
	                         Slice (ND, X32)	    0.228	    0.190	  0.003%	 98.841%	     0.000	        1	Delegate/Slice (ND, X32):115
	          Fully Connected (NC, F32) GEMM	    4.277	    3.880	  0.053%	 98.895%	     0.000	        1	Delegate/Fully Connected (NC, F32) GEMM:116
	                          Copy (NC, X32)	    0.847	    0.950	  0.026%	 98.921%	     0.000	        2	Delegate/Copy (NC, X32):117
	          Fully Connected (NC, F32) GEMM	   34.980	   34.083	  0.469%	 99.390%	     0.000	        1	Delegate/Fully Connected (NC, F32) GEMM:118
	          Fully Connected (NC, F32) GEMM	   31.186	   33.092	  0.455%	 99.845%	     0.000	        1	Delegate/Fully Connected (NC, F32) GEMM:119
	                          Copy (NC, X32)	    0.001	    0.601	  0.017%	 99.861%	     0.000	        2	Delegate/Copy (NC, X32):120
	                          Copy (NC, X32)	    0.000	    0.000	  0.000%	 99.861%	     0.000	        1	Delegate/Copy (NC, X32):121
	           Transpose (ND, X32) Transpose	    0.616	    0.688	  0.009%	 99.871%	     0.000	        1	Delegate/Transpose (ND, X32) Transpose:122
	                          Copy (NC, X32)	    0.000	    0.001	  0.000%	 99.871%	     0.000	        1	Delegate/Copy (NC, X32):123
	           Transpose (ND, X32) Transpose	    0.587	    0.651	  0.009%	 99.880%	     0.000	        1	Delegate/Transpose (ND, X32) Transpose:125
	                          Copy (NC, X32)	    0.000	    0.000	  0.000%	 99.880%	     0.000	        1	Delegate/Copy (NC, X32):126
	                 Binary Elementwise (ND)	    0.033	    0.036	  0.000%	 99.880%	     0.000	        1	Delegate/Binary Elementwise (ND):145
	                 Binary Elementwise (ND)	    0.030	    0.033	  0.000%	 99.881%	     0.000	        1	Delegate/Binary Elementwise (ND):143
	                 Binary Elementwise (ND)	    0.000	    0.000	  0.000%	 99.881%	     0.000	        1	Delegate/Binary Elementwise (ND):141
	                 Binary Elementwise (ND)	    0.000	    0.000	  0.000%	 99.881%	     0.000	        1	Delegate/Binary Elementwise (ND):140
	                  Unary Elementwise (NC)	    0.001	    0.001	  0.000%	 99.881%	     0.000	        1	Delegate/Unary Elementwise (NC):139
	                 Binary Elementwise (ND)	    0.001	    0.001	  0.000%	 99.881%	     0.000	        1	Delegate/Binary Elementwise (ND):138
	                          Mean (ND) Mean	    0.032	    0.037	  0.001%	 99.881%	     0.000	        1	Delegate/Mean (ND) Mean:137
	    Batch Matrix Multiply (NC, F32) GEMM	    1.083	    1.150	  0.016%	 99.897%	     0.000	        1	Delegate/Batch Matrix Multiply (NC, F32) GEMM:127
	                 Binary Elementwise (ND)	    0.010	    0.009	  0.000%	 99.897%	     0.000	        1	Delegate/Binary Elementwise (ND):128
	                       Softmax (NC, F32)	    0.137	    0.150	  0.002%	 99.899%	     0.000	        1	Delegate/Softmax (NC, F32):129
	    Batch Matrix Multiply (NC, F32) GEMM	    2.869	    3.209	  0.044%	 99.944%	     0.000	        1	Delegate/Batch Matrix Multiply (NC, F32) GEMM:130
	                          Copy (NC, X32)	    0.000	    0.000	  0.000%	 99.944%	     0.000	        1	Delegate/Copy (NC, X32):131
	          Fully Connected (NC, F32) GEMM	    3.675	    3.950	  0.054%	 99.998%	     0.000	        1	Delegate/Fully Connected (NC, F32) GEMM:132
	                 Binary Elementwise (ND)	    0.079	    0.089	  0.001%	 99.999%	     0.000	        1	Delegate/Binary Elementwise (ND):133
	                          Mean (ND) Mean	    0.029	    0.032	  0.000%	100.000%	     0.000	        1	Delegate/Mean (ND) Mean:134
	                          Copy (NC, X32)	    0.000	    0.000	  0.000%	100.000%	     0.000	        1	Delegate/Copy (NC, X32):135
	                 Binary Elementwise (ND)	    0.032	    0.035	  0.000%	100.000%	     0.000	        1	Delegate/Binary Elementwise (ND):136

============================== Top by Computation Time ==============================
	                             [node type]	  [first]	 [avg ms]	     [%]	  [cdf%]	  [mem KB]	[times called]	[Name]
	           Convolution (NHWC, F32) IGEMM	  166.827	  175.020	  2.408%	  2.408%	     0.000	        1	Delegate/Convolution (NHWC, F32) IGEMM:112
	           Convolution (NHWC, F32) IGEMM	  120.104	  118.177	  1.626%	  4.033%	     0.000	        1	Delegate/Convolution (NHWC, F32) IGEMM:110
	    Batch Matrix Multiply (NC, F32) GEMM	  101.552	  108.783	  1.496%	  5.530%	     0.000	        1	Delegate/Batch Matrix Multiply (NC, F32) GEMM:355
	    Batch Matrix Multiply (NC, F32) GEMM	  100.620	  107.581	  1.480%	  7.010%	     0.000	        1	Delegate/Batch Matrix Multiply (NC, F32) GEMM:196
	    Batch Matrix Multiply (NC, F32) GEMM	  104.702	  107.279	  1.476%	  8.486%	     0.000	        1	Delegate/Batch Matrix Multiply (NC, F32) GEMM:726
	    Batch Matrix Multiply (NC, F32) GEMM	   99.228	  107.138	  1.474%	  9.959%	     0.000	        1	Delegate/Batch Matrix Multiply (NC, F32) GEMM:461
	    Batch Matrix Multiply (NC, F32) GEMM	  101.776	  107.034	  1.472%	 11.432%	     0.000	        1	Delegate/Batch Matrix Multiply (NC, F32) GEMM:408
	    Batch Matrix Multiply (NC, F32) GEMM	   98.618	  106.644	  1.467%	 12.899%	     0.000	        1	Delegate/Batch Matrix Multiply (NC, F32) GEMM:249
	    Batch Matrix Multiply (NC, F32) GEMM	  112.716	  105.743	  1.455%	 14.354%	     0.000	        1	Delegate/Batch Matrix Multiply (NC, F32) GEMM:721
	    Batch Matrix Multiply (NC, F32) GEMM	   99.436	  105.295	  1.448%	 15.802%	     0.000	        1	Delegate/Batch Matrix Multiply (NC, F32) GEMM:456

Number of nodes executed: 1119
============================== Summary by node type ==============================
	                             [Node type]	  [count]	  [avg ms]	    [avg %]	    [cdf %]	  [mem KB]	[times called]
	          Fully Connected (NC, F32) GEMM	       80	  2883.746	    39.673%	    39.673%	     0.000	      105
	    Batch Matrix Multiply (NC, F32) GEMM	       32	  2564.352	    35.279%	    74.951%	     0.000	       40
	           Convolution (NHWC, F32) IGEMM	       20	   752.815	    10.357%	    85.308%	     0.000	       22
	                       Softmax (NC, F32)	       16	   566.015	     7.787%	    93.095%	     0.000	       20
	                 Binary Elementwise (ND)	      327	    94.662	     1.302%	    94.397%	     0.000	      426
	           Transpose (ND, X32) Transpose	       87	    80.078	     1.102%	    95.499%	     0.000	       96
	                  Unary Elementwise (NC)	       52	    78.318	     1.077%	    96.576%	     0.000	       61
	                               GATHER_ND	       32	    72.319	     0.995%	    97.571%	     0.000	       32
	                           CONCATENATION	       32	    59.261	     0.815%	    98.387%	     0.000	       32
	                          Copy (NC, X32)	      273	    34.778	     0.478%	    98.865%	     0.000	      344
	                         Slice (ND, X32)	       63	    28.278	     0.389%	    99.254%	     0.000	       72
	             Resize Bilinear (NHWC, F32)	        6	    16.576	     0.228%	    99.482%	     0.000	        7
	     Deconvolution (NHWC, F32) Subconv2D	        2	    13.753	     0.189%	    99.671%	     0.000	        2
	                          Mean (ND) Mean	       61	    11.866	     0.163%	    99.835%	     0.000	       74
	                     STABLEHLO_COMPOSITE	        4	     6.603	     0.091%	    99.925%	     0.000	        4
	                            BROADCAST_TO	       16	     5.421	     0.075%	   100.000%	     0.000	       16
	                                 RESHAPE	       16	     0.000	     0.000%	   100.000%	     0.000	       16

Timings (microseconds): count=10 first=6982188 curr=7279489 min=6982188 max=7384093 avg=7.26927e+06 std=103304
Memory (bytes): count=0
1119 nodes observed

Subgraph (index: 1, name: odml.group_norm.impl) profile:
============================== Run Order ==============================
	                             [node type]	  [first]	 [avg ms]	     [%]	  [cdf%]	  [mem KB]	[times called]	[Name]
	           Transpose (ND, X32) Transpose	    0.267	    0.271	 14.478%	 14.478%	     0.000	        1	Delegate/Transpose (ND, X32) Transpose:4
	                 Binary Elementwise (ND)	    0.091	    0.091	  4.864%	 19.342%	     0.000	        1	Delegate/Binary Elementwise (ND):2
	                          Copy (NC, X32)	    0.000	    0.000	  0.000%	 19.342%	     0.000	        1	Delegate/Copy (NC, X32):0
	                               GATHER_ND	    0.001	    0.002	  0.102%	 19.444%	     0.000	        1	[wrapper.VDAStepWrapper/video_depth_anything.dpt_temporal.DPTHeadTemporal_head/video_depth_anything.motion_module.motion_module.TemporalModule_0/video_depth_anything.motion_module.motion_module.TemporalTransformer3DModel_temporal_transformer/video_depth_anything.motion_module.motion_module.TemporalTransformerBlock_0/torch.nn.modules.normalization.LayerNorm_ff_norm;;wrapper.VDAStepWrapper/video_depth_anything.dpt_temporal.DPTHeadTemporal_head/video_depth_anything.motion_module.motion_module.TemporalModule_0/video_depth_anything.motion_module.motion_module.TemporalTransformer3DModel_temporal_transformer/video_depth_anything.motion_module.motion_module.TemporalTransformerBlock_0/video_depth_anything.motion_module.attention.FeedForward_ff/video_depth_anything.motion_module.attention.GEGLU_0/torch.nn.modules.linear.Linear_proj;]:21
	                               GATHER_ND	    0.005	    0.005	  0.278%	 19.722%	     0.000	        1	[wrapper.VDAStepWrapper/video_depth_anything.dpt_temporal.DPTHeadTemporal_head/video_depth_anything.motion_module.motion_module.TemporalModule_0/video_depth_anything.motion_module.motion_module.TemporalTransformer3DModel_temporal_transformer/torch.nn.modules.linear.Linear_proj_out;]:19
	                          Copy (NC, X32)	    0.000	    0.000	  0.000%	 19.722%	     0.000	        1	Delegate/Copy (NC, X32):19
	                          Copy (NC, X32)	    0.000	    0.000	  0.000%	 19.722%	     0.000	        1	Delegate/Copy (NC, X32):18
	                 Binary Elementwise (ND)	    0.000	    0.000	  0.000%	 19.722%	     0.000	        1	Delegate/Binary Elementwise (ND):17
	                          Copy (NC, X32)	    0.000	    0.000	  0.000%	 19.722%	     0.000	        1	Delegate/Copy (NC, X32):16
	                 Binary Elementwise (ND)	    0.000	    0.000	  0.000%	 19.722%	     0.000	        1	Delegate/Binary Elementwise (ND):15
	                 Binary Elementwise (ND)	    0.000	    0.000	  0.000%	 19.722%	     0.000	        1	Delegate/Binary Elementwise (ND):14
	                 Binary Elementwise (ND)	    0.000	    0.000	  0.000%	 19.722%	     0.000	        1	Delegate/Binary Elementwise (ND):13
	                          Copy (NC, X32)	    0.001	    0.000	  0.021%	 19.743%	     0.000	        1	Delegate/Copy (NC, X32):12
	                  Unary Elementwise (NC)	    0.000	    0.000	  0.005%	 19.749%	     0.000	        1	Delegate/Unary Elementwise (NC):11
	                          Copy (NC, X32)	    0.000	    0.000	  0.000%	 19.749%	     0.000	        1	Delegate/Copy (NC, X32):10
	                 Binary Elementwise (ND)	    0.001	    0.000	  0.005%	 19.754%	     0.000	        1	Delegate/Binary Elementwise (ND):9
	                 Binary Elementwise (ND)	    0.000	    0.000	  0.000%	 19.754%	     0.000	        1	Delegate/Binary Elementwise (ND):8
	                           Sum (ND) Mean	    0.089	    0.085	  4.559%	 24.312%	     0.000	        1	Delegate/Sum (ND) Mean:7
	                 Binary Elementwise (ND)	    0.106	    0.116	  6.180%	 30.492%	     0.000	        1	Delegate/Binary Elementwise (ND):6
	                 Binary Elementwise (ND)	    0.149	    0.105	  5.629%	 36.121%	     0.000	        1	Delegate/Binary Elementwise (ND):5
	                          Copy (NC, X32)	    0.000	    0.000	  0.000%	 36.121%	     0.000	        1	Delegate/Copy (NC, X32):4
	                 Binary Elementwise (ND)	    0.000	    0.045	  4.864%	 40.984%	     0.000	        2	Delegate/Binary Elementwise (ND):3
	                           Sum (ND) Mean	    0.089	    0.084	  4.510%	 45.495%	     0.000	        1	Delegate/Sum (ND) Mean:2
	                          Copy (NC, X32)	    0.081	    0.043	  4.569%	 50.064%	     0.000	        2	Delegate/Copy (NC, X32):1
	           Transpose (ND, X32) Transpose	    0.826	    0.851	 45.532%	 95.597%	     0.000	        1	Delegate/Transpose (ND, X32) Transpose:0
	                         AllocateTensors	    0.131	    0.082	  4.403%	100.000%	     0.000	        1	AllocateTensors/1

============================== Top by Computation Time ==============================
	                             [node type]	  [first]	 [avg ms]	     [%]	  [cdf%]	  [mem KB]	[times called]	[Name]
	           Transpose (ND, X32) Transpose	    0.826	    0.851	 45.532%	 45.532%	     0.000	        1	Delegate/Transpose (ND, X32) Transpose:0
	           Transpose (ND, X32) Transpose	    0.267	    0.271	 14.478%	 60.011%	     0.000	        1	Delegate/Transpose (ND, X32) Transpose:4
	                 Binary Elementwise (ND)	    0.106	    0.116	  6.180%	 66.190%	     0.000	        1	Delegate/Binary Elementwise (ND):6
	                 Binary Elementwise (ND)	    0.149	    0.105	  5.629%	 71.819%	     0.000	        1	Delegate/Binary Elementwise (ND):5
	                 Binary Elementwise (ND)	    0.091	    0.091	  4.864%	 76.683%	     0.000	        1	Delegate/Binary Elementwise (ND):2
	                           Sum (ND) Mean	    0.089	    0.085	  4.559%	 81.241%	     0.000	        1	Delegate/Sum (ND) Mean:7
	                           Sum (ND) Mean	    0.089	    0.084	  4.510%	 85.752%	     0.000	        1	Delegate/Sum (ND) Mean:2
	                         AllocateTensors	    0.131	    0.082	  4.403%	 90.155%	     0.000	        1	AllocateTensors/1
	                 Binary Elementwise (ND)	    0.000	    0.045	  4.864%	 95.019%	     0.000	        2	Delegate/Binary Elementwise (ND):3
	                          Copy (NC, X32)	    0.081	    0.043	  4.569%	 99.588%	     0.000	        2	Delegate/Copy (NC, X32):1

Number of nodes executed: 26
============================== Summary by node type ==============================
	                             [Node type]	  [count]	  [avg ms]	    [avg %]	    [cdf %]	  [mem KB]	[times called]
	           Transpose (ND, X32) Transpose	        2	     1.121	    60.172%	    60.172%	     0.000	        2
	                 Binary Elementwise (ND)	       10	     0.400	    21.471%	    81.643%	     0.000	       11
	                           Sum (ND) Mean	        2	     0.169	     9.071%	    90.714%	     0.000	        2
	                          Copy (NC, X32)	        8	     0.085	     4.563%	    95.276%	     0.000	        9
	                         AllocateTensors	        1	     0.082	     4.402%	    99.678%	     0.000	        1
	                               GATHER_ND	        2	     0.006	     0.322%	   100.000%	     0.000	        2
	                  Unary Elementwise (NC)	        1	     0.000	     0.000%	   100.000%	     0.000	        1

Subgraph (index: 1, name: odml.group_norm.impl) Timings (microseconds): count=10 first=1925 curr=1827 min=1795 max=1936 avg=1869 std=45
Memory (bytes): count=0
26 nodes observed

Subgraph (index: 2, name: odml.group_norm.impl_0) profile:
============================== Run Order ==============================
	                             [node type]	  [first]	 [avg ms]	     [%]	  [cdf%]	  [mem KB]	[times called]	[Name]
	           Transpose (ND, X32) Transpose	    0.137	    0.146	 17.198%	 17.198%	     0.000	        1	Delegate/Transpose (ND, X32) Transpose:4
	                 Binary Elementwise (ND)	    0.039	    0.039	  4.576%	 21.774%	     0.000	        1	Delegate/Binary Elementwise (ND):2
	                          Copy (NC, X32)	    0.000	    0.000	  0.000%	 21.774%	     0.000	        1	Delegate/Copy (NC, X32):0
	                               GATHER_ND	    0.003	    0.003	  0.341%	 22.115%	     0.000	        1	[wrapper.VDAStepWrapper/video_depth_anything.dpt_temporal.DPTHeadTemporal_head/video_depth_anything.motion_module.motion_module.TemporalModule_0/video_depth_anything.motion_module.motion_module.TemporalTransformer3DModel_temporal_transformer/video_depth_anything.motion_module.motion_module.TemporalTransformerBlock_0/torch.nn.modules.normalization.LayerNorm_ff_norm;;wrapper.VDAStepWrapper/video_depth_anything.dpt_temporal.DPTHeadTemporal_head/video_depth_anything.motion_module.motion_module.TemporalModule_0/video_depth_anything.motion_module.motion_module.TemporalTransformer3DModel_temporal_transformer/video_depth_anything.motion_module.motion_module.TemporalTransformerBlock_0/video_depth_anything.motion_module.attention.FeedForward_ff/video_depth_anything.motion_module.attention.GEGLU_0/torch.nn.modules.linear.Linear_proj;]:21
	                               GATHER_ND	    0.006	    0.006	  0.741%	 22.856%	     0.000	        1	[wrapper.VDAStepWrapper/video_depth_anything.dpt_temporal.DPTHeadTemporal_head/video_depth_anything.motion_module.motion_module.TemporalModule_0/video_depth_anything.motion_module.motion_module.TemporalTransformer3DModel_temporal_transformer/torch.nn.modules.linear.Linear_proj_out;]:19
	                          Copy (NC, X32)	    0.000	    0.000	  0.000%	 22.856%	     0.000	        1	Delegate/Copy (NC, X32):19
	                          Copy (NC, X32)	    0.003	    0.003	  0.306%	 23.162%	     0.000	        1	Delegate/Copy (NC, X32):18
	                 Binary Elementwise (ND)	    0.000	    0.000	  0.000%	 23.162%	     0.000	        1	Delegate/Binary Elementwise (ND):17
	                          Copy (NC, X32)	    0.000	    0.000	  0.000%	 23.162%	     0.000	        1	Delegate/Copy (NC, X32):16
	                 Binary Elementwise (ND)	    0.000	    0.000	  0.000%	 23.162%	     0.000	        1	Delegate/Binary Elementwise (ND):15
	                 Binary Elementwise (ND)	    0.000	    0.000	  0.000%	 23.162%	     0.000	        1	Delegate/Binary Elementwise (ND):14
	                 Binary Elementwise (ND)	    0.000	    0.000	  0.000%	 23.162%	     0.000	        1	Delegate/Binary Elementwise (ND):13
	                          Copy (NC, X32)	    0.000	    0.000	  0.000%	 23.162%	     0.000	        1	Delegate/Copy (NC, X32):12
	                  Unary Elementwise (NC)	    0.000	    0.000	  0.000%	 23.162%	     0.000	        1	Delegate/Unary Elementwise (NC):11
	                          Copy (NC, X32)	    0.000	    0.000	  0.000%	 23.162%	     0.000	        1	Delegate/Copy (NC, X32):10
	                 Binary Elementwise (ND)	    0.000	    0.000	  0.000%	 23.162%	     0.000	        1	Delegate/Binary Elementwise (ND):9
	                 Binary Elementwise (ND)	    0.000	    0.000	  0.000%	 23.162%	     0.000	        1	Delegate/Binary Elementwise (ND):8
	                           Sum (ND) Mean	    0.047	    0.040	  4.729%	 27.891%	     0.000	        1	Delegate/Sum (ND) Mean:7
	                 Binary Elementwise (ND)	    0.044	    0.047	  5.529%	 33.420%	     0.000	        1	Delegate/Binary Elementwise (ND):6
	                 Binary Elementwise (ND)	    0.038	    0.038	  4.517%	 37.937%	     0.000	        1	Delegate/Binary Elementwise (ND):5
	                          Copy (NC, X32)	    0.000	    0.000	  0.000%	 37.937%	     0.000	        1	Delegate/Copy (NC, X32):4
	                 Binary Elementwise (ND)	    0.000	    0.018	  4.258%	 42.195%	     0.000	        2	Delegate/Binary Elementwise (ND):3
	                           Sum (ND) Mean	    0.032	    0.029	  3.388%	 45.583%	     0.000	        1	Delegate/Sum (ND) Mean:2
	                          Copy (NC, X32)	    0.036	    0.019	  4.447%	 50.029%	     0.000	        2	Delegate/Copy (NC, X32):1
	           Transpose (ND, X32) Transpose	    0.404	    0.371	 43.642%	 93.671%	     0.000	        1	Delegate/Transpose (ND, X32) Transpose:0
	                         AllocateTensors	    0.066	    0.054	  6.329%	100.000%	     0.000	        1	AllocateTensors/2

============================== Top by Computation Time ==============================
	                             [node type]	  [first]	 [avg ms]	     [%]	  [cdf%]	  [mem KB]	[times called]	[Name]
	           Transpose (ND, X32) Transpose	    0.404	    0.371	 43.642%	 43.642%	     0.000	        1	Delegate/Transpose (ND, X32) Transpose:0
	           Transpose (ND, X32) Transpose	    0.137	    0.146	 17.198%	 60.840%	     0.000	        1	Delegate/Transpose (ND, X32) Transpose:4
	                         AllocateTensors	    0.066	    0.054	  6.329%	 67.169%	     0.000	        1	AllocateTensors/2
	                 Binary Elementwise (ND)	    0.044	    0.047	  5.529%	 72.697%	     0.000	        1	Delegate/Binary Elementwise (ND):6
	                           Sum (ND) Mean	    0.047	    0.040	  4.729%	 77.426%	     0.000	        1	Delegate/Sum (ND) Mean:7
	                 Binary Elementwise (ND)	    0.039	    0.039	  4.576%	 82.002%	     0.000	        1	Delegate/Binary Elementwise (ND):2
	                 Binary Elementwise (ND)	    0.038	    0.038	  4.517%	 86.519%	     0.000	        1	Delegate/Binary Elementwise (ND):5
	                           Sum (ND) Mean	    0.032	    0.029	  3.388%	 89.907%	     0.000	        1	Delegate/Sum (ND) Mean:2
	                          Copy (NC, X32)	    0.036	    0.019	  4.447%	 94.354%	     0.000	        2	Delegate/Copy (NC, X32):1
	                 Binary Elementwise (ND)	    0.000	    0.018	  4.258%	 98.612%	     0.000	        2	Delegate/Binary Elementwise (ND):3

Number of nodes executed: 26
============================== Summary by node type ==============================
	                             [Node type]	  [count]	  [avg ms]	    [avg %]	    [cdf %]	  [mem KB]	[times called]
	           Transpose (ND, X32) Transpose	        2	     0.517	    61.256%	    61.256%	     0.000	        2
	                 Binary Elementwise (ND)	       10	     0.159	    18.839%	    80.095%	     0.000	       11
	                           Sum (ND) Mean	        2	     0.068	     8.057%	    88.152%	     0.000	        2
	                         AllocateTensors	        1	     0.053	     6.280%	    94.431%	     0.000	        1
	                          Copy (NC, X32)	        8	     0.039	     4.621%	    99.052%	     0.000	        9
	                               GATHER_ND	        2	     0.008	     0.948%	   100.000%	     0.000	        2
	                  Unary Elementwise (NC)	        1	     0.000	     0.000%	   100.000%	     0.000	        1

Subgraph (index: 2, name: odml.group_norm.impl_0) Timings (microseconds): count=10 first=890 curr=823 min=799 max=915 avg=850.1 std=34
Memory (bytes): count=0
26 nodes observed

Subgraph (index: 3, name: odml.group_norm.impl_1) profile:
============================== Run Order ==============================
	                             [node type]	  [first]	 [avg ms]	     [%]	  [cdf%]	  [mem KB]	[times called]	[Name]
	           Transpose (ND, X32) Transpose	    0.092	    0.099	 15.795%	 15.795%	     0.000	        1	Delegate/Transpose (ND, X32) Transpose:4
	                 Binary Elementwise (ND)	    0.024	    0.024	  3.766%	 19.561%	     0.000	        1	Delegate/Binary Elementwise (ND):2
	                          Copy (NC, X32)	    0.000	    0.000	  0.000%	 19.561%	     0.000	        1	Delegate/Copy (NC, X32):0
	                               GATHER_ND	    0.000	    0.001	  0.143%	 19.704%	     0.000	        1	[wrapper.VDAStepWrapper/video_depth_anything.dpt_temporal.DPTHeadTemporal_head/video_depth_anything.motion_module.motion_module.TemporalModule_0/video_depth_anything.motion_module.motion_module.TemporalTransformer3DModel_temporal_transformer/video_depth_anything.motion_module.motion_module.TemporalTransformerBlock_0/torch.nn.modules.normalization.LayerNorm_ff_norm;;wrapper.VDAStepWrapper/video_depth_anything.dpt_temporal.DPTHeadTemporal_head/video_depth_anything.motion_module.motion_module.TemporalModule_0/video_depth_anything.motion_module.motion_module.TemporalTransformer3DModel_temporal_transformer/video_depth_anything.motion_module.motion_module.TemporalTransformerBlock_0/video_depth_anything.motion_module.attention.FeedForward_ff/video_depth_anything.motion_module.attention.GEGLU_0/torch.nn.modules.linear.Linear_proj;]:21
	                               GATHER_ND	    0.003	    0.003	  0.540%	 20.245%	     0.000	        1	[wrapper.VDAStepWrapper/video_depth_anything.dpt_temporal.DPTHeadTemporal_head/video_depth_anything.motion_module.motion_module.TemporalModule_0/video_depth_anything.motion_module.motion_module.TemporalTransformer3DModel_temporal_transformer/torch.nn.modules.linear.Linear_proj_out;]:19
	                          Copy (NC, X32)	    0.000	    0.000	  0.000%	 20.245%	     0.000	        1	Delegate/Copy (NC, X32):19
	                          Copy (NC, X32)	    0.000	    0.000	  0.000%	 20.245%	     0.000	        1	Delegate/Copy (NC, X32):18
	                 Binary Elementwise (ND)	    0.000	    0.000	  0.000%	 20.245%	     0.000	        1	Delegate/Binary Elementwise (ND):17
	                          Copy (NC, X32)	    0.000	    0.000	  0.000%	 20.245%	     0.000	        1	Delegate/Copy (NC, X32):16
	                 Binary Elementwise (ND)	    0.000	    0.000	  0.000%	 20.245%	     0.000	        1	Delegate/Binary Elementwise (ND):15
	                 Binary Elementwise (ND)	    0.000	    0.000	  0.016%	 20.261%	     0.000	        1	Delegate/Binary Elementwise (ND):14
	                 Binary Elementwise (ND)	    0.000	    0.000	  0.000%	 20.261%	     0.000	        1	Delegate/Binary Elementwise (ND):13
	                          Copy (NC, X32)	    0.000	    0.000	  0.016%	 20.276%	     0.000	        1	Delegate/Copy (NC, X32):12
	                  Unary Elementwise (NC)	    0.000	    0.000	  0.000%	 20.276%	     0.000	        1	Delegate/Unary Elementwise (NC):11
	                          Copy (NC, X32)	    0.000	    0.000	  0.000%	 20.276%	     0.000	        1	Delegate/Copy (NC, X32):10
	                 Binary Elementwise (ND)	    0.000	    0.000	  0.016%	 20.292%	     0.000	        1	Delegate/Binary Elementwise (ND):9
	                 Binary Elementwise (ND)	    0.000	    0.000	  0.000%	 20.292%	     0.000	        1	Delegate/Binary Elementwise (ND):8
	                           Sum (ND) Mean	    0.016	    0.023	  3.703%	 23.995%	     0.000	        1	Delegate/Sum (ND) Mean:7
	                 Binary Elementwise (ND)	    0.025	    0.028	  4.465%	 28.460%	     0.000	        1	Delegate/Binary Elementwise (ND):6
	                 Binary Elementwise (ND)	    0.023	    0.026	  4.084%	 32.544%	     0.000	        1	Delegate/Binary Elementwise (ND):5
	                          Copy (NC, X32)	    0.000	    0.000	  0.000%	 32.544%	     0.000	        1	Delegate/Copy (NC, X32):4
	                 Binary Elementwise (ND)	    0.000	    0.010	  3.210%	 35.754%	     0.000	        2	Delegate/Binary Elementwise (ND):3
	                           Sum (ND) Mean	    0.014	    0.017	  2.622%	 38.376%	     0.000	        1	Delegate/Sum (ND) Mean:2
	                          Copy (NC, X32)	    0.020	    0.011	  3.591%	 41.967%	     0.000	        2	Delegate/Copy (NC, X32):1
	           Transpose (ND, X32) Transpose	    0.296	    0.283	 45.002%	 86.970%	     0.000	        1	Delegate/Transpose (ND, X32) Transpose:0
	                         AllocateTensors	    0.102	    0.082	 13.030%	100.000%	     0.000	        1	AllocateTensors/3

============================== Top by Computation Time ==============================
	                             [node type]	  [first]	 [avg ms]	     [%]	  [cdf%]	  [mem KB]	[times called]	[Name]
	           Transpose (ND, X32) Transpose	    0.296	    0.283	 45.002%	 45.002%	     0.000	        1	Delegate/Transpose (ND, X32) Transpose:0
	           Transpose (ND, X32) Transpose	    0.092	    0.099	 15.795%	 60.798%	     0.000	        1	Delegate/Transpose (ND, X32) Transpose:4
	                         AllocateTensors	    0.102	    0.082	 13.030%	 73.828%	     0.000	        1	AllocateTensors/3
	                 Binary Elementwise (ND)	    0.025	    0.028	  4.465%	 78.293%	     0.000	        1	Delegate/Binary Elementwise (ND):6
	                 Binary Elementwise (ND)	    0.023	    0.026	  4.084%	 82.377%	     0.000	        1	Delegate/Binary Elementwise (ND):5
	                 Binary Elementwise (ND)	    0.024	    0.024	  3.766%	 86.143%	     0.000	        1	Delegate/Binary Elementwise (ND):2
	                           Sum (ND) Mean	    0.016	    0.023	  3.703%	 89.846%	     0.000	        1	Delegate/Sum (ND) Mean:7
	                           Sum (ND) Mean	    0.014	    0.017	  2.622%	 92.468%	     0.000	        1	Delegate/Sum (ND) Mean:2
	                          Copy (NC, X32)	    0.020	    0.011	  3.591%	 96.059%	     0.000	        2	Delegate/Copy (NC, X32):1
	                 Binary Elementwise (ND)	    0.000	    0.010	  3.210%	 99.269%	     0.000	        2	Delegate/Binary Elementwise (ND):3

Number of nodes executed: 26
============================== Summary by node type ==============================
	                             [Node type]	  [count]	  [avg ms]	    [avg %]	    [cdf %]	  [mem KB]	[times called]
	           Transpose (ND, X32) Transpose	        2	     0.382	    61.218%	    61.218%	     0.000	        2
	                 Binary Elementwise (ND)	       10	     0.096	    15.385%	    76.603%	     0.000	       11
	                         AllocateTensors	        1	     0.082	    13.141%	    89.744%	     0.000	        1
	                           Sum (ND) Mean	        2	     0.039	     6.250%	    95.994%	     0.000	        2
	                          Copy (NC, X32)	        8	     0.022	     3.526%	    99.519%	     0.000	        9
	                               GATHER_ND	        2	     0.003	     0.481%	   100.000%	     0.000	        2
	                  Unary Elementwise (NC)	        1	     0.000	     0.000%	   100.000%	     0.000	        1

Subgraph (index: 3, name: odml.group_norm.impl_1) Timings (microseconds): count=10 first=633 curr=589 min=568 max=877 avg=629.3 std=84
Memory (bytes): count=0
26 nodes observed

Subgraph (index: 4, name: odml.group_norm.impl_2) profile:
============================== Run Order ==============================
	                             [node type]	  [first]	 [avg ms]	     [%]	  [cdf%]	  [mem KB]	[times called]	[Name]
	           Transpose (ND, X32) Transpose	    0.397	    0.424	 16.916%	 16.916%	     0.000	        1	Delegate/Transpose (ND, X32) Transpose:4
	                 Binary Elementwise (ND)	    0.113	    0.118	  4.696%	 21.612%	     0.000	        1	Delegate/Binary Elementwise (ND):2
	                          Copy (NC, X32)	    0.000	    0.000	  0.000%	 21.612%	     0.000	        1	Delegate/Copy (NC, X32):0
	                               GATHER_ND	    0.001	    0.001	  0.036%	 21.648%	     0.000	        1	[wrapper.VDAStepWrapper/video_depth_anything.dpt_temporal.DPTHeadTemporal_head/video_depth_anything.motion_module.motion_module.TemporalModule_0/video_depth_anything.motion_module.motion_module.TemporalTransformer3DModel_temporal_transformer/video_depth_anything.motion_module.motion_module.TemporalTransformerBlock_0/torch.nn.modules.normalization.LayerNorm_ff_norm;;wrapper.VDAStepWrapper/video_depth_anything.dpt_temporal.DPTHeadTemporal_head/video_depth_anything.motion_module.motion_module.TemporalModule_0/video_depth_anything.motion_module.motion_module.TemporalTransformer3DModel_temporal_transformer/video_depth_anything.motion_module.motion_module.TemporalTransformerBlock_0/video_depth_anything.motion_module.attention.FeedForward_ff/video_depth_anything.motion_module.attention.GEGLU_0/torch.nn.modules.linear.Linear_proj;]:21
	                               GATHER_ND	    0.004	    0.004	  0.179%	 21.828%	     0.000	        1	[wrapper.VDAStepWrapper/video_depth_anything.dpt_temporal.DPTHeadTemporal_head/video_depth_anything.motion_module.motion_module.TemporalModule_0/video_depth_anything.motion_module.motion_module.TemporalTransformer3DModel_temporal_transformer/torch.nn.modules.linear.Linear_proj_out;]:19
	                          Copy (NC, X32)	    0.000	    0.000	  0.000%	 21.828%	     0.000	        1	Delegate/Copy (NC, X32):19
	                          Copy (NC, X32)	    0.000	    0.000	  0.000%	 21.828%	     0.000	        1	Delegate/Copy (NC, X32):18
	                 Binary Elementwise (ND)	    0.000	    0.000	  0.000%	 21.828%	     0.000	        1	Delegate/Binary Elementwise (ND):17
	                          Copy (NC, X32)	    0.000	    0.000	  0.000%	 21.828%	     0.000	        1	Delegate/Copy (NC, X32):16
	                 Binary Elementwise (ND)	    0.000	    0.000	  0.000%	 21.828%	     0.000	        1	Delegate/Binary Elementwise (ND):15
	                 Binary Elementwise (ND)	    0.000	    0.000	  0.004%	 21.832%	     0.000	        1	Delegate/Binary Elementwise (ND):14
	                 Binary Elementwise (ND)	    0.000	    0.000	  0.000%	 21.832%	     0.000	        1	Delegate/Binary Elementwise (ND):13
	                          Copy (NC, X32)	    0.000	    0.000	  0.004%	 21.836%	     0.000	        1	Delegate/Copy (NC, X32):12
	                  Unary Elementwise (NC)	    0.000	    0.000	  0.004%	 21.839%	     0.000	        1	Delegate/Unary Elementwise (NC):11
	                          Copy (NC, X32)	    0.000	    0.000	  0.000%	 21.839%	     0.000	        1	Delegate/Copy (NC, X32):10
	                 Binary Elementwise (ND)	    0.000	    0.000	  0.004%	 21.843%	     0.000	        1	Delegate/Binary Elementwise (ND):9
	                 Binary Elementwise (ND)	    0.000	    0.000	  0.000%	 21.843%	     0.000	        1	Delegate/Binary Elementwise (ND):8
	                           Sum (ND) Mean	    0.111	    0.124	  4.936%	 26.779%	     0.000	        1	Delegate/Sum (ND) Mean:7
	                 Binary Elementwise (ND)	    0.155	    0.168	  6.682%	 33.461%	     0.000	        1	Delegate/Binary Elementwise (ND):6
	                 Binary Elementwise (ND)	    0.118	    0.130	  5.187%	 38.648%	     0.000	        1	Delegate/Binary Elementwise (ND):5
	                          Copy (NC, X32)	    0.000	    0.000	  0.000%	 38.648%	     0.000	        1	Delegate/Copy (NC, X32):4
	                 Binary Elementwise (ND)	    0.001	    0.054	  4.346%	 42.993%	     0.000	        2	Delegate/Binary Elementwise (ND):3
	                           Sum (ND) Mean	    0.106	    0.113	  4.497%	 47.490%	     0.000	        1	Delegate/Sum (ND) Mean:2
	                          Copy (NC, X32)	    0.103	    0.059	  4.696%	 52.187%	     0.000	        2	Delegate/Copy (NC, X32):1
	           Transpose (ND, X32) Transpose	    1.035	    1.124	 44.807%	 96.994%	     0.000	        1	Delegate/Transpose (ND, X32) Transpose:0
	                         AllocateTensors	    0.093	    0.075	  3.006%	100.000%	     0.000	        1	AllocateTensors/4

============================== Top by Computation Time ==============================
	                             [node type]	  [first]	 [avg ms]	     [%]	  [cdf%]	  [mem KB]	[times called]	[Name]
	           Transpose (ND, X32) Transpose	    1.035	    1.124	 44.807%	 44.807%	     0.000	        1	Delegate/Transpose (ND, X32) Transpose:0
	           Transpose (ND, X32) Transpose	    0.397	    0.424	 16.916%	 61.723%	     0.000	        1	Delegate/Transpose (ND, X32) Transpose:4
	                 Binary Elementwise (ND)	    0.155	    0.168	  6.682%	 68.405%	     0.000	        1	Delegate/Binary Elementwise (ND):6
	                 Binary Elementwise (ND)	    0.118	    0.130	  5.187%	 73.592%	     0.000	        1	Delegate/Binary Elementwise (ND):5
	                           Sum (ND) Mean	    0.111	    0.124	  4.936%	 78.527%	     0.000	        1	Delegate/Sum (ND) Mean:7
	                 Binary Elementwise (ND)	    0.113	    0.118	  4.696%	 83.224%	     0.000	        1	Delegate/Binary Elementwise (ND):2
	                           Sum (ND) Mean	    0.106	    0.113	  4.497%	 87.721%	     0.000	        1	Delegate/Sum (ND) Mean:2
	                         AllocateTensors	    0.093	    0.075	  3.006%	 90.727%	     0.000	        1	AllocateTensors/4
	                          Copy (NC, X32)	    0.103	    0.059	  4.696%	 95.423%	     0.000	        2	Delegate/Copy (NC, X32):1
	                 Binary Elementwise (ND)	    0.001	    0.054	  4.346%	 99.769%	     0.000	        2	Delegate/Binary Elementwise (ND):3

Number of nodes executed: 26
============================== Summary by node type ==============================
	                             [Node type]	  [count]	  [avg ms]	    [avg %]	    [cdf %]	  [mem KB]	[times called]
	           Transpose (ND, X32) Transpose	        2	     1.547	    61.855%	    61.855%	     0.000	        2
	                 Binary Elementwise (ND)	       10	     0.523	    20.912%	    82.767%	     0.000	       11
	                           Sum (ND) Mean	        2	     0.235	     9.396%	    92.163%	     0.000	        2
	                          Copy (NC, X32)	        8	     0.117	     4.678%	    96.841%	     0.000	        9
	                         AllocateTensors	        1	     0.075	     2.999%	    99.840%	     0.000	        1
	                               GATHER_ND	        2	     0.004	     0.160%	   100.000%	     0.000	        2
	                  Unary Elementwise (NC)	        1	     0.000	     0.000%	   100.000%	     0.000	        1

Subgraph (index: 4, name: odml.group_norm.impl_2) Timings (microseconds): count=10 first=2344 curr=2333 min=2244 max=3458 avg=2508.3 std=353
Memory (bytes): count=0
26 nodes observed



