INFO: STARTING!
INFO: Log parameter values verbosely: [1]
INFO: Min num runs: [10]
INFO: Min runs duration (seconds): [1]
INFO: Max runs duration (seconds): [150]
INFO: Inter-run delay (seconds): [-1]
INFO: Number of prorated runs per second: [-1]
INFO: Num threads: [-1]
INFO: Use caching: [0]
INFO: Benchmark name: []
INFO: Output prefix: []
INFO: Min warmup runs: [1]
INFO: Min warmup runs duration (seconds): [0.5]
INFO: Run w/o invoking kernels: [0]
INFO: Report the peak memory footprint: [0]
INFO: Memory footprint check interval (ms): [50]
INFO: Graph: [/data/local/tmp/vda_benchmark/vda_vits_720x1280_input518_infer8_init.tflite]
INFO: Signature to run: []
INFO: Input layers: []
INFO: Input shapes: []
INFO: Input value ranges: []
INFO: Input value files: []
INFO: Allow fp16: [0]
INFO: Require full delegation: [0]
INFO: Enable op profiling: [1]
INFO: Op profiling output mode.: [stdout]
INFO: Op profiling output file.: []
INFO: Max initial profiling buffer entries: [1024]
INFO: Allow dynamic increase on profiling buffer entries: [0]
INFO: CSV File to export profiling data to: []
INFO: Enable Model Runtime Info Export: [0]
INFO: Proto File to export model runtime info to: []
INFO: Print pre-invoke interpreter state: [0]
INFO: Print post-invoke interpreter state: [0]
INFO: Release dynamic tensor memory: [0]
INFO: Optimize memory usage for large tensors: [0]
INFO: Disable delegate clustering: [0]
INFO: Constant CAST output cache: [0]
INFO: File path to export outputs layer to: []
INFO: File path to export outputs layer as tf example to: []
INFO: Tensor name display length: [25]
INFO: Tensor type display length: [15]
INFO: Tensor allocation type display length: [18]
INFO: print out all supported flags: [0]
INFO: #threads used for CPU inference: [-1]
INFO: Max number of delegated partitions: [0]
INFO: Min nodes per partition: [0]
INFO: Index of the first node that could be delegated: [0]
INFO: Index of the last node that could be delegated: [2147483647]
INFO: Number of GPU delegate invoke loop iterations: [1]
INFO: Directory for delegate serialization: []
INFO: Model-specific token/key for delegate serialization.: []
INFO: External delegate path: []
INFO: External delegate options: []
INFO: Use gpu: [0]
INFO: Allow lower precision in gpu: [1]
INFO: Enable running quant models in gpu: [1]
INFO: Prefer maximizing the throughput in gpu: [0]
INFO: GPU backend: []
INFO: Use Hexagon: [0]
INFO: Hexagon lib path: [/data/local/tmp]
INFO: Hexagon profiling: [0]
INFO: Use NNAPI: [0]
INFO: Use xnnpack: [0]
INFO: xnnpack_force_fp16: [0]
INFO: xnnpack_weight_cache_file_path: []
INFO: Use Slinky: [0]
INFO: Loaded model /data/local/tmp/vda_benchmark/vda_vits_720x1280_input518_infer8_init.tflite
INFO: Initialized TensorFlow Lite runtime.
INFO: Created TensorFlow Lite XNNPACK delegate for CPU.
VERBOSE: Replacing 1161 out of 1169 node(s) with delegate (TfLiteXNNPackDelegate) node, yielding 3 partitions for subgraph 0.
INFO: The input model file size (MB): 121.169
INFO: Initialized session in 288.974ms.
INFO: Running benchmark for at least 1 iterations and at least 0.5 seconds but terminate if exceeding 150 seconds.
INFO: count=1 curr=6405305 p5=6405305 median=6405305 p95=6405305

INFO: Running benchmark for at least 10 iterations and at least 1 seconds but terminate if exceeding 150 seconds.
INFO: count=10 first=6712978 curr=6369136 min=6359475 max=6712978 avg=6.43342e+06 std=100209 p5=6359475 median=6415821 p95=6712978

INFO: Inference timings in us: Init: 288974, First inference: 6405305, Warmup (avg): 6.40530e+06, Inference (avg): 6.43342e+06
INFO: Note: as the benchmark tool itself affects memory footprint, the following is only APPROXIMATE to the actual memory footprint of the model at runtime. Take the information at your discretion.
INFO: Memory footprint delta from the start of the tool (MB): init=544.508 overall=732.531
INFO: Profiling Info for Benchmark Initialization:
============================== Run Order ==============================
	                             [node type]	  [first]	 [avg ms]	     [%]	  [cdf%]	  [mem KB]	[times called]	[Name]
	                 ModifyGraphWithDelegate	  146.439	  146.439	 52.667%	 52.667%	232632.000	        1	ModifyGraphWithDelegate/0
	                         AllocateTensors	  131.609	  131.609	 47.333%	100.000%	316992.000	        1	AllocateTensors/0

============================== Top by Computation Time ==============================
	                             [node type]	  [first]	 [avg ms]	     [%]	  [cdf%]	  [mem KB]	[times called]	[Name]
	                 ModifyGraphWithDelegate	  146.439	  146.439	 52.667%	 52.667%	232632.000	        1	ModifyGraphWithDelegate/0
	                         AllocateTensors	  131.609	  131.609	 47.333%	100.000%	316992.000	        1	AllocateTensors/0

Number of nodes executed: 2
============================== Summary by node type ==============================
	                             [Node type]	  [count]	  [avg ms]	    [avg %]	    [cdf %]	  [mem KB]	[times called]
	                 ModifyGraphWithDelegate	        1	   146.439	    52.667%	    52.667%	232632.000	        1
	                         AllocateTensors	        1	   131.609	    47.333%	   100.000%	316992.000	        1

Timings (microseconds): count=1 curr=278048
Memory (bytes): count=0
2 nodes observed



INFO: Operator-wise Profiling Info for Regular Benchmark Runs:
============================== Run Order ==============================
	                             [node type]	  [first]	 [avg ms]	     [%]	  [cdf%]	  [mem KB]	[times called]	[Name]
	                 Binary Elementwise (ND)	    0.800	    0.798	  0.012%	  0.012%	     0.000	        1	Delegate/Binary Elementwise (ND):0
	           Transpose (ND, X32) Transpose	    1.858	    1.881	  0.029%	  0.042%	     0.000	        1	Delegate/Transpose (ND, X32) Transpose:1
	          Fully Connected (NC, F32) GEMM	  101.431	  106.456	  1.655%	  1.697%	     0.000	        1	Delegate/Fully Connected (NC, F32) GEMM:2
	           Transpose (ND, X32) Transpose	    1.280	    1.310	  0.020%	  1.717%	     0.000	        1	Delegate/Transpose (ND, X32) Transpose:3
	          Fully Connected (NC, F32) GEMM	   40.906	   41.983	  0.653%	  2.370%	     0.000	        1	Delegate/Fully Connected (NC, F32) GEMM:4
	                 Binary Elementwise (ND)	    0.393	    0.411	  0.006%	  2.376%	     0.000	        1	Delegate/Binary Elementwise (ND):5
	                 Binary Elementwise (ND)	    0.532	    0.553	  0.009%	  2.385%	     0.000	        1	Delegate/Binary Elementwise (ND):6
	           Transpose (ND, X32) Transpose	    1.354	    1.390	  0.022%	  2.406%	     0.000	        1	Delegate/Transpose (ND, X32) Transpose:7
	           Convolution (NHWC, F32) IGEMM	   30.261	   30.690	  0.477%	  2.883%	     0.000	        1	Delegate/Convolution (NHWC, F32) IGEMM:8
	           Transpose (ND, X32) Transpose	    0.637	    0.678	  0.011%	  2.894%	     0.000	        1	Delegate/Transpose (ND, X32) Transpose:9
	                          Copy (NC, X32)	    0.001	    0.001	  0.000%	  2.894%	     0.000	        1	Delegate/Copy (NC, X32):10
	           Transpose (ND, X32) Transpose	    0.521	    0.538	  0.008%	  2.902%	     0.000	        1	Delegate/Transpose (ND, X32) Transpose:11
	                          Copy (NC, X32)	    0.000	    0.000	  0.000%	  2.902%	     0.000	        1	Delegate/Copy (NC, X32):12
	                          Copy (NC, X32)	    0.211	    0.228	  0.004%	  2.906%	     0.000	        1	Delegate/Copy (NC, X32):13
	                 Binary Elementwise (ND)	    0.390	    0.420	  0.007%	  2.912%	     0.000	        1	Delegate/Binary Elementwise (ND):14
	                          Copy (NC, X32)	    0.186	    0.199	  0.003%	  2.915%	     0.000	        1	Delegate/Copy (NC, X32):15
	                           Sum (ND) Mean	    0.203	    0.213	  0.003%	  2.919%	     0.000	        1	Delegate/Sum (ND) Mean:16
	                 Binary Elementwise (ND)	    0.001	    0.001	  0.000%	  2.919%	     0.000	        1	Delegate/Binary Elementwise (ND):17
	                          Copy (NC, X32)	    0.000	    0.000	  0.000%	  2.919%	     0.000	        1	Delegate/Copy (NC, X32):18
	                 Binary Elementwise (ND)	    0.247	    0.246	  0.004%	  2.923%	     0.000	        1	Delegate/Binary Elementwise (ND):19
	                 Binary Elementwise (ND)	    0.233	    0.265	  0.004%	  2.927%	     0.000	        1	Delegate/Binary Elementwise (ND):20
	                           Sum (ND) Mean	    0.186	    0.184	  0.003%	  2.930%	     0.000	        1	Delegate/Sum (ND) Mean:21
	                 Binary Elementwise (ND)	    0.000	    0.000	  0.000%	  2.930%	     0.000	        1	Delegate/Binary Elementwise (ND):22
	                 Binary Elementwise (ND)	    0.001	    0.001	  0.000%	  2.930%	     0.000	        1	Delegate/Binary Elementwise (ND):23
	                          Copy (NC, X32)	    0.000	    0.000	  0.000%	  2.930%	     0.000	        1	Delegate/Copy (NC, X32):24
	                  Unary Elementwise (NC)	    0.002	    0.002	  0.000%	  2.930%	     0.000	        1	Delegate/Unary Elementwise (NC):25
	                 Binary Elementwise (ND)	    0.233	    0.262	  0.004%	  2.934%	     0.000	        1	Delegate/Binary Elementwise (ND):26
	                 Binary Elementwise (ND)	    0.254	    0.264	  0.004%	  2.938%	     0.000	        1	Delegate/Binary Elementwise (ND):27
	                 Binary Elementwise (ND)	    0.261	    0.272	  0.004%	  2.942%	     0.000	        1	Delegate/Binary Elementwise (ND):28
	          Fully Connected (NC, F32) GEMM	   44.205	   45.208	  0.703%	  3.645%	     0.000	        1	Delegate/Fully Connected (NC, F32) GEMM:29
	                         Slice (ND, X32)	    0.561	    0.600	  0.009%	  3.654%	     0.000	        1	Delegate/Slice (ND, X32):30
	                         Slice (ND, X32)	    0.618	    0.653	  0.010%	  3.664%	     0.000	        1	Delegate/Slice (ND, X32):31
	                         Slice (ND, X32)	    0.623	    0.677	  0.011%	  3.675%	     0.000	        1	Delegate/Slice (ND, X32):32
	                          Copy (NC, X32)	    0.000	    0.001	  0.000%	  3.675%	     0.000	        1	Delegate/Copy (NC, X32):33
	                          Copy (NC, X32)	    0.000	    0.000	  0.000%	  3.675%	     0.000	        1	Delegate/Copy (NC, X32):34
	           Transpose (ND, X32) Transpose	    0.407	    0.419	  0.007%	  3.681%	     0.000	        1	Delegate/Transpose (ND, X32) Transpose:35
	                 Binary Elementwise (ND)	    0.279	    0.297	  0.005%	  3.686%	     0.000	        1	Delegate/Binary Elementwise (ND):36
	                          Copy (NC, X32)	    0.000	    0.000	  0.000%	  3.686%	     0.000	        1	Delegate/Copy (NC, X32):37
	           Transpose (ND, X32) Transpose	    0.434	    0.427	  0.007%	  3.693%	     0.000	        1	Delegate/Transpose (ND, X32) Transpose:38
	           Transpose (ND, X32) Transpose	    0.786	    0.857	  0.013%	  3.706%	     0.000	        1	Delegate/Transpose (ND, X32) Transpose:39
	                          Copy (NC, X32)	    0.000	    0.001	  0.000%	  3.706%	     0.000	        1	Delegate/Copy (NC, X32):40
	                          Copy (NC, X32)	    0.000	    0.000	  0.000%	  3.706%	     0.000	        1	Delegate/Copy (NC, X32):41
	    Batch Matrix Multiply (NC, F32) GEMM	   96.686	   98.364	  1.529%	  5.235%	     0.000	        1	Delegate/Batch Matrix Multiply (NC, F32) GEMM:42
	                          Copy (NC, X32)	    0.001	    0.001	  0.000%	  5.235%	     0.000	        1	Delegate/Copy (NC, X32):43
	                       Softmax (NC, F32)	   46.871	   44.075	  0.685%	  5.920%	     0.000	        1	Delegate/Softmax (NC, F32):44
	                          Copy (NC, X32)	    0.001	    0.001	  0.000%	  5.920%	     0.000	        1	Delegate/Copy (NC, X32):45
	                          Copy (NC, X32)	    0.000	    0.000	  0.000%	  5.920%	     0.000	        1	Delegate/Copy (NC, X32):46
	    Batch Matrix Multiply (NC, F32) GEMM	  120.554	  102.582	  1.595%	  7.515%	     0.000	        1	Delegate/Batch Matrix Multiply (NC, F32) GEMM:47
	                          Copy (NC, X32)	    0.001	    0.001	  0.000%	  7.515%	     0.000	        1	Delegate/Copy (NC, X32):48
	           Transpose (ND, X32) Transpose	    0.357	    0.258	  0.004%	  7.519%	     0.000	        1	Delegate/Transpose (ND, X32) Transpose:49
	                          Copy (NC, X32)	    0.000	    0.000	  0.000%	  7.519%	     0.000	        1	Delegate/Copy (NC, X32):50
	          Fully Connected (NC, F32) GEMM	   17.606	   15.051	  0.234%	  7.753%	     0.000	        1	Delegate/Fully Connected (NC, F32) GEMM:51
	                          Copy (NC, X32)	    0.001	    0.001	  0.000%	  7.753%	     0.000	        1	Delegate/Copy (NC, X32):52
	                 Binary Elementwise (ND)	    0.308	    0.357	  0.006%	  7.759%	     0.000	        1	Delegate/Binary Elementwise (ND):53
	                 Binary Elementwise (ND)	    0.418	    0.337	  0.005%	  7.764%	     0.000	        1	Delegate/Binary Elementwise (ND):54
	                           Sum (ND) Mean	    0.271	    0.194	  0.003%	  7.767%	     0.000	        1	Delegate/Sum (ND) Mean:55
	                 Binary Elementwise (ND)	    0.002	    0.001	  0.000%	  7.767%	     0.000	        1	Delegate/Binary Elementwise (ND):56
	                          Copy (NC, X32)	    0.000	    0.000	  0.000%	  7.767%	     0.000	        1	Delegate/Copy (NC, X32):57
	                 Binary Elementwise (ND)	    0.342	    0.267	  0.004%	  7.771%	     0.000	        1	Delegate/Binary Elementwise (ND):58
	                 Binary Elementwise (ND)	    0.344	    0.265	  0.004%	  7.775%	     0.000	        1	Delegate/Binary Elementwise (ND):59
	                           Sum (ND) Mean	    0.225	    0.184	  0.003%	  7.778%	     0.000	        1	Delegate/Sum (ND) Mean:60
	                 Binary Elementwise (ND)	    0.001	    0.000	  0.000%	  7.778%	     0.000	        1	Delegate/Binary Elementwise (ND):61
	                 Binary Elementwise (ND)	    0.001	    0.001	  0.000%	  7.778%	     0.000	        1	Delegate/Binary Elementwise (ND):62
	                          Copy (NC, X32)	    0.000	    0.000	  0.000%	  7.778%	     0.000	        1	Delegate/Copy (NC, X32):63
	                  Unary Elementwise (NC)	    0.002	    0.002	  0.000%	  7.778%	     0.000	        1	Delegate/Unary Elementwise (NC):64
	                 Binary Elementwise (ND)	    0.322	    0.241	  0.004%	  7.782%	     0.000	        1	Delegate/Binary Elementwise (ND):65
	                 Binary Elementwise (ND)	    0.311	    0.256	  0.004%	  7.786%	     0.000	        1	Delegate/Binary Elementwise (ND):66
	                 Binary Elementwise (ND)	    0.389	    0.307	  0.005%	  7.791%	     0.000	        1	Delegate/Binary Elementwise (ND):67
	          Fully Connected (NC, F32) GEMM	   73.476	   61.400	  0.955%	  8.745%	     0.000	        1	Delegate/Fully Connected (NC, F32) GEMM:68
	                  Unary Elementwise (NC)	    6.086	    5.365	  0.083%	  8.828%	     0.000	        1	Delegate/Unary Elementwise (NC):69
	                          Copy (NC, X32)	    0.001	    0.000	  0.000%	  8.828%	     0.000	        1	Delegate/Copy (NC, X32):70
	          Fully Connected (NC, F32) GEMM	   70.971	   60.421	  0.939%	  9.768%	     0.000	        1	Delegate/Fully Connected (NC, F32) GEMM:71
	                          Copy (NC, X32)	    0.001	    0.001	  0.000%	  9.768%	     0.000	        1	Delegate/Copy (NC, X32):72
	                 Binary Elementwise (ND)	    0.250	    0.214	  0.003%	  9.771%	     0.000	        1	Delegate/Binary Elementwise (ND):73
	                 Binary Elementwise (ND)	    0.401	    0.339	  0.005%	  9.776%	     0.000	        1	Delegate/Binary Elementwise (ND):74
	                           Sum (ND) Mean	    0.238	    0.193	  0.003%	  9.779%	     0.000	        1	Delegate/Sum (ND) Mean:75
	                 Binary Elementwise (ND)	    0.002	    0.001	  0.000%	  9.779%	     0.000	        1	Delegate/Binary Elementwise (ND):76
	                          Copy (NC, X32)	    0.000	    0.000	  0.000%	  9.779%	     0.000	        1	Delegate/Copy (NC, X32):77
	                 Binary Elementwise (ND)	    0.349	    0.259	  0.004%	  9.783%	     0.000	        1	Delegate/Binary Elementwise (ND):78
	                 Binary Elementwise (ND)	    0.370	    0.261	  0.004%	  9.787%	     0.000	        1	Delegate/Binary Elementwise (ND):79
	                           Sum (ND) Mean	    0.226	    0.187	  0.003%	  9.790%	     0.000	        1	Delegate/Sum (ND) Mean:80
	                 Binary Elementwise (ND)	    0.001	    0.000	  0.000%	  9.790%	     0.000	        1	Delegate/Binary Elementwise (ND):81
	                 Binary Elementwise (ND)	    0.001	    0.001	  0.000%	  9.790%	     0.000	        1	Delegate/Binary Elementwise (ND):82
	                          Copy (NC, X32)	    0.000	    0.000	  0.000%	  9.790%	     0.000	        1	Delegate/Copy (NC, X32):83
	                  Unary Elementwise (NC)	    0.002	    0.002	  0.000%	  9.790%	     0.000	        1	Delegate/Unary Elementwise (NC):84
	                 Binary Elementwise (ND)	    0.337	    0.246	  0.004%	  9.794%	     0.000	        1	Delegate/Binary Elementwise (ND):85
	                 Binary Elementwise (ND)	    0.255	    0.218	  0.003%	  9.798%	     0.000	        1	Delegate/Binary Elementwise (ND):86
	                 Binary Elementwise (ND)	    0.346	    0.305	  0.005%	  9.802%	     0.000	        1	Delegate/Binary Elementwise (ND):87
	          Fully Connected (NC, F32) GEMM	   52.672	   45.982	  0.715%	 10.517%	     0.000	        1	Delegate/Fully Connected (NC, F32) GEMM:88
	                         Slice (ND, X32)	    0.628	    0.578	  0.009%	 10.526%	     0.000	        1	Delegate/Slice (ND, X32):89
	                         Slice (ND, X32)	    0.844	    0.635	  0.010%	 10.536%	     0.000	        1	Delegate/Slice (ND, X32):90
	                         Slice (ND, X32)	    0.837	    0.651	  0.010%	 10.546%	     0.000	        1	Delegate/Slice (ND, X32):91
	                          Copy (NC, X32)	    0.001	    0.000	  0.000%	 10.546%	     0.000	        1	Delegate/Copy (NC, X32):92
	                          Copy (NC, X32)	    0.000	    0.000	  0.000%	 10.546%	     0.000	        1	Delegate/Copy (NC, X32):93
	           Transpose (ND, X32) Transpose	    0.469	    0.421	  0.007%	 10.553%	     0.000	        1	Delegate/Transpose (ND, X32) Transpose:94
	                 Binary Elementwise (ND)	    0.330	    0.296	  0.005%	 10.557%	     0.000	        1	Delegate/Binary Elementwise (ND):95
	                          Copy (NC, X32)	    0.000	    0.000	  0.000%	 10.557%	     0.000	        1	Delegate/Copy (NC, X32):96
	           Transpose (ND, X32) Transpose	    0.456	    0.410	  0.006%	 10.564%	     0.000	        1	Delegate/Transpose (ND, X32) Transpose:97
	           Transpose (ND, X32) Transpose	    1.021	    0.843	  0.013%	 10.577%	     0.000	        1	Delegate/Transpose (ND, X32) Transpose:98
	                          Copy (NC, X32)	    0.001	    0.001	  0.000%	 10.577%	     0.000	        1	Delegate/Copy (NC, X32):99
	                          Copy (NC, X32)	    0.000	    0.000	  0.000%	 10.577%	     0.000	        1	Delegate/Copy (NC, X32):100
	    Batch Matrix Multiply (NC, F32) GEMM	  114.735	   99.755	  1.551%	 12.128%	     0.000	        1	Delegate/Batch Matrix Multiply (NC, F32) GEMM:101
	                          Copy (NC, X32)	    0.002	    0.001	  0.000%	 12.128%	     0.000	        1	Delegate/Copy (NC, X32):102
	                       Softmax (NC, F32)	   52.016	   44.659	  0.694%	 12.822%	     0.000	        1	Delegate/Softmax (NC, F32):103
	                          Copy (NC, X32)	    0.002	    0.001	  0.000%	 12.822%	     0.000	        1	Delegate/Copy (NC, X32):104
	                          Copy (NC, X32)	    0.000	    0.000	  0.000%	 12.822%	     0.000	        1	Delegate/Copy (NC, X32):105
	    Batch Matrix Multiply (NC, F32) GEMM	  121.106	  101.879	  1.584%	 14.406%	     0.000	        1	Delegate/Batch Matrix Multiply (NC, F32) GEMM:106
	                          Copy (NC, X32)	    0.001	    0.001	  0.000%	 14.406%	     0.000	        1	Delegate/Copy (NC, X32):107
	           Transpose (ND, X32) Transpose	    0.341	    0.256	  0.004%	 14.410%	     0.000	        1	Delegate/Transpose (ND, X32) Transpose:108
	                          Copy (NC, X32)	    0.000	    0.000	  0.000%	 14.410%	     0.000	        1	Delegate/Copy (NC, X32):109
	          Fully Connected (NC, F32) GEMM	   16.989	   14.618	  0.227%	 14.637%	     0.000	        1	Delegate/Fully Connected (NC, F32) GEMM:110
	                          Copy (NC, X32)	    0.001	    0.001	  0.000%	 14.637%	     0.000	        1	Delegate/Copy (NC, X32):111
	                 Binary Elementwise (ND)	    0.402	    0.363	  0.006%	 14.643%	     0.000	        1	Delegate/Binary Elementwise (ND):112
	                 Binary Elementwise (ND)	    0.389	    0.293	  0.005%	 14.647%	     0.000	        1	Delegate/Binary Elementwise (ND):113
	                           Sum (ND) Mean	    0.235	    0.170	  0.003%	 14.650%	     0.000	        1	Delegate/Sum (ND) Mean:114
	                 Binary Elementwise (ND)	    0.001	    0.001	  0.000%	 14.650%	     0.000	        1	Delegate/Binary Elementwise (ND):115
	                          Copy (NC, X32)	    0.000	    0.000	  0.000%	 14.650%	     0.000	        1	Delegate/Copy (NC, X32):116
	                 Binary Elementwise (ND)	    0.223	    0.154	  0.002%	 14.652%	     0.000	        1	Delegate/Binary Elementwise (ND):117
	                 Binary Elementwise (ND)	    0.321	    0.230	  0.004%	 14.656%	     0.000	        1	Delegate/Binary Elementwise (ND):118
	                           Sum (ND) Mean	    0.217	    0.175	  0.003%	 14.659%	     0.000	        1	Delegate/Sum (ND) Mean:119
	                 Binary Elementwise (ND)	    0.001	    0.000	  0.000%	 14.659%	     0.000	        1	Delegate/Binary Elementwise (ND):120
	                 Binary Elementwise (ND)	    0.001	    0.001	  0.000%	 14.659%	     0.000	        1	Delegate/Binary Elementwise (ND):121
	                          Copy (NC, X32)	    0.000	    0.000	  0.000%	 14.659%	     0.000	        1	Delegate/Copy (NC, X32):122
	                  Unary Elementwise (NC)	    0.003	    0.002	  0.000%	 14.659%	     0.000	        1	Delegate/Unary Elementwise (NC):123
	                 Binary Elementwise (ND)	    0.403	    0.231	  0.004%	 14.662%	     0.000	        1	Delegate/Binary Elementwise (ND):124
	                 Binary Elementwise (ND)	    0.332	    0.245	  0.004%	 14.666%	     0.000	        1	Delegate/Binary Elementwise (ND):125
	                 Binary Elementwise (ND)	    0.413	    0.315	  0.005%	 14.671%	     0.000	        1	Delegate/Binary Elementwise (ND):126
	          Fully Connected (NC, F32) GEMM	   70.487	   60.314	  0.938%	 15.609%	     0.000	        1	Delegate/Fully Connected (NC, F32) GEMM:127
	                  Unary Elementwise (NC)	    6.073	    5.280	  0.082%	 15.691%	     0.000	        1	Delegate/Unary Elementwise (NC):128
	                          Copy (NC, X32)	    0.001	    0.000	  0.000%	 15.691%	     0.000	        1	Delegate/Copy (NC, X32):129
	          Fully Connected (NC, F32) GEMM	   70.683	   60.386	  0.939%	 16.629%	     0.000	        1	Delegate/Fully Connected (NC, F32) GEMM:130
	                          Copy (NC, X32)	    0.001	    0.001	  0.000%	 16.629%	     0.000	        1	Delegate/Copy (NC, X32):131
	                 Binary Elementwise (ND)	    0.269	    0.216	  0.003%	 16.633%	     0.000	        1	Delegate/Binary Elementwise (ND):132
	                 Binary Elementwise (ND)	    0.456	    0.343	  0.005%	 16.638%	     0.000	        1	Delegate/Binary Elementwise (ND):133
	                           Sum (ND) Mean	    0.230	    0.186	  0.003%	 16.641%	     0.000	        1	Delegate/Sum (ND) Mean:134
	                 Binary Elementwise (ND)	    0.002	    0.001	  0.000%	 16.641%	     0.000	        1	Delegate/Binary Elementwise (ND):135
	                          Copy (NC, X32)	    0.000	    0.000	  0.000%	 16.641%	     0.000	        1	Delegate/Copy (NC, X32):136
	                 Binary Elementwise (ND)	    0.319	    0.245	  0.004%	 16.645%	     0.000	        1	Delegate/Binary Elementwise (ND):137
	                 Binary Elementwise (ND)	    0.342	    0.263	  0.004%	 16.649%	     0.000	        1	Delegate/Binary Elementwise (ND):138
	                           Sum (ND) Mean	    0.223	    0.185	  0.003%	 16.652%	     0.000	        1	Delegate/Sum (ND) Mean:139
	                 Binary Elementwise (ND)	    0.001	    0.001	  0.000%	 16.652%	     0.000	        1	Delegate/Binary Elementwise (ND):140
	                 Binary Elementwise (ND)	    0.001	    0.001	  0.000%	 16.652%	     0.000	        1	Delegate/Binary Elementwise (ND):141
	                          Copy (NC, X32)	    0.000	    0.000	  0.000%	 16.652%	     0.000	        1	Delegate/Copy (NC, X32):142
	                  Unary Elementwise (NC)	    0.003	    0.002	  0.000%	 16.652%	     0.000	        1	Delegate/Unary Elementwise (NC):143
	                 Binary Elementwise (ND)	    0.335	    0.242	  0.004%	 16.656%	     0.000	        1	Delegate/Binary Elementwise (ND):144
	                 Binary Elementwise (ND)	    0.270	    0.220	  0.003%	 16.659%	     0.000	        1	Delegate/Binary Elementwise (ND):145
	                 Binary Elementwise (ND)	    0.397	    0.319	  0.005%	 16.664%	     0.000	        1	Delegate/Binary Elementwise (ND):146
	          Fully Connected (NC, F32) GEMM	   54.421	   45.439	  0.706%	 17.370%	     0.000	        1	Delegate/Fully Connected (NC, F32) GEMM:147
	                         Slice (ND, X32)	    0.834	    0.574	  0.009%	 17.379%	     0.000	        1	Delegate/Slice (ND, X32):148
	                         Slice (ND, X32)	    0.974	    0.637	  0.010%	 17.389%	     0.000	        1	Delegate/Slice (ND, X32):149
	                         Slice (ND, X32)	    0.960	    0.662	  0.010%	 17.400%	     0.000	        1	Delegate/Slice (ND, X32):150
	                          Copy (NC, X32)	    0.000	    0.000	  0.000%	 17.400%	     0.000	        1	Delegate/Copy (NC, X32):151
	                          Copy (NC, X32)	    0.000	    0.000	  0.000%	 17.400%	     0.000	        1	Delegate/Copy (NC, X32):152
	           Transpose (ND, X32) Transpose	    0.492	    0.410	  0.006%	 17.406%	     0.000	        1	Delegate/Transpose (ND, X32) Transpose:153
	                 Binary Elementwise (ND)	    0.366	    0.301	  0.005%	 17.411%	     0.000	        1	Delegate/Binary Elementwise (ND):154
	                          Copy (NC, X32)	    0.000	    0.000	  0.000%	 17.411%	     0.000	        1	Delegate/Copy (NC, X32):155
	           Transpose (ND, X32) Transpose	    0.540	    0.417	  0.006%	 17.417%	     0.000	        1	Delegate/Transpose (ND, X32) Transpose:156
	           Transpose (ND, X32) Transpose	    1.108	    0.848	  0.013%	 17.430%	     0.000	        1	Delegate/Transpose (ND, X32) Transpose:157
	                          Copy (NC, X32)	    0.001	    0.001	  0.000%	 17.430%	     0.000	        1	Delegate/Copy (NC, X32):158
	                          Copy (NC, X32)	    0.000	    0.000	  0.000%	 17.430%	     0.000	        1	Delegate/Copy (NC, X32):159
	    Batch Matrix Multiply (NC, F32) GEMM	  114.776	   98.719	  1.535%	 18.965%	     0.000	        1	Delegate/Batch Matrix Multiply (NC, F32) GEMM:160
	                          Copy (NC, X32)	    0.001	    0.001	  0.000%	 18.965%	     0.000	        1	Delegate/Copy (NC, X32):161
	                       Softmax (NC, F32)	   45.713	   43.992	  0.684%	 19.649%	     0.000	        1	Delegate/Softmax (NC, F32):162
	                          Copy (NC, X32)	    0.003	    0.002	  0.000%	 19.649%	     0.000	        1	Delegate/Copy (NC, X32):163
	                          Copy (NC, X32)	    0.000	    0.000	  0.000%	 19.649%	     0.000	        1	Delegate/Copy (NC, X32):164
	    Batch Matrix Multiply (NC, F32) GEMM	  107.064	  100.507	  1.562%	 21.211%	     0.000	        1	Delegate/Batch Matrix Multiply (NC, F32) GEMM:165
	                          Copy (NC, X32)	    0.001	    0.001	  0.000%	 21.211%	     0.000	        1	Delegate/Copy (NC, X32):166
	           Transpose (ND, X32) Transpose	    0.253	    0.243	  0.004%	 21.215%	     0.000	        1	Delegate/Transpose (ND, X32) Transpose:167
	                          Copy (NC, X32)	    0.000	    0.000	  0.000%	 21.215%	     0.000	        1	Delegate/Copy (NC, X32):168
	          Fully Connected (NC, F32) GEMM	   16.963	   14.630	  0.227%	 21.443%	     0.000	        1	Delegate/Fully Connected (NC, F32) GEMM:169
	                          Copy (NC, X32)	    0.001	    0.001	  0.000%	 21.443%	     0.000	        1	Delegate/Copy (NC, X32):170
	                 Binary Elementwise (ND)	    0.303	    0.357	  0.006%	 21.448%	     0.000	        1	Delegate/Binary Elementwise (ND):171
	                 Binary Elementwise (ND)	    0.376	    0.290	  0.005%	 21.453%	     0.000	        1	Delegate/Binary Elementwise (ND):172
	                           Sum (ND) Mean	    0.186	    0.162	  0.003%	 21.455%	     0.000	        1	Delegate/Sum (ND) Mean:173
	                 Binary Elementwise (ND)	    0.002	    0.001	  0.000%	 21.455%	     0.000	        1	Delegate/Binary Elementwise (ND):174
	                          Copy (NC, X32)	    0.000	    0.000	  0.000%	 21.455%	     0.000	        1	Delegate/Copy (NC, X32):175
	                 Binary Elementwise (ND)	    0.172	    0.148	  0.002%	 21.457%	     0.000	        1	Delegate/Binary Elementwise (ND):176
	                 Binary Elementwise (ND)	    0.230	    0.217	  0.003%	 21.461%	     0.000	        1	Delegate/Binary Elementwise (ND):177
	                           Sum (ND) Mean	    0.173	    0.166	  0.003%	 21.463%	     0.000	        1	Delegate/Sum (ND) Mean:178
	                 Binary Elementwise (ND)	    0.001	    0.000	  0.000%	 21.463%	     0.000	        1	Delegate/Binary Elementwise (ND):179
	                 Binary Elementwise (ND)	    0.001	    0.001	  0.000%	 21.463%	     0.000	        1	Delegate/Binary Elementwise (ND):180
	                          Copy (NC, X32)	    0.000	    0.000	  0.000%	 21.463%	     0.000	        1	Delegate/Copy (NC, X32):181
	                  Unary Elementwise (NC)	    0.003	    0.002	  0.000%	 21.463%	     0.000	        1	Delegate/Unary Elementwise (NC):182
	                 Binary Elementwise (ND)	    0.229	    0.215	  0.003%	 21.467%	     0.000	        1	Delegate/Binary Elementwise (ND):183
	                 Binary Elementwise (ND)	    0.254	    0.234	  0.004%	 21.470%	     0.000	        1	Delegate/Binary Elementwise (ND):184
	                 Binary Elementwise (ND)	    0.357	    0.306	  0.005%	 21.475%	     0.000	        1	Delegate/Binary Elementwise (ND):185
	          Fully Connected (NC, F32) GEMM	   66.923	   59.878	  0.931%	 22.406%	     0.000	        1	Delegate/Fully Connected (NC, F32) GEMM:186
	                  Unary Elementwise (NC)	    6.117	    5.291	  0.082%	 22.488%	     0.000	        1	Delegate/Unary Elementwise (NC):187
	                          Copy (NC, X32)	    0.001	    0.000	  0.000%	 22.488%	     0.000	        1	Delegate/Copy (NC, X32):188
	          Fully Connected (NC, F32) GEMM	   71.819	   60.376	  0.939%	 23.427%	     0.000	        1	Delegate/Fully Connected (NC, F32) GEMM:189
	                          Copy (NC, X32)	    0.002	    0.001	  0.000%	 23.427%	     0.000	        1	Delegate/Copy (NC, X32):190
	                 Binary Elementwise (ND)	    0.298	    0.220	  0.003%	 23.430%	     0.000	        1	Delegate/Binary Elementwise (ND):191
	                 Binary Elementwise (ND)	    0.489	    0.344	  0.005%	 23.436%	     0.000	        1	Delegate/Binary Elementwise (ND):192
	                           Sum (ND) Mean	    0.254	    0.194	  0.003%	 23.439%	     0.000	        1	Delegate/Sum (ND) Mean:193
	                 Binary Elementwise (ND)	    0.002	    0.001	  0.000%	 23.439%	     0.000	        1	Delegate/Binary Elementwise (ND):194
	                          Copy (NC, X32)	    0.000	    0.000	  0.000%	 23.439%	     0.000	        1	Delegate/Copy (NC, X32):195
	                 Binary Elementwise (ND)	    0.407	    0.262	  0.004%	 23.443%	     0.000	        1	Delegate/Binary Elementwise (ND):196
	                 Binary Elementwise (ND)	    0.333	    0.263	  0.004%	 23.447%	     0.000	        1	Delegate/Binary Elementwise (ND):197
	                           Sum (ND) Mean	    0.286	    0.193	  0.003%	 23.450%	     0.000	        1	Delegate/Sum (ND) Mean:198
	                 Binary Elementwise (ND)	    0.001	    0.000	  0.000%	 23.450%	     0.000	        1	Delegate/Binary Elementwise (ND):199
	                 Binary Elementwise (ND)	    0.001	    0.001	  0.000%	 23.450%	     0.000	        1	Delegate/Binary Elementwise (ND):200
	                          Copy (NC, X32)	    0.000	    0.000	  0.000%	 23.450%	     0.000	        1	Delegate/Copy (NC, X32):201
	                  Unary Elementwise (NC)	    0.002	    0.002	  0.000%	 23.450%	     0.000	        1	Delegate/Unary Elementwise (NC):202
	                 Binary Elementwise (ND)	    0.321	    0.244	  0.004%	 23.454%	     0.000	        1	Delegate/Binary Elementwise (ND):203
	                 Binary Elementwise (ND)	    0.320	    0.248	  0.004%	 23.458%	     0.000	        1	Delegate/Binary Elementwise (ND):204
	                 Binary Elementwise (ND)	    0.307	    0.234	  0.004%	 23.461%	     0.000	        1	Delegate/Binary Elementwise (ND):205
	          Fully Connected (NC, F32) GEMM	   52.226	   45.516	  0.708%	 24.169%	     0.000	        1	Delegate/Fully Connected (NC, F32) GEMM:206
	                         Slice (ND, X32)	    0.732	    0.569	  0.009%	 24.178%	     0.000	        1	Delegate/Slice (ND, X32):207
	                         Slice (ND, X32)	    0.836	    0.625	  0.010%	 24.187%	     0.000	        1	Delegate/Slice (ND, X32):208
	                         Slice (ND, X32)	    0.942	    0.675	  0.010%	 24.198%	     0.000	        1	Delegate/Slice (ND, X32):209
	                          Copy (NC, X32)	    0.001	    0.000	  0.000%	 24.198%	     0.000	        1	Delegate/Copy (NC, X32):210
	                          Copy (NC, X32)	    0.000	    0.000	  0.000%	 24.198%	     0.000	        1	Delegate/Copy (NC, X32):211
	           Transpose (ND, X32) Transpose	    0.497	    0.412	  0.006%	 24.204%	     0.000	        1	Delegate/Transpose (ND, X32) Transpose:212
	                 Binary Elementwise (ND)	    0.328	    0.297	  0.005%	 24.209%	     0.000	        1	Delegate/Binary Elementwise (ND):213
	                          Copy (NC, X32)	    0.000	    0.000	  0.000%	 24.209%	     0.000	        1	Delegate/Copy (NC, X32):214
	           Transpose (ND, X32) Transpose	    0.455	    0.404	  0.006%	 24.215%	     0.000	        1	Delegate/Transpose (ND, X32) Transpose:215
	           Transpose (ND, X32) Transpose	    0.947	    0.832	  0.013%	 24.228%	     0.000	        1	Delegate/Transpose (ND, X32) Transpose:216
	                          Copy (NC, X32)	    0.001	    0.001	  0.000%	 24.228%	     0.000	        1	Delegate/Copy (NC, X32):217
	                          Copy (NC, X32)	    0.000	    0.000	  0.000%	 24.228%	     0.000	        1	Delegate/Copy (NC, X32):218
	    Batch Matrix Multiply (NC, F32) GEMM	   97.173	   96.843	  1.506%	 25.734%	     0.000	        1	Delegate/Batch Matrix Multiply (NC, F32) GEMM:219
	                          Copy (NC, X32)	    0.001	    0.001	  0.000%	 25.734%	     0.000	        1	Delegate/Copy (NC, X32):220
	                       Softmax (NC, F32)	   43.834	   43.817	  0.681%	 26.415%	     0.000	        1	Delegate/Softmax (NC, F32):221
	                          Copy (NC, X32)	    0.001	    0.002	  0.000%	 26.415%	     0.000	        1	Delegate/Copy (NC, X32):222
	                          Copy (NC, X32)	    0.000	    0.000	  0.000%	 26.415%	     0.000	        1	Delegate/Copy (NC, X32):223
	    Batch Matrix Multiply (NC, F32) GEMM	  100.058	  101.221	  1.574%	 27.989%	     0.000	        1	Delegate/Batch Matrix Multiply (NC, F32) GEMM:224
	                          Copy (NC, X32)	    0.001	    0.001	  0.000%	 27.989%	     0.000	        1	Delegate/Copy (NC, X32):225
	           Transpose (ND, X32) Transpose	    0.266	    0.244	  0.004%	 27.992%	     0.000	        1	Delegate/Transpose (ND, X32) Transpose:226
	                          Copy (NC, X32)	    0.000	    0.000	  0.000%	 27.992%	     0.000	        1	Delegate/Copy (NC, X32):227
	          Fully Connected (NC, F32) GEMM	   14.476	   14.470	  0.225%	 28.217%	     0.000	        1	Delegate/Fully Connected (NC, F32) GEMM:228
	                          Copy (NC, X32)	    0.001	    0.001	  0.000%	 28.217%	     0.000	        1	Delegate/Copy (NC, X32):229
	                 Binary Elementwise (ND)	    0.363	    0.358	  0.006%	 28.223%	     0.000	        1	Delegate/Binary Elementwise (ND):230
	                 Binary Elementwise (ND)	    0.320	    0.327	  0.005%	 28.228%	     0.000	        1	Delegate/Binary Elementwise (ND):231
	                           Sum (ND) Mean	    0.185	    0.183	  0.003%	 28.231%	     0.000	        1	Delegate/Sum (ND) Mean:232
	                 Binary Elementwise (ND)	    0.001	    0.001	  0.000%	 28.231%	     0.000	        1	Delegate/Binary Elementwise (ND):233
	                          Copy (NC, X32)	    0.000	    0.000	  0.000%	 28.231%	     0.000	        1	Delegate/Copy (NC, X32):234
	                 Binary Elementwise (ND)	    0.260	    0.258	  0.004%	 28.235%	     0.000	        1	Delegate/Binary Elementwise (ND):235
	                 Binary Elementwise (ND)	    0.253	    0.250	  0.004%	 28.239%	     0.000	        1	Delegate/Binary Elementwise (ND):236
	                           Sum (ND) Mean	    0.203	    0.183	  0.003%	 28.242%	     0.000	        1	Delegate/Sum (ND) Mean:237
	                 Binary Elementwise (ND)	    0.001	    0.001	  0.000%	 28.242%	     0.000	        1	Delegate/Binary Elementwise (ND):238
	                 Binary Elementwise (ND)	    0.001	    0.001	  0.000%	 28.242%	     0.000	        1	Delegate/Binary Elementwise (ND):239
	                          Copy (NC, X32)	    0.000	    0.000	  0.000%	 28.242%	     0.000	        1	Delegate/Copy (NC, X32):240
	                  Unary Elementwise (NC)	    0.002	    0.002	  0.000%	 28.242%	     0.000	        1	Delegate/Unary Elementwise (NC):241
	                 Binary Elementwise (ND)	    0.236	    0.233	  0.004%	 28.245%	     0.000	        1	Delegate/Binary Elementwise (ND):242
	                 Binary Elementwise (ND)	    0.246	    0.251	  0.004%	 28.249%	     0.000	        1	Delegate/Binary Elementwise (ND):243
	                 Binary Elementwise (ND)	    0.297	    0.301	  0.005%	 28.254%	     0.000	        1	Delegate/Binary Elementwise (ND):244
	          Fully Connected (NC, F32) GEMM	   59.180	   59.264	  0.921%	 29.175%	     0.000	        1	Delegate/Fully Connected (NC, F32) GEMM:245
	                  Unary Elementwise (NC)	    5.181	    5.194	  0.081%	 29.256%	     0.000	        1	Delegate/Unary Elementwise (NC):246
	                          Copy (NC, X32)	    0.000	    0.000	  0.000%	 29.256%	     0.000	        1	Delegate/Copy (NC, X32):247
	          Fully Connected (NC, F32) GEMM	   59.237	   60.394	  0.939%	 30.195%	     0.000	        1	Delegate/Fully Connected (NC, F32) GEMM:248
	                          Copy (NC, X32)	    0.001	    0.001	  0.000%	 30.195%	     0.000	        1	Delegate/Copy (NC, X32):249
	                 Binary Elementwise (ND)	    0.210	    0.218	  0.003%	 30.198%	     0.000	        1	Delegate/Binary Elementwise (ND):250
	                 Binary Elementwise (ND)	    0.333	    0.343	  0.005%	 30.204%	     0.000	        1	Delegate/Binary Elementwise (ND):251
	                           Sum (ND) Mean	    0.183	    0.193	  0.003%	 30.206%	     0.000	        1	Delegate/Sum (ND) Mean:252
	                 Binary Elementwise (ND)	    0.001	    0.001	  0.000%	 30.207%	     0.000	        1	Delegate/Binary Elementwise (ND):253
	                          Copy (NC, X32)	    0.000	    0.000	  0.000%	 30.207%	     0.000	        1	Delegate/Copy (NC, X32):254
	                 Binary Elementwise (ND)	    0.242	    0.269	  0.004%	 30.211%	     0.000	        1	Delegate/Binary Elementwise (ND):255
	                 Binary Elementwise (ND)	    0.256	    0.262	  0.004%	 30.215%	     0.000	        1	Delegate/Binary Elementwise (ND):256
	                           Sum (ND) Mean	    0.182	    0.191	  0.003%	 30.218%	     0.000	        1	Delegate/Sum (ND) Mean:257
	                 Binary Elementwise (ND)	    0.000	    0.000	  0.000%	 30.218%	     0.000	        1	Delegate/Binary Elementwise (ND):258
	                 Binary Elementwise (ND)	    0.001	    0.001	  0.000%	 30.218%	     0.000	        1	Delegate/Binary Elementwise (ND):259
	                          Copy (NC, X32)	    0.000	    0.000	  0.000%	 30.218%	     0.000	        1	Delegate/Copy (NC, X32):260
	                  Unary Elementwise (NC)	    0.003	    0.002	  0.000%	 30.218%	     0.000	        1	Delegate/Unary Elementwise (NC):261
	                 Binary Elementwise (ND)	    0.235	    0.247	  0.004%	 30.222%	     0.000	        1	Delegate/Binary Elementwise (ND):262
	                 Binary Elementwise (ND)	    0.208	    0.217	  0.003%	 30.225%	     0.000	        1	Delegate/Binary Elementwise (ND):263
	                 Binary Elementwise (ND)	    0.292	    0.310	  0.005%	 30.230%	     0.000	        1	Delegate/Binary Elementwise (ND):264
	          Fully Connected (NC, F32) GEMM	   44.458	   45.934	  0.714%	 30.944%	     0.000	        1	Delegate/Fully Connected (NC, F32) GEMM:265
	                         Slice (ND, X32)	    0.553	    0.567	  0.009%	 30.953%	     0.000	        1	Delegate/Slice (ND, X32):266
	                         Slice (ND, X32)	    0.654	    0.632	  0.010%	 30.963%	     0.000	        1	Delegate/Slice (ND, X32):267
	                         Slice (ND, X32)	    0.567	    0.579	  0.009%	 30.972%	     0.000	        1	Delegate/Slice (ND, X32):268
	                          Copy (NC, X32)	    0.000	    0.000	  0.000%	 30.972%	     0.000	        1	Delegate/Copy (NC, X32):269
	                          Copy (NC, X32)	    0.000	    0.000	  0.000%	 30.972%	     0.000	        1	Delegate/Copy (NC, X32):270
	           Transpose (ND, X32) Transpose	    0.403	    0.429	  0.007%	 30.978%	     0.000	        1	Delegate/Transpose (ND, X32) Transpose:271
	                 Binary Elementwise (ND)	    0.281	    0.301	  0.005%	 30.983%	     0.000	        1	Delegate/Binary Elementwise (ND):272
	                          Copy (NC, X32)	    0.000	    0.000	  0.000%	 30.983%	     0.000	        1	Delegate/Copy (NC, X32):273
	           Transpose (ND, X32) Transpose	    0.365	    0.380	  0.006%	 30.989%	     0.000	        1	Delegate/Transpose (ND, X32) Transpose:274
	           Transpose (ND, X32) Transpose	    0.783	    0.824	  0.013%	 31.002%	     0.000	        1	Delegate/Transpose (ND, X32) Transpose:275
	                          Copy (NC, X32)	    0.001	    0.001	  0.000%	 31.002%	     0.000	        1	Delegate/Copy (NC, X32):276
	                          Copy (NC, X32)	    0.000	    0.000	  0.000%	 31.002%	     0.000	        1	Delegate/Copy (NC, X32):277
	    Batch Matrix Multiply (NC, F32) GEMM	   96.958	  100.189	  1.558%	 32.559%	     0.000	        1	Delegate/Batch Matrix Multiply (NC, F32) GEMM:278
	                          Copy (NC, X32)	    0.001	    0.001	  0.000%	 32.559%	     0.000	        1	Delegate/Copy (NC, X32):279
	                       Softmax (NC, F32)	   43.805	   45.563	  0.708%	 33.268%	     0.000	        1	Delegate/Softmax (NC, F32):280
	                          Copy (NC, X32)	    0.001	    0.001	  0.000%	 33.268%	     0.000	        1	Delegate/Copy (NC, X32):281
	                          Copy (NC, X32)	    0.000	    0.000	  0.000%	 33.268%	     0.000	        1	Delegate/Copy (NC, X32):282
	    Batch Matrix Multiply (NC, F32) GEMM	   99.392	  105.112	  1.634%	 34.902%	     0.000	        1	Delegate/Batch Matrix Multiply (NC, F32) GEMM:283
	                          Copy (NC, X32)	    0.001	    0.001	  0.000%	 34.902%	     0.000	        1	Delegate/Copy (NC, X32):284
	           Transpose (ND, X32) Transpose	    0.239	    0.277	  0.004%	 34.906%	     0.000	        1	Delegate/Transpose (ND, X32) Transpose:285
	                          Copy (NC, X32)	    0.000	    0.000	  0.000%	 34.906%	     0.000	        1	Delegate/Copy (NC, X32):286
	          Fully Connected (NC, F32) GEMM	   14.391	   15.173	  0.236%	 35.142%	     0.000	        1	Delegate/Fully Connected (NC, F32) GEMM:287
	                          Copy (NC, X32)	    0.001	    0.001	  0.000%	 35.142%	     0.000	        1	Delegate/Copy (NC, X32):288
	                 Binary Elementwise (ND)	    0.338	    0.382	  0.006%	 35.148%	     0.000	        1	Delegate/Binary Elementwise (ND):289
	                 Binary Elementwise (ND)	    0.284	    0.310	  0.005%	 35.153%	     0.000	        1	Delegate/Binary Elementwise (ND):290
	                           Sum (ND) Mean	    0.159	    0.178	  0.003%	 35.155%	     0.000	        1	Delegate/Sum (ND) Mean:291
	                 Binary Elementwise (ND)	    0.001	    0.001	  0.000%	 35.155%	     0.000	        1	Delegate/Binary Elementwise (ND):292
	                          Copy (NC, X32)	    0.000	    0.000	  0.000%	 35.155%	     0.000	        1	Delegate/Copy (NC, X32):293
	                 Binary Elementwise (ND)	    0.146	    0.163	  0.003%	 35.158%	     0.000	        1	Delegate/Binary Elementwise (ND):294
	                 Binary Elementwise (ND)	    0.215	    0.240	  0.004%	 35.162%	     0.000	        1	Delegate/Binary Elementwise (ND):295
	                           Sum (ND) Mean	    0.175	    0.182	  0.003%	 35.164%	     0.000	        1	Delegate/Sum (ND) Mean:296
	                 Binary Elementwise (ND)	    0.000	    0.001	  0.000%	 35.164%	     0.000	        1	Delegate/Binary Elementwise (ND):297
	                 Binary Elementwise (ND)	    0.001	    0.001	  0.000%	 35.164%	     0.000	        1	Delegate/Binary Elementwise (ND):298
	                          Copy (NC, X32)	    0.000	    0.000	  0.000%	 35.164%	     0.000	        1	Delegate/Copy (NC, X32):299
	                  Unary Elementwise (NC)	    0.002	    0.002	  0.000%	 35.165%	     0.000	        1	Delegate/Unary Elementwise (NC):300
	                 Binary Elementwise (ND)	    0.217	    0.239	  0.004%	 35.168%	     0.000	        1	Delegate/Binary Elementwise (ND):301
	                 Binary Elementwise (ND)	    0.235	    0.252	  0.004%	 35.172%	     0.000	        1	Delegate/Binary Elementwise (ND):302
	                 Binary Elementwise (ND)	    0.306	    0.331	  0.005%	 35.177%	     0.000	        1	Delegate/Binary Elementwise (ND):303
	          Fully Connected (NC, F32) GEMM	   59.152	   60.977	  0.948%	 36.125%	     0.000	        1	Delegate/Fully Connected (NC, F32) GEMM:304
	                  Unary Elementwise (NC)	    5.181	    5.279	  0.082%	 36.207%	     0.000	        1	Delegate/Unary Elementwise (NC):305
	                          Copy (NC, X32)	    0.000	    0.000	  0.000%	 36.207%	     0.000	        1	Delegate/Copy (NC, X32):306
	          Fully Connected (NC, F32) GEMM	   58.959	   59.680	  0.928%	 37.135%	     0.000	        1	Delegate/Fully Connected (NC, F32) GEMM:307
	                          Copy (NC, X32)	    0.001	    0.001	  0.000%	 37.135%	     0.000	        1	Delegate/Copy (NC, X32):308
	                 Binary Elementwise (ND)	    0.204	    0.208	  0.003%	 37.138%	     0.000	        1	Delegate/Binary Elementwise (ND):309
	                 Binary Elementwise (ND)	    0.324	    0.327	  0.005%	 37.143%	     0.000	        1	Delegate/Binary Elementwise (ND):310
	                           Sum (ND) Mean	    0.183	    0.181	  0.003%	 37.146%	     0.000	        1	Delegate/Sum (ND) Mean:311
	                 Binary Elementwise (ND)	    0.001	    0.001	  0.000%	 37.146%	     0.000	        1	Delegate/Binary Elementwise (ND):312
	                          Copy (NC, X32)	    0.000	    0.000	  0.000%	 37.146%	     0.000	        1	Delegate/Copy (NC, X32):313
	                 Binary Elementwise (ND)	    0.242	    0.243	  0.004%	 37.150%	     0.000	        1	Delegate/Binary Elementwise (ND):314
	                 Binary Elementwise (ND)	    0.289	    0.260	  0.004%	 37.154%	     0.000	        1	Delegate/Binary Elementwise (ND):315
	                           Sum (ND) Mean	    0.177	    0.178	  0.003%	 37.157%	     0.000	        1	Delegate/Sum (ND) Mean:316
	                 Binary Elementwise (ND)	    0.001	    0.000	  0.000%	 37.157%	     0.000	        1	Delegate/Binary Elementwise (ND):317
	                 Binary Elementwise (ND)	    0.001	    0.001	  0.000%	 37.157%	     0.000	        1	Delegate/Binary Elementwise (ND):318
	                          Copy (NC, X32)	    0.000	    0.000	  0.000%	 37.157%	     0.000	        1	Delegate/Copy (NC, X32):319
	                  Unary Elementwise (NC)	    0.002	    0.002	  0.000%	 37.157%	     0.000	        1	Delegate/Unary Elementwise (NC):320
	                 Binary Elementwise (ND)	    0.238	    0.234	  0.004%	 37.161%	     0.000	        1	Delegate/Binary Elementwise (ND):321
	                 Binary Elementwise (ND)	    0.209	    0.213	  0.003%	 37.164%	     0.000	        1	Delegate/Binary Elementwise (ND):322
	                 Binary Elementwise (ND)	    0.302	    0.301	  0.005%	 37.169%	     0.000	        1	Delegate/Binary Elementwise (ND):323
	          Fully Connected (NC, F32) GEMM	   44.596	   44.442	  0.691%	 37.859%	     0.000	        1	Delegate/Fully Connected (NC, F32) GEMM:324
	                         Slice (ND, X32)	    0.536	    0.539	  0.008%	 37.868%	     0.000	        1	Delegate/Slice (ND, X32):325
	                         Slice (ND, X32)	    0.611	    0.598	  0.009%	 37.877%	     0.000	        1	Delegate/Slice (ND, X32):326
	                         Slice (ND, X32)	    0.637	    0.636	  0.010%	 37.887%	     0.000	        1	Delegate/Slice (ND, X32):327
	                          Copy (NC, X32)	    0.001	    0.000	  0.000%	 37.887%	     0.000	        1	Delegate/Copy (NC, X32):328
	                          Copy (NC, X32)	    0.000	    0.000	  0.000%	 37.887%	     0.000	        1	Delegate/Copy (NC, X32):329
	           Transpose (ND, X32) Transpose	    0.408	    0.406	  0.006%	 37.893%	     0.000	        1	Delegate/Transpose (ND, X32) Transpose:330
	                 Binary Elementwise (ND)	    0.305	    0.283	  0.004%	 37.898%	     0.000	        1	Delegate/Binary Elementwise (ND):331
	                          Copy (NC, X32)	    0.000	    0.000	  0.000%	 37.898%	     0.000	        1	Delegate/Copy (NC, X32):332
	           Transpose (ND, X32) Transpose	    0.398	    0.409	  0.006%	 37.904%	     0.000	        1	Delegate/Transpose (ND, X32) Transpose:333
	           Transpose (ND, X32) Transpose	    0.803	    0.817	  0.013%	 37.917%	     0.000	        1	Delegate/Transpose (ND, X32) Transpose:334
	                          Copy (NC, X32)	    0.000	    0.000	  0.000%	 37.917%	     0.000	        1	Delegate/Copy (NC, X32):335
	                          Copy (NC, X32)	    0.000	    0.000	  0.000%	 37.917%	     0.000	        1	Delegate/Copy (NC, X32):336
	    Batch Matrix Multiply (NC, F32) GEMM	   96.775	   96.958	  1.507%	 39.424%	     0.000	        1	Delegate/Batch Matrix Multiply (NC, F32) GEMM:337
	                          Copy (NC, X32)	    0.001	    0.001	  0.000%	 39.424%	     0.000	        1	Delegate/Copy (NC, X32):338
	                       Softmax (NC, F32)	   43.848	   43.801	  0.681%	 40.105%	     0.000	        1	Delegate/Softmax (NC, F32):339
	                          Copy (NC, X32)	    0.001	    0.001	  0.000%	 40.105%	     0.000	        1	Delegate/Copy (NC, X32):340
	                          Copy (NC, X32)	    0.000	    0.000	  0.000%	 40.105%	     0.000	        1	Delegate/Copy (NC, X32):341
	    Batch Matrix Multiply (NC, F32) GEMM	  100.010	  100.535	  1.563%	 41.668%	     0.000	        1	Delegate/Batch Matrix Multiply (NC, F32) GEMM:342
	                          Copy (NC, X32)	    0.001	    0.001	  0.000%	 41.668%	     0.000	        1	Delegate/Copy (NC, X32):343
	           Transpose (ND, X32) Transpose	    0.243	    0.241	  0.004%	 41.672%	     0.000	        1	Delegate/Transpose (ND, X32) Transpose:344
	                          Copy (NC, X32)	    0.001	    0.000	  0.000%	 41.672%	     0.000	        1	Delegate/Copy (NC, X32):345
	          Fully Connected (NC, F32) GEMM	   14.354	   14.385	  0.224%	 41.895%	     0.000	        1	Delegate/Fully Connected (NC, F32) GEMM:346
	                          Copy (NC, X32)	    0.001	    0.001	  0.000%	 41.895%	     0.000	        1	Delegate/Copy (NC, X32):347
	                 Binary Elementwise (ND)	    0.366	    0.369	  0.006%	 41.901%	     0.000	        1	Delegate/Binary Elementwise (ND):348
	                 Binary Elementwise (ND)	    0.273	    0.287	  0.004%	 41.906%	     0.000	        1	Delegate/Binary Elementwise (ND):349
	                           Sum (ND) Mean	    0.158	    0.166	  0.003%	 41.908%	     0.000	        1	Delegate/Sum (ND) Mean:350
	                 Binary Elementwise (ND)	    0.001	    0.001	  0.000%	 41.908%	     0.000	        1	Delegate/Binary Elementwise (ND):351
	                          Copy (NC, X32)	    0.000	    0.000	  0.000%	 41.908%	     0.000	        1	Delegate/Copy (NC, X32):352
	                 Binary Elementwise (ND)	    0.145	    0.148	  0.002%	 41.910%	     0.000	        1	Delegate/Binary Elementwise (ND):353
	                 Binary Elementwise (ND)	    0.209	    0.219	  0.003%	 41.914%	     0.000	        1	Delegate/Binary Elementwise (ND):354
	                           Sum (ND) Mean	    0.168	    0.166	  0.003%	 41.916%	     0.000	        1	Delegate/Sum (ND) Mean:355
	                 Binary Elementwise (ND)	    0.000	    0.001	  0.000%	 41.916%	     0.000	        1	Delegate/Binary Elementwise (ND):356
	                 Binary Elementwise (ND)	    0.001	    0.001	  0.000%	 41.916%	     0.000	        1	Delegate/Binary Elementwise (ND):357
	                          Copy (NC, X32)	    0.000	    0.000	  0.000%	 41.916%	     0.000	        1	Delegate/Copy (NC, X32):358
	                  Unary Elementwise (NC)	    0.003	    0.002	  0.000%	 41.917%	     0.000	        1	Delegate/Unary Elementwise (NC):359
	                 Binary Elementwise (ND)	    0.209	    0.215	  0.003%	 41.920%	     0.000	        1	Delegate/Binary Elementwise (ND):360
	                 Binary Elementwise (ND)	    0.231	    0.235	  0.004%	 41.924%	     0.000	        1	Delegate/Binary Elementwise (ND):361
	                 Binary Elementwise (ND)	    0.301	    0.325	  0.005%	 41.929%	     0.000	        1	Delegate/Binary Elementwise (ND):362
	          Fully Connected (NC, F32) GEMM	   59.020	   59.267	  0.921%	 42.850%	     0.000	        1	Delegate/Fully Connected (NC, F32) GEMM:363
	                  Unary Elementwise (NC)	    5.188	    5.193	  0.081%	 42.931%	     0.000	        1	Delegate/Unary Elementwise (NC):364
	                          Copy (NC, X32)	    0.001	    0.000	  0.000%	 42.931%	     0.000	        1	Delegate/Copy (NC, X32):365
	          Fully Connected (NC, F32) GEMM	   58.815	   59.148	  0.920%	 43.850%	     0.000	        1	Delegate/Fully Connected (NC, F32) GEMM:366
	                          Copy (NC, X32)	    0.002	    0.001	  0.000%	 43.850%	     0.000	        1	Delegate/Copy (NC, X32):367
	                 Binary Elementwise (ND)	    0.206	    0.206	  0.003%	 43.853%	     0.000	        1	Delegate/Binary Elementwise (ND):368
	                 Binary Elementwise (ND)	    0.324	    0.327	  0.005%	 43.858%	     0.000	        1	Delegate/Binary Elementwise (ND):369
	                           Sum (ND) Mean	    0.182	    0.185	  0.003%	 43.861%	     0.000	        1	Delegate/Sum (ND) Mean:370
	                 Binary Elementwise (ND)	    0.001	    0.001	  0.000%	 43.861%	     0.000	        1	Delegate/Binary Elementwise (ND):371
	                          Copy (NC, X32)	    0.000	    0.000	  0.000%	 43.861%	     0.000	        1	Delegate/Copy (NC, X32):372
	                 Binary Elementwise (ND)	    0.241	    0.242	  0.004%	 43.865%	     0.000	        1	Delegate/Binary Elementwise (ND):373
	                 Binary Elementwise (ND)	    0.249	    0.255	  0.004%	 43.869%	     0.000	        1	Delegate/Binary Elementwise (ND):374
	                           Sum (ND) Mean	    0.181	    0.183	  0.003%	 43.872%	     0.000	        1	Delegate/Sum (ND) Mean:375
	                 Binary Elementwise (ND)	    0.000	    0.000	  0.000%	 43.872%	     0.000	        1	Delegate/Binary Elementwise (ND):376
	                 Binary Elementwise (ND)	    0.001	    0.001	  0.000%	 43.872%	     0.000	        1	Delegate/Binary Elementwise (ND):377
	                          Copy (NC, X32)	    0.000	    0.000	  0.000%	 43.872%	     0.000	        1	Delegate/Copy (NC, X32):378
	                  Unary Elementwise (NC)	    0.002	    0.002	  0.000%	 43.872%	     0.000	        1	Delegate/Unary Elementwise (NC):379
	                 Binary Elementwise (ND)	    0.239	    0.235	  0.004%	 43.876%	     0.000	        1	Delegate/Binary Elementwise (ND):380
	                 Binary Elementwise (ND)	    0.246	    0.248	  0.004%	 43.880%	     0.000	        1	Delegate/Binary Elementwise (ND):381
	                 Binary Elementwise (ND)	    0.242	    0.243	  0.004%	 43.883%	     0.000	        1	Delegate/Binary Elementwise (ND):382
	          Fully Connected (NC, F32) GEMM	   44.370	   44.340	  0.689%	 44.573%	     0.000	        1	Delegate/Fully Connected (NC, F32) GEMM:383
	                         Slice (ND, X32)	    0.536	    0.545	  0.008%	 44.581%	     0.000	        1	Delegate/Slice (ND, X32):384
	                         Slice (ND, X32)	    0.601	    0.602	  0.009%	 44.590%	     0.000	        1	Delegate/Slice (ND, X32):385
	                         Slice (ND, X32)	    0.591	    0.619	  0.010%	 44.600%	     0.000	        1	Delegate/Slice (ND, X32):386
	                          Copy (NC, X32)	    0.000	    0.000	  0.000%	 44.600%	     0.000	        1	Delegate/Copy (NC, X32):387
	                          Copy (NC, X32)	    0.000	    0.000	  0.000%	 44.600%	     0.000	        1	Delegate/Copy (NC, X32):388
	           Transpose (ND, X32) Transpose	    0.403	    0.398	  0.006%	 44.606%	     0.000	        1	Delegate/Transpose (ND, X32) Transpose:389
	                 Binary Elementwise (ND)	    0.280	    0.273	  0.004%	 44.610%	     0.000	        1	Delegate/Binary Elementwise (ND):390
	                          Copy (NC, X32)	    0.000	    0.000	  0.000%	 44.610%	     0.000	        1	Delegate/Copy (NC, X32):391
	           Transpose (ND, X32) Transpose	    0.392	    0.400	  0.006%	 44.617%	     0.000	        1	Delegate/Transpose (ND, X32) Transpose:392
	           Transpose (ND, X32) Transpose	    0.780	    0.789	  0.012%	 44.629%	     0.000	        1	Delegate/Transpose (ND, X32) Transpose:393
	                          Copy (NC, X32)	    0.000	    0.000	  0.000%	 44.629%	     0.000	        1	Delegate/Copy (NC, X32):394
	                          Copy (NC, X32)	    0.000	    0.000	  0.000%	 44.629%	     0.000	        1	Delegate/Copy (NC, X32):395
	    Batch Matrix Multiply (NC, F32) GEMM	   96.888	   97.016	  1.508%	 46.137%	     0.000	        1	Delegate/Batch Matrix Multiply (NC, F32) GEMM:396
	                          Copy (NC, X32)	    0.001	    0.001	  0.000%	 46.137%	     0.000	        1	Delegate/Copy (NC, X32):397
	                       Softmax (NC, F32)	   44.065	   43.859	  0.682%	 46.819%	     0.000	        1	Delegate/Softmax (NC, F32):398
	                          Copy (NC, X32)	    0.001	    0.001	  0.000%	 46.819%	     0.000	        1	Delegate/Copy (NC, X32):399
	                          Copy (NC, X32)	    0.000	    0.000	  0.000%	 46.819%	     0.000	        1	Delegate/Copy (NC, X32):400
	    Batch Matrix Multiply (NC, F32) GEMM	  100.250	  100.560	  1.563%	 48.382%	     0.000	        1	Delegate/Batch Matrix Multiply (NC, F32) GEMM:401
	                          Copy (NC, X32)	    0.001	    0.001	  0.000%	 48.382%	     0.000	        1	Delegate/Copy (NC, X32):402
	           Transpose (ND, X32) Transpose	    0.242	    0.243	  0.004%	 48.386%	     0.000	        1	Delegate/Transpose (ND, X32) Transpose:403
	                          Copy (NC, X32)	    0.000	    0.001	  0.000%	 48.386%	     0.000	        1	Delegate/Copy (NC, X32):404
	          Fully Connected (NC, F32) GEMM	   14.370	   14.625	  0.227%	 48.614%	     0.000	        1	Delegate/Fully Connected (NC, F32) GEMM:405
	                          Copy (NC, X32)	    0.000	    0.001	  0.000%	 48.614%	     0.000	        1	Delegate/Copy (NC, X32):406
	                 Binary Elementwise (ND)	    0.347	    0.364	  0.006%	 48.619%	     0.000	        1	Delegate/Binary Elementwise (ND):407
	                 Binary Elementwise (ND)	    0.351	    0.334	  0.005%	 48.624%	     0.000	        1	Delegate/Binary Elementwise (ND):408
	                           Sum (ND) Mean	    0.173	    0.188	  0.003%	 48.627%	     0.000	        1	Delegate/Sum (ND) Mean:409
	                 Binary Elementwise (ND)	    0.001	    0.001	  0.000%	 48.627%	     0.000	        1	Delegate/Binary Elementwise (ND):410
	                          Copy (NC, X32)	    0.000	    0.000	  0.000%	 48.627%	     0.000	        1	Delegate/Copy (NC, X32):411
	                 Binary Elementwise (ND)	    0.228	    0.261	  0.004%	 48.631%	     0.000	        1	Delegate/Binary Elementwise (ND):412
	                 Binary Elementwise (ND)	    0.251	    0.263	  0.004%	 48.635%	     0.000	        1	Delegate/Binary Elementwise (ND):413
	                           Sum (ND) Mean	    0.180	    0.185	  0.003%	 48.638%	     0.000	        1	Delegate/Sum (ND) Mean:414
	                 Binary Elementwise (ND)	    0.000	    0.000	  0.000%	 48.638%	     0.000	        1	Delegate/Binary Elementwise (ND):415
	                 Binary Elementwise (ND)	    0.001	    0.001	  0.000%	 48.638%	     0.000	        1	Delegate/Binary Elementwise (ND):416
	                          Copy (NC, X32)	    0.000	    0.000	  0.000%	 48.638%	     0.000	        1	Delegate/Copy (NC, X32):417
	                  Unary Elementwise (NC)	    0.003	    0.002	  0.000%	 48.638%	     0.000	        1	Delegate/Unary Elementwise (NC):418
	                 Binary Elementwise (ND)	    0.230	    0.241	  0.004%	 48.642%	     0.000	        1	Delegate/Binary Elementwise (ND):419
	                 Binary Elementwise (ND)	    0.244	    0.252	  0.004%	 48.646%	     0.000	        1	Delegate/Binary Elementwise (ND):420
	                 Binary Elementwise (ND)	    0.267	    0.278	  0.004%	 48.650%	     0.000	        1	Delegate/Binary Elementwise (ND):421
	          Fully Connected (NC, F32) GEMM	   59.629	   59.542	  0.926%	 49.576%	     0.000	        1	Delegate/Fully Connected (NC, F32) GEMM:422
	                  Unary Elementwise (NC)	    5.190	    5.192	  0.081%	 49.657%	     0.000	        1	Delegate/Unary Elementwise (NC):423
	                          Copy (NC, X32)	    0.000	    0.000	  0.000%	 49.657%	     0.000	        1	Delegate/Copy (NC, X32):424
	          Fully Connected (NC, F32) GEMM	   60.583	   59.397	  0.923%	 50.580%	     0.000	        1	Delegate/Fully Connected (NC, F32) GEMM:425
	                          Copy (NC, X32)	    0.001	    0.001	  0.000%	 50.580%	     0.000	        1	Delegate/Copy (NC, X32):426
	                 Binary Elementwise (ND)	    0.206	    0.209	  0.003%	 50.583%	     0.000	        1	Delegate/Binary Elementwise (ND):427
	                 Binary Elementwise (ND)	    0.325	    0.329	  0.005%	 50.588%	     0.000	        1	Delegate/Binary Elementwise (ND):428
	                           Sum (ND) Mean	    0.219	    0.194	  0.003%	 50.592%	     0.000	        1	Delegate/Sum (ND) Mean:429
	                 Binary Elementwise (ND)	    0.002	    0.001	  0.000%	 50.592%	     0.000	        1	Delegate/Binary Elementwise (ND):430
	                          Copy (NC, X32)	    0.000	    0.000	  0.000%	 50.592%	     0.000	        1	Delegate/Copy (NC, X32):431
	                 Binary Elementwise (ND)	    0.263	    0.253	  0.004%	 50.595%	     0.000	        1	Delegate/Binary Elementwise (ND):432
	                 Binary Elementwise (ND)	    0.259	    0.258	  0.004%	 50.599%	     0.000	        1	Delegate/Binary Elementwise (ND):433
	                           Sum (ND) Mean	    0.182	    0.181	  0.003%	 50.602%	     0.000	        1	Delegate/Sum (ND) Mean:434
	                 Binary Elementwise (ND)	    0.000	    0.000	  0.000%	 50.602%	     0.000	        1	Delegate/Binary Elementwise (ND):435
	                 Binary Elementwise (ND)	    0.001	    0.001	  0.000%	 50.602%	     0.000	        1	Delegate/Binary Elementwise (ND):436
	                          Copy (NC, X32)	    0.000	    0.000	  0.000%	 50.602%	     0.000	        1	Delegate/Copy (NC, X32):437
	                  Unary Elementwise (NC)	    0.002	    0.002	  0.000%	 50.602%	     0.000	        1	Delegate/Unary Elementwise (NC):438
	                 Binary Elementwise (ND)	    0.235	    0.237	  0.004%	 50.606%	     0.000	        1	Delegate/Binary Elementwise (ND):439
	                 Binary Elementwise (ND)	    0.206	    0.210	  0.003%	 50.609%	     0.000	        1	Delegate/Binary Elementwise (ND):440
	                 Binary Elementwise (ND)	    0.302	    0.306	  0.005%	 50.614%	     0.000	        1	Delegate/Binary Elementwise (ND):441
	          Fully Connected (NC, F32) GEMM	   47.213	   44.713	  0.695%	 51.309%	     0.000	        1	Delegate/Fully Connected (NC, F32) GEMM:442
	                         Slice (ND, X32)	    0.618	    0.595	  0.009%	 51.318%	     0.000	        1	Delegate/Slice (ND, X32):443
	                         Slice (ND, X32)	    0.572	    0.533	  0.008%	 51.327%	     0.000	        1	Delegate/Slice (ND, X32):444
	                         Slice (ND, X32)	    0.601	    0.583	  0.009%	 51.336%	     0.000	        1	Delegate/Slice (ND, X32):445
	                          Copy (NC, X32)	    0.000	    0.000	  0.000%	 51.336%	     0.000	        1	Delegate/Copy (NC, X32):446
	                          Copy (NC, X32)	    0.000	    0.000	  0.000%	 51.336%	     0.000	        1	Delegate/Copy (NC, X32):447
	           Transpose (ND, X32) Transpose	    0.437	    0.408	  0.006%	 51.342%	     0.000	        1	Delegate/Transpose (ND, X32) Transpose:448
	                 Binary Elementwise (ND)	    0.279	    0.276	  0.004%	 51.346%	     0.000	        1	Delegate/Binary Elementwise (ND):449
	                          Copy (NC, X32)	    0.000	    0.000	  0.000%	 51.346%	     0.000	        1	Delegate/Copy (NC, X32):450
	           Transpose (ND, X32) Transpose	    0.418	    0.404	  0.006%	 51.353%	     0.000	        1	Delegate/Transpose (ND, X32) Transpose:451
	           Transpose (ND, X32) Transpose	    0.834	    0.784	  0.012%	 51.365%	     0.000	        1	Delegate/Transpose (ND, X32) Transpose:452
	                          Copy (NC, X32)	    0.002	    0.001	  0.000%	 51.365%	     0.000	        1	Delegate/Copy (NC, X32):453
	                          Copy (NC, X32)	    0.000	    0.000	  0.000%	 51.365%	     0.000	        1	Delegate/Copy (NC, X32):454
	    Batch Matrix Multiply (NC, F32) GEMM	   99.310	   97.175	  1.511%	 52.876%	     0.000	        1	Delegate/Batch Matrix Multiply (NC, F32) GEMM:455
	                          Copy (NC, X32)	    0.002	    0.001	  0.000%	 52.876%	     0.000	        1	Delegate/Copy (NC, X32):456
	                       Softmax (NC, F32)	   43.953	   43.822	  0.681%	 53.557%	     0.000	        1	Delegate/Softmax (NC, F32):457
	                          Copy (NC, X32)	    0.001	    0.001	  0.000%	 53.557%	     0.000	        1	Delegate/Copy (NC, X32):458
	                          Copy (NC, X32)	    0.000	    0.000	  0.000%	 53.557%	     0.000	        1	Delegate/Copy (NC, X32):459
	    Batch Matrix Multiply (NC, F32) GEMM	  100.334	   99.693	  1.550%	 55.107%	     0.000	        1	Delegate/Batch Matrix Multiply (NC, F32) GEMM:460
	                          Copy (NC, X32)	    0.001	    0.001	  0.000%	 55.107%	     0.000	        1	Delegate/Copy (NC, X32):461
	           Transpose (ND, X32) Transpose	    0.240	    0.246	  0.004%	 55.110%	     0.000	        1	Delegate/Transpose (ND, X32) Transpose:462
	                          Copy (NC, X32)	    0.000	    0.000	  0.000%	 55.110%	     0.000	        1	Delegate/Copy (NC, X32):463
	          Fully Connected (NC, F32) GEMM	   14.384	   14.387	  0.224%	 55.334%	     0.000	        1	Delegate/Fully Connected (NC, F32) GEMM:464
	                          Copy (NC, X32)	    0.001	    0.001	  0.000%	 55.334%	     0.000	        1	Delegate/Copy (NC, X32):465
	                 Binary Elementwise (ND)	    0.363	    0.353	  0.005%	 55.340%	     0.000	        1	Delegate/Binary Elementwise (ND):466
	                 Binary Elementwise (ND)	    0.312	    0.316	  0.005%	 55.345%	     0.000	        1	Delegate/Binary Elementwise (ND):467
	                           Sum (ND) Mean	    0.195	    0.184	  0.003%	 55.347%	     0.000	        1	Delegate/Sum (ND) Mean:468
	                 Binary Elementwise (ND)	    0.001	    0.001	  0.000%	 55.347%	     0.000	        1	Delegate/Binary Elementwise (ND):469
	                          Copy (NC, X32)	    0.000	    0.000	  0.000%	 55.347%	     0.000	        1	Delegate/Copy (NC, X32):470
	                 Binary Elementwise (ND)	    0.268	    0.266	  0.004%	 55.352%	     0.000	        1	Delegate/Binary Elementwise (ND):471
	                 Binary Elementwise (ND)	    0.288	    0.261	  0.004%	 55.356%	     0.000	        1	Delegate/Binary Elementwise (ND):472
	                           Sum (ND) Mean	    0.180	    0.186	  0.003%	 55.358%	     0.000	        1	Delegate/Sum (ND) Mean:473
	                 Binary Elementwise (ND)	    0.001	    0.001	  0.000%	 55.359%	     0.000	        1	Delegate/Binary Elementwise (ND):474
	                 Binary Elementwise (ND)	    0.001	    0.001	  0.000%	 55.359%	     0.000	        1	Delegate/Binary Elementwise (ND):475
	                          Copy (NC, X32)	    0.000	    0.000	  0.000%	 55.359%	     0.000	        1	Delegate/Copy (NC, X32):476
	                  Unary Elementwise (NC)	    0.002	    0.002	  0.000%	 55.359%	     0.000	        1	Delegate/Unary Elementwise (NC):477
	                 Binary Elementwise (ND)	    0.230	    0.231	  0.004%	 55.362%	     0.000	        1	Delegate/Binary Elementwise (ND):478
	                 Binary Elementwise (ND)	    0.236	    0.243	  0.004%	 55.366%	     0.000	        1	Delegate/Binary Elementwise (ND):479
	                 Binary Elementwise (ND)	    0.258	    0.262	  0.004%	 55.370%	     0.000	        1	Delegate/Binary Elementwise (ND):480
	          Fully Connected (NC, F32) GEMM	   59.189	   59.138	  0.919%	 56.289%	     0.000	        1	Delegate/Fully Connected (NC, F32) GEMM:481
	                  Unary Elementwise (NC)	    5.176	    5.190	  0.081%	 56.370%	     0.000	        1	Delegate/Unary Elementwise (NC):482
	                          Copy (NC, X32)	    0.001	    0.000	  0.000%	 56.370%	     0.000	        1	Delegate/Copy (NC, X32):483
	          Fully Connected (NC, F32) GEMM	   59.157	   59.165	  0.920%	 57.290%	     0.000	        1	Delegate/Fully Connected (NC, F32) GEMM:484
	                          Copy (NC, X32)	    0.001	    0.001	  0.000%	 57.290%	     0.000	        1	Delegate/Copy (NC, X32):485
	                 Binary Elementwise (ND)	    0.205	    0.209	  0.003%	 57.293%	     0.000	        1	Delegate/Binary Elementwise (ND):486
	                 Binary Elementwise (ND)	    0.330	    0.330	  0.005%	 57.298%	     0.000	        1	Delegate/Binary Elementwise (ND):487
	                           Sum (ND) Mean	    0.185	    0.187	  0.003%	 57.301%	     0.000	        1	Delegate/Sum (ND) Mean:488
	                 Binary Elementwise (ND)	    0.001	    0.001	  0.000%	 57.301%	     0.000	        1	Delegate/Binary Elementwise (ND):489
	                          Copy (NC, X32)	    0.000	    0.000	  0.000%	 57.301%	     0.000	        1	Delegate/Copy (NC, X32):490
	                 Binary Elementwise (ND)	    0.243	    0.253	  0.004%	 57.305%	     0.000	        1	Delegate/Binary Elementwise (ND):491
	                 Binary Elementwise (ND)	    0.258	    0.253	  0.004%	 57.309%	     0.000	        1	Delegate/Binary Elementwise (ND):492
	                           Sum (ND) Mean	    0.187	    0.185	  0.003%	 57.312%	     0.000	        1	Delegate/Sum (ND) Mean:493
	                 Binary Elementwise (ND)	    0.000	    0.000	  0.000%	 57.312%	     0.000	        1	Delegate/Binary Elementwise (ND):494
	                 Binary Elementwise (ND)	    0.001	    0.001	  0.000%	 57.312%	     0.000	        1	Delegate/Binary Elementwise (ND):495
	                          Copy (NC, X32)	    0.000	    0.000	  0.000%	 57.312%	     0.000	        1	Delegate/Copy (NC, X32):496
	                  Unary Elementwise (NC)	    0.002	    0.002	  0.000%	 57.312%	     0.000	        1	Delegate/Unary Elementwise (NC):497
	                 Binary Elementwise (ND)	    0.236	    0.238	  0.004%	 57.316%	     0.000	        1	Delegate/Binary Elementwise (ND):498
	                 Binary Elementwise (ND)	    0.210	    0.218	  0.003%	 57.319%	     0.000	        1	Delegate/Binary Elementwise (ND):499
	                 Binary Elementwise (ND)	    0.298	    0.293	  0.005%	 57.324%	     0.000	        1	Delegate/Binary Elementwise (ND):500
	          Fully Connected (NC, F32) GEMM	   44.388	   44.358	  0.690%	 58.013%	     0.000	        1	Delegate/Fully Connected (NC, F32) GEMM:501
	                         Slice (ND, X32)	    0.586	    0.592	  0.009%	 58.022%	     0.000	        1	Delegate/Slice (ND, X32):502
	                         Slice (ND, X32)	    0.563	    0.543	  0.008%	 58.031%	     0.000	        1	Delegate/Slice (ND, X32):503
	                         Slice (ND, X32)	    0.582	    0.570	  0.009%	 58.040%	     0.000	        1	Delegate/Slice (ND, X32):504
	                          Copy (NC, X32)	    0.001	    0.000	  0.000%	 58.040%	     0.000	        1	Delegate/Copy (NC, X32):505
	                          Copy (NC, X32)	    0.000	    0.000	  0.000%	 58.040%	     0.000	        1	Delegate/Copy (NC, X32):506
	           Transpose (ND, X32) Transpose	    0.400	    0.402	  0.006%	 58.046%	     0.000	        1	Delegate/Transpose (ND, X32) Transpose:507
	                 Binary Elementwise (ND)	    0.274	    0.280	  0.004%	 58.050%	     0.000	        1	Delegate/Binary Elementwise (ND):508
	                          Copy (NC, X32)	    0.000	    0.000	  0.000%	 58.050%	     0.000	        1	Delegate/Copy (NC, X32):509
	           Transpose (ND, X32) Transpose	    0.400	    0.399	  0.006%	 58.057%	     0.000	        1	Delegate/Transpose (ND, X32) Transpose:510
	           Transpose (ND, X32) Transpose	    0.759	    0.773	  0.012%	 58.069%	     0.000	        1	Delegate/Transpose (ND, X32) Transpose:511
	                          Copy (NC, X32)	    0.001	    0.000	  0.000%	 58.069%	     0.000	        1	Delegate/Copy (NC, X32):512
	                          Copy (NC, X32)	    0.000	    0.000	  0.000%	 58.069%	     0.000	        1	Delegate/Copy (NC, X32):513
	    Batch Matrix Multiply (NC, F32) GEMM	  108.544	   99.708	  1.550%	 59.619%	     0.000	        1	Delegate/Batch Matrix Multiply (NC, F32) GEMM:514
	                          Copy (NC, X32)	    0.002	    0.001	  0.000%	 59.619%	     0.000	        1	Delegate/Copy (NC, X32):515
	                       Softmax (NC, F32)	   44.319	   44.202	  0.687%	 60.306%	     0.000	        1	Delegate/Softmax (NC, F32):516
	                          Copy (NC, X32)	    0.002	    0.002	  0.000%	 60.306%	     0.000	        1	Delegate/Copy (NC, X32):517
	                          Copy (NC, X32)	    0.000	    0.000	  0.000%	 60.306%	     0.000	        1	Delegate/Copy (NC, X32):518
	    Batch Matrix Multiply (NC, F32) GEMM	   99.860	  100.105	  1.556%	 61.862%	     0.000	        1	Delegate/Batch Matrix Multiply (NC, F32) GEMM:519
	                          Copy (NC, X32)	    0.001	    0.001	  0.000%	 61.862%	     0.000	        1	Delegate/Copy (NC, X32):520
	           Transpose (ND, X32) Transpose	    0.241	    0.253	  0.004%	 61.866%	     0.000	        1	Delegate/Transpose (ND, X32) Transpose:521
	                          Copy (NC, X32)	    0.000	    0.000	  0.000%	 61.866%	     0.000	        1	Delegate/Copy (NC, X32):522
	          Fully Connected (NC, F32) GEMM	   14.521	   14.383	  0.224%	 62.090%	     0.000	        1	Delegate/Fully Connected (NC, F32) GEMM:523
	                          Copy (NC, X32)	    0.001	    0.001	  0.000%	 62.090%	     0.000	        1	Delegate/Copy (NC, X32):524
	                 Binary Elementwise (ND)	    0.337	    0.363	  0.006%	 62.095%	     0.000	        1	Delegate/Binary Elementwise (ND):525
	                 Binary Elementwise (ND)	    0.314	    0.310	  0.005%	 62.100%	     0.000	        1	Delegate/Binary Elementwise (ND):526
	                           Sum (ND) Mean	    0.173	    0.181	  0.003%	 62.103%	     0.000	        1	Delegate/Sum (ND) Mean:527
	                 Binary Elementwise (ND)	    0.001	    0.001	  0.000%	 62.103%	     0.000	        1	Delegate/Binary Elementwise (ND):528
	                          Copy (NC, X32)	    0.000	    0.000	  0.000%	 62.103%	     0.000	        1	Delegate/Copy (NC, X32):529
	                 Binary Elementwise (ND)	    0.239	    0.251	  0.004%	 62.107%	     0.000	        1	Delegate/Binary Elementwise (ND):530
	                 Binary Elementwise (ND)	    0.247	    0.252	  0.004%	 62.111%	     0.000	        1	Delegate/Binary Elementwise (ND):531
	                           Sum (ND) Mean	    0.180	    0.189	  0.003%	 62.114%	     0.000	        1	Delegate/Sum (ND) Mean:532
	                 Binary Elementwise (ND)	    0.000	    0.001	  0.000%	 62.114%	     0.000	        1	Delegate/Binary Elementwise (ND):533
	                 Binary Elementwise (ND)	    0.001	    0.001	  0.000%	 62.114%	     0.000	        1	Delegate/Binary Elementwise (ND):534
	                          Copy (NC, X32)	    0.000	    0.000	  0.000%	 62.114%	     0.000	        1	Delegate/Copy (NC, X32):535
	                  Unary Elementwise (NC)	    0.002	    0.002	  0.000%	 62.114%	     0.000	        1	Delegate/Unary Elementwise (NC):536
	                 Binary Elementwise (ND)	    0.229	    0.236	  0.004%	 62.117%	     0.000	        1	Delegate/Binary Elementwise (ND):537
	                 Binary Elementwise (ND)	    0.277	    0.246	  0.004%	 62.121%	     0.000	        1	Delegate/Binary Elementwise (ND):538
	                 Binary Elementwise (ND)	    0.267	    0.261	  0.004%	 62.125%	     0.000	        1	Delegate/Binary Elementwise (ND):539
	          Fully Connected (NC, F32) GEMM	   59.048	   59.126	  0.919%	 63.044%	     0.000	        1	Delegate/Fully Connected (NC, F32) GEMM:540
	                  Unary Elementwise (NC)	    5.203	    5.199	  0.081%	 63.125%	     0.000	        1	Delegate/Unary Elementwise (NC):541
	                          Copy (NC, X32)	    0.000	    0.000	  0.000%	 63.125%	     0.000	        1	Delegate/Copy (NC, X32):542
	          Fully Connected (NC, F32) GEMM	   59.869	   59.481	  0.925%	 64.050%	     0.000	        1	Delegate/Fully Connected (NC, F32) GEMM:543
	                          Copy (NC, X32)	    0.001	    0.001	  0.000%	 64.050%	     0.000	        1	Delegate/Copy (NC, X32):544
	                 Binary Elementwise (ND)	    0.208	    0.208	  0.003%	 64.053%	     0.000	        1	Delegate/Binary Elementwise (ND):545
	                 Binary Elementwise (ND)	    0.337	    0.327	  0.005%	 64.058%	     0.000	        1	Delegate/Binary Elementwise (ND):546
	                           Sum (ND) Mean	    0.189	    0.186	  0.003%	 64.061%	     0.000	        1	Delegate/Sum (ND) Mean:547
	                 Binary Elementwise (ND)	    0.001	    0.001	  0.000%	 64.061%	     0.000	        1	Delegate/Binary Elementwise (ND):548
	                          Copy (NC, X32)	    0.000	    0.000	  0.000%	 64.061%	     0.000	        1	Delegate/Copy (NC, X32):549
	                 Binary Elementwise (ND)	    0.243	    0.252	  0.004%	 64.065%	     0.000	        1	Delegate/Binary Elementwise (ND):550
	                 Binary Elementwise (ND)	    0.263	    0.256	  0.004%	 64.069%	     0.000	        1	Delegate/Binary Elementwise (ND):551
	                           Sum (ND) Mean	    0.171	    0.180	  0.003%	 64.072%	     0.000	        1	Delegate/Sum (ND) Mean:552
	                 Binary Elementwise (ND)	    0.001	    0.000	  0.000%	 64.072%	     0.000	        1	Delegate/Binary Elementwise (ND):553
	                 Binary Elementwise (ND)	    0.001	    0.001	  0.000%	 64.072%	     0.000	        1	Delegate/Binary Elementwise (ND):554
	                          Copy (NC, X32)	    0.000	    0.000	  0.000%	 64.072%	     0.000	        1	Delegate/Copy (NC, X32):555
	                  Unary Elementwise (NC)	    0.002	    0.002	  0.000%	 64.072%	     0.000	        1	Delegate/Unary Elementwise (NC):556
	                 Binary Elementwise (ND)	    0.226	    0.234	  0.004%	 64.076%	     0.000	        1	Delegate/Binary Elementwise (ND):557
	                 Binary Elementwise (ND)	    0.248	    0.249	  0.004%	 64.079%	     0.000	        1	Delegate/Binary Elementwise (ND):558
	                 Binary Elementwise (ND)	    0.238	    0.248	  0.004%	 64.083%	     0.000	        1	Delegate/Binary Elementwise (ND):559
	          Fully Connected (NC, F32) GEMM	   44.808	   44.558	  0.693%	 64.776%	     0.000	        1	Delegate/Fully Connected (NC, F32) GEMM:560
	                         Slice (ND, X32)	    0.559	    0.536	  0.008%	 64.784%	     0.000	        1	Delegate/Slice (ND, X32):561
	                         Slice (ND, X32)	    0.644	    0.609	  0.009%	 64.794%	     0.000	        1	Delegate/Slice (ND, X32):562
	                         Slice (ND, X32)	    0.665	    0.631	  0.010%	 64.804%	     0.000	        1	Delegate/Slice (ND, X32):563
	                          Copy (NC, X32)	    0.000	    0.000	  0.000%	 64.804%	     0.000	        1	Delegate/Copy (NC, X32):564
	                          Copy (NC, X32)	    0.000	    0.000	  0.000%	 64.804%	     0.000	        1	Delegate/Copy (NC, X32):565
	           Transpose (ND, X32) Transpose	    0.398	    0.391	  0.006%	 64.810%	     0.000	        1	Delegate/Transpose (ND, X32) Transpose:566
	                 Binary Elementwise (ND)	    0.289	    0.272	  0.004%	 64.814%	     0.000	        1	Delegate/Binary Elementwise (ND):567
	                          Copy (NC, X32)	    0.000	    0.000	  0.000%	 64.814%	     0.000	        1	Delegate/Copy (NC, X32):568
	           Transpose (ND, X32) Transpose	    0.406	    0.394	  0.006%	 64.820%	     0.000	        1	Delegate/Transpose (ND, X32) Transpose:569
	           Transpose (ND, X32) Transpose	    0.806	    0.792	  0.012%	 64.832%	     0.000	        1	Delegate/Transpose (ND, X32) Transpose:570
	                          Copy (NC, X32)	    0.001	    0.000	  0.000%	 64.832%	     0.000	        1	Delegate/Copy (NC, X32):571
	                          Copy (NC, X32)	    0.000	    0.000	  0.000%	 64.832%	     0.000	        1	Delegate/Copy (NC, X32):572
	    Batch Matrix Multiply (NC, F32) GEMM	   97.752	   97.069	  1.509%	 66.341%	     0.000	        1	Delegate/Batch Matrix Multiply (NC, F32) GEMM:573
	                          Copy (NC, X32)	    0.001	    0.001	  0.000%	 66.341%	     0.000	        1	Delegate/Copy (NC, X32):574
	                       Softmax (NC, F32)	   43.721	   43.751	  0.680%	 67.022%	     0.000	        1	Delegate/Softmax (NC, F32):575
	                          Copy (NC, X32)	    0.001	    0.001	  0.000%	 67.022%	     0.000	        1	Delegate/Copy (NC, X32):576
	                          Copy (NC, X32)	    0.000	    0.000	  0.000%	 67.022%	     0.000	        1	Delegate/Copy (NC, X32):577
	    Batch Matrix Multiply (NC, F32) GEMM	   99.673	  100.591	  1.564%	 68.585%	     0.000	        1	Delegate/Batch Matrix Multiply (NC, F32) GEMM:578
	                          Copy (NC, X32)	    0.001	    0.001	  0.000%	 68.585%	     0.000	        1	Delegate/Copy (NC, X32):579
	           Transpose (ND, X32) Transpose	    0.241	    0.243	  0.004%	 68.589%	     0.000	        1	Delegate/Transpose (ND, X32) Transpose:580
	                          Copy (NC, X32)	    0.000	    0.000	  0.000%	 68.589%	     0.000	        1	Delegate/Copy (NC, X32):581
	          Fully Connected (NC, F32) GEMM	   14.400	   14.434	  0.224%	 68.814%	     0.000	        1	Delegate/Fully Connected (NC, F32) GEMM:582
	                          Copy (NC, X32)	    0.000	    0.001	  0.000%	 68.814%	     0.000	        1	Delegate/Copy (NC, X32):583
	                 Binary Elementwise (ND)	    0.359	    0.353	  0.005%	 68.819%	     0.000	        1	Delegate/Binary Elementwise (ND):584
	                 Binary Elementwise (ND)	    0.312	    0.328	  0.005%	 68.824%	     0.000	        1	Delegate/Binary Elementwise (ND):585
	                           Sum (ND) Mean	    0.183	    0.180	  0.003%	 68.827%	     0.000	        1	Delegate/Sum (ND) Mean:586
	                 Binary Elementwise (ND)	    0.001	    0.001	  0.000%	 68.827%	     0.000	        1	Delegate/Binary Elementwise (ND):587
	                          Copy (NC, X32)	    0.000	    0.000	  0.000%	 68.827%	     0.000	        1	Delegate/Copy (NC, X32):588
	                 Binary Elementwise (ND)	    0.288	    0.262	  0.004%	 68.831%	     0.000	        1	Delegate/Binary Elementwise (ND):589
	                 Binary Elementwise (ND)	    0.254	    0.257	  0.004%	 68.835%	     0.000	        1	Delegate/Binary Elementwise (ND):590
	                           Sum (ND) Mean	    0.182	    0.179	  0.003%	 68.838%	     0.000	        1	Delegate/Sum (ND) Mean:591
	                 Binary Elementwise (ND)	    0.000	    0.000	  0.000%	 68.838%	     0.000	        1	Delegate/Binary Elementwise (ND):592
	                 Binary Elementwise (ND)	    0.001	    0.001	  0.000%	 68.838%	     0.000	        1	Delegate/Binary Elementwise (ND):593
	                          Copy (NC, X32)	    0.000	    0.000	  0.000%	 68.838%	     0.000	        1	Delegate/Copy (NC, X32):594
	                  Unary Elementwise (NC)	    0.002	    0.002	  0.000%	 68.838%	     0.000	        1	Delegate/Unary Elementwise (NC):595
	                 Binary Elementwise (ND)	    0.223	    0.228	  0.004%	 68.841%	     0.000	        1	Delegate/Binary Elementwise (ND):596
	                 Binary Elementwise (ND)	    0.241	    0.242	  0.004%	 68.845%	     0.000	        1	Delegate/Binary Elementwise (ND):597
	                 Binary Elementwise (ND)	    0.274	    0.278	  0.004%	 68.850%	     0.000	        1	Delegate/Binary Elementwise (ND):598
	          Fully Connected (NC, F32) GEMM	   59.077	   59.166	  0.920%	 69.769%	     0.000	        1	Delegate/Fully Connected (NC, F32) GEMM:599
	                  Unary Elementwise (NC)	    5.182	    5.192	  0.081%	 69.850%	     0.000	        1	Delegate/Unary Elementwise (NC):600
	                          Copy (NC, X32)	    0.000	    0.000	  0.000%	 69.850%	     0.000	        1	Delegate/Copy (NC, X32):601
	          Fully Connected (NC, F32) GEMM	   59.164	   59.208	  0.920%	 70.770%	     0.000	        1	Delegate/Fully Connected (NC, F32) GEMM:602
	                          Copy (NC, X32)	    0.001	    0.001	  0.000%	 70.770%	     0.000	        1	Delegate/Copy (NC, X32):603
	                 Binary Elementwise (ND)	    0.204	    0.210	  0.003%	 70.774%	     0.000	        1	Delegate/Binary Elementwise (ND):604
	                 Binary Elementwise (ND)	    0.323	    0.328	  0.005%	 70.779%	     0.000	        1	Delegate/Binary Elementwise (ND):605
	                           Sum (ND) Mean	    0.181	    0.192	  0.003%	 70.782%	     0.000	        1	Delegate/Sum (ND) Mean:606
	                 Binary Elementwise (ND)	    0.001	    0.001	  0.000%	 70.782%	     0.000	        1	Delegate/Binary Elementwise (ND):607
	                          Copy (NC, X32)	    0.000	    0.000	  0.000%	 70.782%	     0.000	        1	Delegate/Copy (NC, X32):608
	                 Binary Elementwise (ND)	    0.248	    0.248	  0.004%	 70.786%	     0.000	        1	Delegate/Binary Elementwise (ND):609
	                 Binary Elementwise (ND)	    0.253	    0.253	  0.004%	 70.790%	     0.000	        1	Delegate/Binary Elementwise (ND):610
	                           Sum (ND) Mean	    0.183	    0.182	  0.003%	 70.792%	     0.000	        1	Delegate/Sum (ND) Mean:611
	                 Binary Elementwise (ND)	    0.000	    0.001	  0.000%	 70.792%	     0.000	        1	Delegate/Binary Elementwise (ND):612
	                 Binary Elementwise (ND)	    0.001	    0.001	  0.000%	 70.792%	     0.000	        1	Delegate/Binary Elementwise (ND):613
	                          Copy (NC, X32)	    0.000	    0.000	  0.000%	 70.792%	     0.000	        1	Delegate/Copy (NC, X32):614
	                  Unary Elementwise (NC)	    0.002	    0.002	  0.000%	 70.793%	     0.000	        1	Delegate/Unary Elementwise (NC):615
	                 Binary Elementwise (ND)	    0.237	    0.238	  0.004%	 70.796%	     0.000	        1	Delegate/Binary Elementwise (ND):616
	                 Binary Elementwise (ND)	    0.216	    0.213	  0.003%	 70.800%	     0.000	        1	Delegate/Binary Elementwise (ND):617
	                 Binary Elementwise (ND)	    0.296	    0.297	  0.005%	 70.804%	     0.000	        1	Delegate/Binary Elementwise (ND):618
	          Fully Connected (NC, F32) GEMM	   44.529	   44.409	  0.690%	 71.495%	     0.000	        1	Delegate/Fully Connected (NC, F32) GEMM:619
	                         Slice (ND, X32)	    0.600	    0.592	  0.009%	 71.504%	     0.000	        1	Delegate/Slice (ND, X32):620
	                         Slice (ND, X32)	    0.527	    0.534	  0.008%	 71.512%	     0.000	        1	Delegate/Slice (ND, X32):621
	                         Slice (ND, X32)	    0.598	    0.591	  0.009%	 71.521%	     0.000	        1	Delegate/Slice (ND, X32):622
	                          Copy (NC, X32)	    0.001	    0.001	  0.000%	 71.521%	     0.000	        1	Delegate/Copy (NC, X32):623
	                          Copy (NC, X32)	    0.000	    0.000	  0.000%	 71.521%	     0.000	        1	Delegate/Copy (NC, X32):624
	           Transpose (ND, X32) Transpose	    0.387	    0.396	  0.006%	 71.527%	     0.000	        1	Delegate/Transpose (ND, X32) Transpose:625
	                 Binary Elementwise (ND)	    0.276	    0.279	  0.004%	 71.532%	     0.000	        1	Delegate/Binary Elementwise (ND):626
	                          Copy (NC, X32)	    0.000	    0.000	  0.000%	 71.532%	     0.000	        1	Delegate/Copy (NC, X32):627
	           Transpose (ND, X32) Transpose	    0.398	    0.393	  0.006%	 71.538%	     0.000	        1	Delegate/Transpose (ND, X32) Transpose:628
	           Transpose (ND, X32) Transpose	    0.777	    0.778	  0.012%	 71.550%	     0.000	        1	Delegate/Transpose (ND, X32) Transpose:629
	                          Copy (NC, X32)	    0.000	    0.001	  0.000%	 71.550%	     0.000	        1	Delegate/Copy (NC, X32):630
	                          Copy (NC, X32)	    0.000	    0.000	  0.000%	 71.550%	     0.000	        1	Delegate/Copy (NC, X32):631
	    Batch Matrix Multiply (NC, F32) GEMM	   96.924	   97.440	  1.515%	 73.065%	     0.000	        1	Delegate/Batch Matrix Multiply (NC, F32) GEMM:632
	                          Copy (NC, X32)	    0.001	    0.001	  0.000%	 73.065%	     0.000	        1	Delegate/Copy (NC, X32):633
	                       Softmax (NC, F32)	   43.706	   43.803	  0.681%	 73.746%	     0.000	        1	Delegate/Softmax (NC, F32):634
	                          Copy (NC, X32)	    0.002	    0.001	  0.000%	 73.746%	     0.000	        1	Delegate/Copy (NC, X32):635
	                          Copy (NC, X32)	    0.000	    0.000	  0.000%	 73.746%	     0.000	        1	Delegate/Copy (NC, X32):636
	    Batch Matrix Multiply (NC, F32) GEMM	  100.044	   99.804	  1.552%	 75.297%	     0.000	        1	Delegate/Batch Matrix Multiply (NC, F32) GEMM:637
	                          Copy (NC, X32)	    0.001	    0.001	  0.000%	 75.297%	     0.000	        1	Delegate/Copy (NC, X32):638
	           Transpose (ND, X32) Transpose	    0.267	    0.247	  0.004%	 75.301%	     0.000	        1	Delegate/Transpose (ND, X32) Transpose:639
	                          Copy (NC, X32)	    0.000	    0.000	  0.000%	 75.301%	     0.000	        1	Delegate/Copy (NC, X32):640
	          Fully Connected (NC, F32) GEMM	   14.430	   14.450	  0.225%	 75.526%	     0.000	        1	Delegate/Fully Connected (NC, F32) GEMM:641
	                          Copy (NC, X32)	    0.001	    0.001	  0.000%	 75.526%	     0.000	        1	Delegate/Copy (NC, X32):642
	                 Binary Elementwise (ND)	    0.358	    0.359	  0.006%	 75.531%	     0.000	        1	Delegate/Binary Elementwise (ND):643
	                 Binary Elementwise (ND)	    0.323	    0.329	  0.005%	 75.537%	     0.000	        1	Delegate/Binary Elementwise (ND):644
	                           Sum (ND) Mean	    0.177	    0.180	  0.003%	 75.539%	     0.000	        1	Delegate/Sum (ND) Mean:645
	                 Binary Elementwise (ND)	    0.001	    0.001	  0.000%	 75.539%	     0.000	        1	Delegate/Binary Elementwise (ND):646
	                          Copy (NC, X32)	    0.000	    0.000	  0.000%	 75.539%	     0.000	        1	Delegate/Copy (NC, X32):647
	                 Binary Elementwise (ND)	    0.249	    0.253	  0.004%	 75.543%	     0.000	        1	Delegate/Binary Elementwise (ND):648
	                 Binary Elementwise (ND)	    0.260	    0.260	  0.004%	 75.547%	     0.000	        1	Delegate/Binary Elementwise (ND):649
	                           Sum (ND) Mean	    0.208	    0.180	  0.003%	 75.550%	     0.000	        1	Delegate/Sum (ND) Mean:650
	                 Binary Elementwise (ND)	    0.001	    0.001	  0.000%	 75.550%	     0.000	        1	Delegate/Binary Elementwise (ND):651
	                 Binary Elementwise (ND)	    0.001	    0.001	  0.000%	 75.550%	     0.000	        1	Delegate/Binary Elementwise (ND):652
	                          Copy (NC, X32)	    0.000	    0.000	  0.000%	 75.550%	     0.000	        1	Delegate/Copy (NC, X32):653
	                  Unary Elementwise (NC)	    0.002	    0.002	  0.000%	 75.550%	     0.000	        1	Delegate/Unary Elementwise (NC):654
	                 Binary Elementwise (ND)	    0.250	    0.254	  0.004%	 75.554%	     0.000	        1	Delegate/Binary Elementwise (ND):655
	                 Binary Elementwise (ND)	    0.255	    0.257	  0.004%	 75.558%	     0.000	        1	Delegate/Binary Elementwise (ND):656
	                 Binary Elementwise (ND)	    0.301	    0.293	  0.005%	 75.563%	     0.000	        1	Delegate/Binary Elementwise (ND):657
	          Fully Connected (NC, F32) GEMM	   59.130	   59.333	  0.922%	 76.485%	     0.000	        1	Delegate/Fully Connected (NC, F32) GEMM:658
	                  Unary Elementwise (NC)	    5.179	    5.192	  0.081%	 76.566%	     0.000	        1	Delegate/Unary Elementwise (NC):659
	                          Copy (NC, X32)	    0.000	    0.000	  0.000%	 76.566%	     0.000	        1	Delegate/Copy (NC, X32):660
	          Fully Connected (NC, F32) GEMM	   59.246	   59.878	  0.931%	 77.497%	     0.000	        1	Delegate/Fully Connected (NC, F32) GEMM:661
	                          Copy (NC, X32)	    0.001	    0.001	  0.000%	 77.497%	     0.000	        1	Delegate/Copy (NC, X32):662
	                 Binary Elementwise (ND)	    0.209	    0.208	  0.003%	 77.500%	     0.000	        1	Delegate/Binary Elementwise (ND):663
	                 Binary Elementwise (ND)	    0.331	    0.332	  0.005%	 77.505%	     0.000	        1	Delegate/Binary Elementwise (ND):664
	                           Sum (ND) Mean	    0.200	    0.191	  0.003%	 77.508%	     0.000	        1	Delegate/Sum (ND) Mean:665
	                 Binary Elementwise (ND)	    0.001	    0.001	  0.000%	 77.508%	     0.000	        1	Delegate/Binary Elementwise (ND):666
	                          Copy (NC, X32)	    0.000	    0.000	  0.000%	 77.508%	     0.000	        1	Delegate/Copy (NC, X32):667
	                 Binary Elementwise (ND)	    0.285	    0.265	  0.004%	 77.512%	     0.000	        1	Delegate/Binary Elementwise (ND):668
	                 Binary Elementwise (ND)	    0.267	    0.261	  0.004%	 77.516%	     0.000	        1	Delegate/Binary Elementwise (ND):669
	                           Sum (ND) Mean	    0.182	    0.180	  0.003%	 77.519%	     0.000	        1	Delegate/Sum (ND) Mean:670
	                 Binary Elementwise (ND)	    0.000	    0.001	  0.000%	 77.519%	     0.000	        1	Delegate/Binary Elementwise (ND):671
	                 Binary Elementwise (ND)	    0.001	    0.001	  0.000%	 77.519%	     0.000	        1	Delegate/Binary Elementwise (ND):672
	                          Copy (NC, X32)	    0.000	    0.000	  0.000%	 77.519%	     0.000	        1	Delegate/Copy (NC, X32):673
	                  Unary Elementwise (NC)	    0.002	    0.002	  0.000%	 77.519%	     0.000	        1	Delegate/Unary Elementwise (NC):674
	                 Binary Elementwise (ND)	    0.238	    0.237	  0.004%	 77.523%	     0.000	        1	Delegate/Binary Elementwise (ND):675
	                 Binary Elementwise (ND)	    0.232	    0.215	  0.003%	 77.526%	     0.000	        1	Delegate/Binary Elementwise (ND):676
	                 Binary Elementwise (ND)	    0.318	    0.312	  0.005%	 77.531%	     0.000	        1	Delegate/Binary Elementwise (ND):677
	          Fully Connected (NC, F32) GEMM	   44.443	   44.666	  0.694%	 78.225%	     0.000	        1	Delegate/Fully Connected (NC, F32) GEMM:678
	                         Slice (ND, X32)	    0.560	    0.584	  0.009%	 78.234%	     0.000	        1	Delegate/Slice (ND, X32):679
	                         Slice (ND, X32)	    0.541	    0.539	  0.008%	 78.243%	     0.000	        1	Delegate/Slice (ND, X32):680
	                         Slice (ND, X32)	    0.559	    0.601	  0.009%	 78.252%	     0.000	        1	Delegate/Slice (ND, X32):681
	                          Copy (NC, X32)	    0.001	    0.000	  0.000%	 78.252%	     0.000	        1	Delegate/Copy (NC, X32):682
	                          Copy (NC, X32)	    0.000	    0.000	  0.000%	 78.252%	     0.000	        1	Delegate/Copy (NC, X32):683
	           Transpose (ND, X32) Transpose	    0.404	    0.396	  0.006%	 78.258%	     0.000	        1	Delegate/Transpose (ND, X32) Transpose:684
	                 Binary Elementwise (ND)	    0.272	    0.280	  0.004%	 78.263%	     0.000	        1	Delegate/Binary Elementwise (ND):685
	                          Copy (NC, X32)	    0.000	    0.000	  0.000%	 78.263%	     0.000	        1	Delegate/Copy (NC, X32):686
	           Transpose (ND, X32) Transpose	    0.397	    0.411	  0.006%	 78.269%	     0.000	        1	Delegate/Transpose (ND, X32) Transpose:687
	           Transpose (ND, X32) Transpose	    0.751	    0.801	  0.012%	 78.281%	     0.000	        1	Delegate/Transpose (ND, X32) Transpose:688
	                          Copy (NC, X32)	    0.001	    0.001	  0.000%	 78.281%	     0.000	        1	Delegate/Copy (NC, X32):689
	                          Copy (NC, X32)	    0.000	    0.000	  0.000%	 78.281%	     0.000	        1	Delegate/Copy (NC, X32):690
	    Batch Matrix Multiply (NC, F32) GEMM	   96.831	   97.044	  1.509%	 79.790%	     0.000	        1	Delegate/Batch Matrix Multiply (NC, F32) GEMM:691
	                          Copy (NC, X32)	    0.001	    0.001	  0.000%	 79.790%	     0.000	        1	Delegate/Copy (NC, X32):692
	                       Softmax (NC, F32)	   43.613	   43.774	  0.681%	 80.471%	     0.000	        1	Delegate/Softmax (NC, F32):693
	                          Copy (NC, X32)	    0.001	    0.001	  0.000%	 80.471%	     0.000	        1	Delegate/Copy (NC, X32):694
	                          Copy (NC, X32)	    0.000	    0.000	  0.000%	 80.471%	     0.000	        1	Delegate/Copy (NC, X32):695
	    Batch Matrix Multiply (NC, F32) GEMM	   99.426	   99.641	  1.549%	 82.020%	     0.000	        1	Delegate/Batch Matrix Multiply (NC, F32) GEMM:696
	                          Copy (NC, X32)	    0.001	    0.001	  0.000%	 82.020%	     0.000	        1	Delegate/Copy (NC, X32):697
	           Transpose (ND, X32) Transpose	    0.240	    0.244	  0.004%	 82.024%	     0.000	        1	Delegate/Transpose (ND, X32) Transpose:698
	                          Copy (NC, X32)	    0.001	    0.001	  0.000%	 82.024%	     0.000	        1	Delegate/Copy (NC, X32):699
	          Fully Connected (NC, F32) GEMM	   14.438	   14.421	  0.224%	 82.248%	     0.000	        1	Delegate/Fully Connected (NC, F32) GEMM:700
	                          Copy (NC, X32)	    0.000	    0.001	  0.000%	 82.248%	     0.000	        1	Delegate/Copy (NC, X32):701
	                 Binary Elementwise (ND)	    0.358	    0.360	  0.006%	 82.253%	     0.000	        1	Delegate/Binary Elementwise (ND):702
	                 Binary Elementwise (ND)	    0.320	    0.328	  0.005%	 82.258%	     0.000	        1	Delegate/Binary Elementwise (ND):703
	                           Sum (ND) Mean	    0.184	    0.183	  0.003%	 82.261%	     0.000	        1	Delegate/Sum (ND) Mean:704
	                 Binary Elementwise (ND)	    0.002	    0.001	  0.000%	 82.261%	     0.000	        1	Delegate/Binary Elementwise (ND):705
	                          Copy (NC, X32)	    0.000	    0.000	  0.000%	 82.261%	     0.000	        1	Delegate/Copy (NC, X32):706
	                 Binary Elementwise (ND)	    0.271	    0.257	  0.004%	 82.265%	     0.000	        1	Delegate/Binary Elementwise (ND):707
	                 Binary Elementwise (ND)	    0.262	    0.260	  0.004%	 82.269%	     0.000	        1	Delegate/Binary Elementwise (ND):708
	                           Sum (ND) Mean	    0.175	    0.177	  0.003%	 82.272%	     0.000	        1	Delegate/Sum (ND) Mean:709
	                 Binary Elementwise (ND)	    0.001	    0.000	  0.000%	 82.272%	     0.000	        1	Delegate/Binary Elementwise (ND):710
	                 Binary Elementwise (ND)	    0.001	    0.004	  0.000%	 82.272%	     0.000	        1	Delegate/Binary Elementwise (ND):711
	                          Copy (NC, X32)	    0.000	    0.000	  0.000%	 82.272%	     0.000	        1	Delegate/Copy (NC, X32):712
	                  Unary Elementwise (NC)	    0.002	    0.002	  0.000%	 82.272%	     0.000	        1	Delegate/Unary Elementwise (NC):713
	                 Binary Elementwise (ND)	    0.234	    0.232	  0.004%	 82.276%	     0.000	        1	Delegate/Binary Elementwise (ND):714
	                 Binary Elementwise (ND)	    0.243	    0.241	  0.004%	 82.280%	     0.000	        1	Delegate/Binary Elementwise (ND):715
	                 Binary Elementwise (ND)	    0.272	    0.268	  0.004%	 82.284%	     0.000	        1	Delegate/Binary Elementwise (ND):716
	          Fully Connected (NC, F32) GEMM	   59.155	   59.128	  0.919%	 83.203%	     0.000	        1	Delegate/Fully Connected (NC, F32) GEMM:717
	                  Unary Elementwise (NC)	    5.183	    5.189	  0.081%	 83.284%	     0.000	        1	Delegate/Unary Elementwise (NC):718
	                          Copy (NC, X32)	    0.000	    0.000	  0.000%	 83.284%	     0.000	        1	Delegate/Copy (NC, X32):719
	          Fully Connected (NC, F32) GEMM	   59.349	   59.254	  0.921%	 84.205%	     0.000	        1	Delegate/Fully Connected (NC, F32) GEMM:720
	                          Copy (NC, X32)	    0.001	    0.001	  0.000%	 84.205%	     0.000	        1	Delegate/Copy (NC, X32):721
	                 Binary Elementwise (ND)	    0.202	    0.208	  0.003%	 84.208%	     0.000	        1	Delegate/Binary Elementwise (ND):722
	                 Binary Elementwise (ND)	    0.326	    0.327	  0.005%	 84.213%	     0.000	        1	Delegate/Binary Elementwise (ND):723
	                 Binary Elementwise (ND)	    0.307	    0.274	  0.004%	 84.217%	     0.000	        1	Delegate/Binary Elementwise (ND):724
	                 Binary Elementwise (ND)	    0.275	    0.268	  0.004%	 84.221%	     0.000	        1	Delegate/Binary Elementwise (ND):725
	                 Binary Elementwise (ND)	    0.273	    0.278	  0.004%	 84.226%	     0.000	        1	Delegate/Binary Elementwise (ND):726
	                 Binary Elementwise (ND)	    0.244	    0.246	  0.004%	 84.230%	     0.000	        1	Delegate/Binary Elementwise (ND):727
	                 Binary Elementwise (ND)	    0.275	    0.271	  0.004%	 84.234%	     0.000	        1	Delegate/Binary Elementwise (ND):728
	                 Binary Elementwise (ND)	    0.265	    0.266	  0.004%	 84.238%	     0.000	        1	Delegate/Binary Elementwise (ND):729
	                           Sum (ND) Mean	    0.223	    0.213	  0.003%	 84.241%	     0.000	        1	Delegate/Sum (ND) Mean:730
	                 Binary Elementwise (ND)	    0.001	    0.001	  0.000%	 84.241%	     0.000	        1	Delegate/Binary Elementwise (ND):731
	                          Copy (NC, X32)	    0.000	    0.000	  0.000%	 84.241%	     0.000	        1	Delegate/Copy (NC, X32):732
	                 Binary Elementwise (ND)	    0.261	    0.279	  0.004%	 84.246%	     0.000	        1	Delegate/Binary Elementwise (ND):733
	                 Binary Elementwise (ND)	    0.259	    0.262	  0.004%	 84.250%	     0.000	        1	Delegate/Binary Elementwise (ND):734
	                           Sum (ND) Mean	    0.188	    0.189	  0.003%	 84.253%	     0.000	        1	Delegate/Sum (ND) Mean:735
	                 Binary Elementwise (ND)	    0.000	    0.000	  0.000%	 84.253%	     0.000	        1	Delegate/Binary Elementwise (ND):736
	                 Binary Elementwise (ND)	    0.001	    0.001	  0.000%	 84.253%	     0.000	        1	Delegate/Binary Elementwise (ND):737
	                          Copy (NC, X32)	    0.000	    0.000	  0.000%	 84.253%	     0.000	        1	Delegate/Copy (NC, X32):738
	                  Unary Elementwise (NC)	    0.002	    0.002	  0.000%	 84.253%	     0.000	        1	Delegate/Unary Elementwise (NC):739
	                 Binary Elementwise (ND)	    0.237	    0.236	  0.004%	 84.256%	     0.000	        1	Delegate/Binary Elementwise (ND):740
	                 Binary Elementwise (ND)	    0.261	    0.268	  0.004%	 84.261%	     0.000	        1	Delegate/Binary Elementwise (ND):741
	                 Binary Elementwise (ND)	    0.291	    0.292	  0.005%	 84.265%	     0.000	        1	Delegate/Binary Elementwise (ND):742
	                         Slice (ND, X32)	    0.236	    0.242	  0.004%	 84.269%	     0.000	        1	Delegate/Slice (ND, X32):743
	                         Slice (ND, X32)	    0.247	    0.239	  0.004%	 84.273%	     0.000	        1	Delegate/Slice (ND, X32):744
	                         Slice (ND, X32)	    0.221	    0.219	  0.003%	 84.276%	     0.000	        1	Delegate/Slice (ND, X32):745
	                         Slice (ND, X32)	    0.256	    0.178	  0.003%	 84.279%	     0.000	        1	Delegate/Slice (ND, X32):746
	           Transpose (ND, X32) Transpose	    0.590	    0.546	  0.008%	 84.287%	     0.000	        1	Delegate/Transpose (ND, X32) Transpose:747
	                          Copy (NC, X32)	    0.000	    0.000	  0.000%	 84.287%	     0.000	        1	Delegate/Copy (NC, X32):748
	           Transpose (ND, X32) Transpose	    0.354	    0.357	  0.006%	 84.293%	     0.000	        1	Delegate/Transpose (ND, X32) Transpose:749
	          Fully Connected (NC, F32) GEMM	    1.781	    1.800	  0.028%	 84.321%	     0.000	        1	Delegate/Fully Connected (NC, F32) GEMM:750
	     Deconvolution (NHWC, F32) Subconv2D	    6.619	    6.604	  0.103%	 84.423%	     0.000	        1	Delegate/Deconvolution (NHWC, F32) Subconv2D:751
	           Transpose (ND, X32) Transpose	    0.758	    0.783	  0.012%	 84.436%	     0.000	        1	Delegate/Transpose (ND, X32) Transpose:752
	                          Copy (NC, X32)	    0.000	    0.001	  0.000%	 84.436%	     0.000	        1	Delegate/Copy (NC, X32):753
	           Transpose (ND, X32) Transpose	    0.507	    0.516	  0.008%	 84.444%	     0.000	        1	Delegate/Transpose (ND, X32) Transpose:754
	          Fully Connected (NC, F32) GEMM	    3.621	    3.637	  0.057%	 84.500%	     0.000	        1	Delegate/Fully Connected (NC, F32) GEMM:755
	     Deconvolution (NHWC, F32) Subconv2D	    6.175	    6.213	  0.097%	 84.597%	     0.000	        1	Delegate/Deconvolution (NHWC, F32) Subconv2D:756
	           Transpose (ND, X32) Transpose	    0.711	    0.721	  0.011%	 84.608%	     0.000	        1	Delegate/Transpose (ND, X32) Transpose:757
	                          Copy (NC, X32)	    0.000	    0.001	  0.000%	 84.608%	     0.000	        1	Delegate/Copy (NC, X32):758
	           Transpose (ND, X32) Transpose	    0.512	    0.504	  0.008%	 84.616%	     0.000	        1	Delegate/Transpose (ND, X32) Transpose:759
	          Fully Connected (NC, F32) GEMM	    7.191	    7.189	  0.112%	 84.728%	     0.000	        1	Delegate/Fully Connected (NC, F32) GEMM:760
	           Transpose (ND, X32) Transpose	    0.763	    0.770	  0.012%	 84.740%	     0.000	        1	Delegate/Transpose (ND, X32) Transpose:761
	                          Copy (NC, X32)	    0.000	    0.001	  0.000%	 84.740%	     0.000	        1	Delegate/Copy (NC, X32):762
	           Transpose (ND, X32) Transpose	    0.381	    0.378	  0.006%	 84.745%	     0.000	        1	Delegate/Transpose (ND, X32) Transpose:763
	          Fully Connected (NC, F32) GEMM	   14.344	   14.330	  0.223%	 84.968%	     0.000	        1	Delegate/Fully Connected (NC, F32) GEMM:764
	           Convolution (NHWC, F32) IGEMM	   34.231	   34.377	  0.534%	 85.503%	     0.000	        1	Delegate/Convolution (NHWC, F32) IGEMM:765
	           Transpose (ND, X32) Transpose	    0.342	    0.346	  0.005%	 85.508%	     0.000	        1	Delegate/Transpose (ND, X32) Transpose:766
	                          Copy (NC, X32)	    0.094	    0.095	  0.001%	 85.509%	     0.000	        1	Delegate/Copy (NC, X32):767
	                           Sum (ND) Mean	    0.079	    0.078	  0.001%	 85.511%	     0.000	        1	Delegate/Sum (ND) Mean:768
	                 Binary Elementwise (ND)	    0.001	    0.001	  0.000%	 85.511%	     0.000	        1	Delegate/Binary Elementwise (ND):769
	                          Copy (NC, X32)	    0.000	    0.000	  0.000%	 85.511%	     0.000	        1	Delegate/Copy (NC, X32):770
	                 Binary Elementwise (ND)	    0.076	    0.082	  0.001%	 85.512%	     0.000	        1	Delegate/Binary Elementwise (ND):771
	                 Binary Elementwise (ND)	    0.083	    0.089	  0.001%	 85.513%	     0.000	        1	Delegate/Binary Elementwise (ND):772
	                           Sum (ND) Mean	    0.065	    0.068	  0.001%	 85.514%	     0.000	        1	Delegate/Sum (ND) Mean:773
	                 Binary Elementwise (ND)	    0.000	    0.000	  0.000%	 85.514%	     0.000	        1	Delegate/Binary Elementwise (ND):774
	                 Binary Elementwise (ND)	    0.001	    0.001	  0.000%	 85.514%	     0.000	        1	Delegate/Binary Elementwise (ND):775
	                          Copy (NC, X32)	    0.000	    0.000	  0.000%	 85.514%	     0.000	        1	Delegate/Copy (NC, X32):776
	                  Unary Elementwise (NC)	    0.000	    0.000	  0.000%	 85.514%	     0.000	        1	Delegate/Unary Elementwise (NC):777
	                 Binary Elementwise (ND)	    0.077	    0.082	  0.001%	 85.516%	     0.000	        1	Delegate/Binary Elementwise (ND):778
	                          Copy (NC, X32)	    0.000	    0.000	  0.000%	 85.516%	     0.000	        1	Delegate/Copy (NC, X32):779
	                 Binary Elementwise (ND)	    0.078	    0.077	  0.001%	 85.517%	     0.000	        1	Delegate/Binary Elementwise (ND):780
	                 Binary Elementwise (ND)	    0.067	    0.060	  0.001%	 85.518%	     0.000	        1	Delegate/Binary Elementwise (ND):781
	           Transpose (ND, X32) Transpose	    0.169	    0.167	  0.003%	 85.520%	     0.000	        1	Delegate/Transpose (ND, X32) Transpose:782
	                          Copy (NC, X32)	    0.000	    0.000	  0.000%	 85.520%	     0.000	        1	Delegate/Copy (NC, X32):783
	          Fully Connected (NC, F32) GEMM	    3.529	    3.533	  0.055%	 85.575%	     0.000	        1	Delegate/Fully Connected (NC, F32) GEMM:784
	                           Sum (ND) Mean	    0.066	    0.062	  0.001%	 85.576%	     0.000	        1	Delegate/Sum (ND) Mean:785
	                 Binary Elementwise (ND)	    0.000	    0.001	  0.000%	 85.576%	     0.000	        1	Delegate/Binary Elementwise (ND):786
	                          Copy (NC, X32)	    0.000	    0.000	  0.000%	 85.576%	     0.000	        1	Delegate/Copy (NC, X32):787
	                 Binary Elementwise (ND)	    0.068	    0.068	  0.001%	 85.577%	     0.000	        1	Delegate/Binary Elementwise (ND):788
	                 Binary Elementwise (ND)	    0.085	    0.081	  0.001%	 85.579%	     0.000	        1	Delegate/Binary Elementwise (ND):789
	                           Sum (ND) Mean	    0.085	    0.084	  0.001%	 85.580%	     0.000	        1	Delegate/Sum (ND) Mean:790
	                 Binary Elementwise (ND)	    0.000	    0.000	  0.000%	 85.580%	     0.000	        1	Delegate/Binary Elementwise (ND):791
	                 Binary Elementwise (ND)	    0.001	    0.001	  0.000%	 85.580%	     0.000	        1	Delegate/Binary Elementwise (ND):792
	                          Copy (NC, X32)	    0.000	    0.000	  0.000%	 85.580%	     0.000	        1	Delegate/Copy (NC, X32):793
	                  Unary Elementwise (NC)	    0.002	    0.002	  0.000%	 85.580%	     0.000	        1	Delegate/Unary Elementwise (NC):794
	                 Binary Elementwise (ND)	    0.076	    0.074	  0.001%	 85.581%	     0.000	        1	Delegate/Binary Elementwise (ND):795
	                 Binary Elementwise (ND)	    0.100	    0.092	  0.001%	 85.583%	     0.000	        1	Delegate/Binary Elementwise (ND):796
	                 Binary Elementwise (ND)	    0.084	    0.078	  0.001%	 85.584%	     0.000	        1	Delegate/Binary Elementwise (ND):797
	                          Copy (NC, X32)	    0.081	    0.082	  0.001%	 85.585%	     0.000	        1	Delegate/Copy (NC, X32):798
	                 Binary Elementwise (ND)	    0.131	    0.100	  0.002%	 85.587%	     0.000	        1	Delegate/Binary Elementwise (ND):799
	                          Copy (NC, X32)	    0.000	    0.000	  0.000%	 85.587%	     0.000	        1	Delegate/Copy (NC, X32):800
	          Fully Connected (NC, F32) GEMM	    3.478	    3.497	  0.054%	 85.641%	     0.000	        1	Delegate/Fully Connected (NC, F32) GEMM:801
	          Fully Connected (NC, F32) GEMM	    3.519	    3.522	  0.055%	 85.696%	     0.000	        1	Delegate/Fully Connected (NC, F32) GEMM:802
	                          Copy (NC, X32)	    0.000	    0.000	  0.000%	 85.696%	     0.000	        1	Delegate/Copy (NC, X32):803
	                 Binary Elementwise (ND)	    0.119	    0.122	  0.002%	 85.698%	     0.000	        1	Delegate/Binary Elementwise (ND):804
	                           Sum (ND) Mean	    0.067	    0.069	  0.001%	 85.699%	     0.000	        1	Delegate/Sum (ND) Mean:805
	                 Binary Elementwise (ND)	    0.000	    0.001	  0.000%	 85.699%	     0.000	        1	Delegate/Binary Elementwise (ND):806
	                          Copy (NC, X32)	    0.000	    0.000	  0.000%	 85.699%	     0.000	        1	Delegate/Copy (NC, X32):807
	                 Binary Elementwise (ND)	    0.073	    0.073	  0.001%	 85.700%	     0.000	        1	Delegate/Binary Elementwise (ND):808
	                 Binary Elementwise (ND)	    0.077	    0.080	  0.001%	 85.701%	     0.000	        1	Delegate/Binary Elementwise (ND):809
	                           Sum (ND) Mean	    0.070	    0.071	  0.001%	 85.702%	     0.000	        1	Delegate/Sum (ND) Mean:810
	                 Binary Elementwise (ND)	    0.000	    0.000	  0.000%	 85.702%	     0.000	        1	Delegate/Binary Elementwise (ND):811
	                 Binary Elementwise (ND)	    0.001	    0.001	  0.000%	 85.702%	     0.000	        1	Delegate/Binary Elementwise (ND):812
	                          Copy (NC, X32)	    0.000	    0.000	  0.000%	 85.702%	     0.000	        1	Delegate/Copy (NC, X32):813
	                  Unary Elementwise (NC)	    0.002	    0.002	  0.000%	 85.702%	     0.000	        1	Delegate/Unary Elementwise (NC):814
	                 Binary Elementwise (ND)	    0.072	    0.074	  0.001%	 85.703%	     0.000	        1	Delegate/Binary Elementwise (ND):815
	                 Binary Elementwise (ND)	    0.100	    0.100	  0.002%	 85.705%	     0.000	        1	Delegate/Binary Elementwise (ND):816
	                 Binary Elementwise (ND)	    0.099	    0.099	  0.002%	 85.706%	     0.000	        1	Delegate/Binary Elementwise (ND):817
	                          Copy (NC, X32)	    0.081	    0.081	  0.001%	 85.708%	     0.000	        1	Delegate/Copy (NC, X32):818
	                 Binary Elementwise (ND)	    0.096	    0.105	  0.002%	 85.709%	     0.000	        1	Delegate/Binary Elementwise (ND):819
	                          Copy (NC, X32)	    0.000	    0.000	  0.000%	 85.709%	     0.000	        1	Delegate/Copy (NC, X32):820
	          Fully Connected (NC, F32) GEMM	    3.578	    3.570	  0.055%	 85.765%	     0.000	        1	Delegate/Fully Connected (NC, F32) GEMM:821
	          Fully Connected (NC, F32) GEMM	    3.529	    3.530	  0.055%	 85.820%	     0.000	        1	Delegate/Fully Connected (NC, F32) GEMM:822
	                          Copy (NC, X32)	    0.000	    0.000	  0.000%	 85.820%	     0.000	        1	Delegate/Copy (NC, X32):823
	                 Binary Elementwise (ND)	    0.139	    0.142	  0.002%	 85.822%	     0.000	        1	Delegate/Binary Elementwise (ND):824
	                           Sum (ND) Mean	    0.088	    0.087	  0.001%	 85.823%	     0.000	        1	Delegate/Sum (ND) Mean:825
	                 Binary Elementwise (ND)	    0.000	    0.001	  0.000%	 85.823%	     0.000	        1	Delegate/Binary Elementwise (ND):826
	                          Copy (NC, X32)	    0.000	    0.000	  0.000%	 85.823%	     0.000	        1	Delegate/Copy (NC, X32):827
	                 Binary Elementwise (ND)	    0.101	    0.101	  0.002%	 85.825%	     0.000	        1	Delegate/Binary Elementwise (ND):828
	                 Binary Elementwise (ND)	    0.093	    0.093	  0.001%	 85.826%	     0.000	        1	Delegate/Binary Elementwise (ND):829
	                           Sum (ND) Mean	    0.070	    0.069	  0.001%	 85.827%	     0.000	        1	Delegate/Sum (ND) Mean:830
	                 Binary Elementwise (ND)	    0.000	    0.000	  0.000%	 85.827%	     0.000	        1	Delegate/Binary Elementwise (ND):831
	                 Binary Elementwise (ND)	    0.001	    0.001	  0.000%	 85.827%	     0.000	        1	Delegate/Binary Elementwise (ND):832
	                          Copy (NC, X32)	    0.000	    0.000	  0.000%	 85.827%	     0.000	        1	Delegate/Copy (NC, X32):833
	                  Unary Elementwise (NC)	    0.002	    0.002	  0.000%	 85.827%	     0.000	        1	Delegate/Unary Elementwise (NC):834
	                 Binary Elementwise (ND)	    0.112	    0.110	  0.002%	 85.829%	     0.000	        1	Delegate/Binary Elementwise (ND):835
	                 Binary Elementwise (ND)	    0.111	    0.111	  0.002%	 85.831%	     0.000	        1	Delegate/Binary Elementwise (ND):836
	                 Binary Elementwise (ND)	    0.099	    0.099	  0.002%	 85.832%	     0.000	        1	Delegate/Binary Elementwise (ND):837
	          Fully Connected (NC, F32) GEMM	   29.775	   29.786	  0.463%	 86.295%	     0.000	        1	Delegate/Fully Connected (NC, F32) GEMM:838
	                         Slice (ND, X32)	    1.072	    1.047	  0.016%	 86.312%	     0.000	        1	Delegate/Slice (ND, X32):839
	                         Slice (ND, X32)	    0.915	    0.918	  0.014%	 86.326%	     0.000	        1	Delegate/Slice (ND, X32):840
	                  Unary Elementwise (NC)	    2.601	    2.598	  0.040%	 86.366%	     0.000	        1	Delegate/Unary Elementwise (NC):841
	                 Binary Elementwise (ND)	    0.700	    0.726	  0.011%	 86.378%	     0.000	        1	Delegate/Binary Elementwise (ND):842
	                          Copy (NC, X32)	    0.000	    0.000	  0.000%	 86.378%	     0.000	        1	Delegate/Copy (NC, X32):843
	          Fully Connected (NC, F32) GEMM	   14.431	   14.343	  0.223%	 86.601%	     0.000	        1	Delegate/Fully Connected (NC, F32) GEMM:844
	                          Copy (NC, X32)	    0.001	    0.000	  0.000%	 86.601%	     0.000	        1	Delegate/Copy (NC, X32):845
	                 Binary Elementwise (ND)	    0.172	    0.183	  0.003%	 86.604%	     0.000	        1	Delegate/Binary Elementwise (ND):846
	          Fully Connected (NC, F32) GEMM	    3.580	    3.578	  0.056%	 86.659%	     0.000	        1	Delegate/Fully Connected (NC, F32) GEMM:847
	                          Copy (NC, X32)	    0.001	    0.000	  0.000%	 86.659%	     0.000	        1	Delegate/Copy (NC, X32):848
	                 Binary Elementwise (ND)	    0.161	    0.169	  0.003%	 86.662%	     0.000	        1	Delegate/Binary Elementwise (ND):849
	           Transpose (ND, X32) Transpose	    0.171	    0.174	  0.003%	 86.664%	     0.000	        1	Delegate/Transpose (ND, X32) Transpose:850
	                          Copy (NC, X32)	    0.044	    0.047	  0.001%	 86.665%	     0.000	        1	Delegate/Copy (NC, X32):851
	                           Sum (ND) Mean	    0.031	    0.032	  0.000%	 86.666%	     0.000	        1	Delegate/Sum (ND) Mean:852
	                 Binary Elementwise (ND)	    0.001	    0.001	  0.000%	 86.666%	     0.000	        1	Delegate/Binary Elementwise (ND):853
	                          Copy (NC, X32)	    0.000	    0.000	  0.000%	 86.666%	     0.000	        1	Delegate/Copy (NC, X32):854
	                 Binary Elementwise (ND)	    0.033	    0.033	  0.001%	 86.666%	     0.000	        1	Delegate/Binary Elementwise (ND):855
	                 Binary Elementwise (ND)	    0.036	    0.039	  0.001%	 86.667%	     0.000	        1	Delegate/Binary Elementwise (ND):856
	                           Sum (ND) Mean	    0.026	    0.024	  0.000%	 86.667%	     0.000	        1	Delegate/Sum (ND) Mean:857
	                 Binary Elementwise (ND)	    0.000	    0.000	  0.000%	 86.667%	     0.000	        1	Delegate/Binary Elementwise (ND):858
	                 Binary Elementwise (ND)	    0.001	    0.001	  0.000%	 86.667%	     0.000	        1	Delegate/Binary Elementwise (ND):859
	                          Copy (NC, X32)	    0.000	    0.000	  0.000%	 86.667%	     0.000	        1	Delegate/Copy (NC, X32):860
	                  Unary Elementwise (NC)	    0.000	    0.000	  0.000%	 86.667%	     0.000	        1	Delegate/Unary Elementwise (NC):861
	                 Binary Elementwise (ND)	    0.030	    0.030	  0.000%	 86.668%	     0.000	        1	Delegate/Binary Elementwise (ND):862
	                          Copy (NC, X32)	    0.000	    0.000	  0.000%	 86.668%	     0.000	        1	Delegate/Copy (NC, X32):863
	                 Binary Elementwise (ND)	    0.033	    0.032	  0.000%	 86.668%	     0.000	        1	Delegate/Binary Elementwise (ND):864
	                 Binary Elementwise (ND)	    0.030	    0.030	  0.000%	 86.669%	     0.000	        1	Delegate/Binary Elementwise (ND):865
	           Transpose (ND, X32) Transpose	    0.065	    0.065	  0.001%	 86.670%	     0.000	        1	Delegate/Transpose (ND, X32) Transpose:866
	                          Copy (NC, X32)	    0.000	    0.000	  0.000%	 86.670%	     0.000	        1	Delegate/Copy (NC, X32):867
	          Fully Connected (NC, F32) GEMM	    3.629	    3.632	  0.056%	 86.726%	     0.000	        1	Delegate/Fully Connected (NC, F32) GEMM:868
	                           Sum (ND) Mean	    0.024	    0.025	  0.000%	 86.727%	     0.000	        1	Delegate/Sum (ND) Mean:869
	                 Binary Elementwise (ND)	    0.001	    0.001	  0.000%	 86.727%	     0.000	        1	Delegate/Binary Elementwise (ND):870
	                          Copy (NC, X32)	    0.000	    0.000	  0.000%	 86.727%	     0.000	        1	Delegate/Copy (NC, X32):871
	                 Binary Elementwise (ND)	    0.029	    0.031	  0.000%	 86.727%	     0.000	        1	Delegate/Binary Elementwise (ND):872
	                 Binary Elementwise (ND)	    0.037	    0.037	  0.001%	 86.728%	     0.000	        1	Delegate/Binary Elementwise (ND):873
	                           Sum (ND) Mean	    0.033	    0.036	  0.001%	 86.728%	     0.000	        1	Delegate/Sum (ND) Mean:874
	                 Binary Elementwise (ND)	    0.000	    0.000	  0.000%	 86.728%	     0.000	        1	Delegate/Binary Elementwise (ND):875
	                 Binary Elementwise (ND)	    0.000	    0.000	  0.000%	 86.728%	     0.000	        1	Delegate/Binary Elementwise (ND):876
	                          Copy (NC, X32)	    0.000	    0.000	  0.000%	 86.728%	     0.000	        1	Delegate/Copy (NC, X32):877
	                  Unary Elementwise (NC)	    0.000	    0.000	  0.000%	 86.728%	     0.000	        1	Delegate/Unary Elementwise (NC):878
	                 Binary Elementwise (ND)	    0.030	    0.032	  0.001%	 86.729%	     0.000	        1	Delegate/Binary Elementwise (ND):879
	                 Binary Elementwise (ND)	    0.046	    0.048	  0.001%	 86.729%	     0.000	        1	Delegate/Binary Elementwise (ND):880
	                 Binary Elementwise (ND)	    0.041	    0.041	  0.001%	 86.730%	     0.000	        1	Delegate/Binary Elementwise (ND):881
	                          Copy (NC, X32)	    0.041	    0.043	  0.001%	 86.731%	     0.000	        1	Delegate/Copy (NC, X32):882
	                 Binary Elementwise (ND)	    0.056	    0.058	  0.001%	 86.732%	     0.000	        1	Delegate/Binary Elementwise (ND):883
	                          Copy (NC, X32)	    0.000	    0.000	  0.000%	 86.732%	     0.000	        1	Delegate/Copy (NC, X32):884
	          Fully Connected (NC, F32) GEMM	    3.650	    3.661	  0.057%	 86.789%	     0.000	        1	Delegate/Fully Connected (NC, F32) GEMM:885
	          Fully Connected (NC, F32) GEMM	    3.629	    3.629	  0.056%	 86.845%	     0.000	        1	Delegate/Fully Connected (NC, F32) GEMM:886
	                          Copy (NC, X32)	    0.000	    0.000	  0.000%	 86.845%	     0.000	        1	Delegate/Copy (NC, X32):887
	                 Binary Elementwise (ND)	    0.069	    0.070	  0.001%	 86.846%	     0.000	        1	Delegate/Binary Elementwise (ND):888
	                           Sum (ND) Mean	    0.040	    0.039	  0.001%	 86.847%	     0.000	        1	Delegate/Sum (ND) Mean:889
	                 Binary Elementwise (ND)	    0.000	    0.000	  0.000%	 86.847%	     0.000	        1	Delegate/Binary Elementwise (ND):890
	                          Copy (NC, X32)	    0.000	    0.000	  0.000%	 86.847%	     0.000	        1	Delegate/Copy (NC, X32):891
	                 Binary Elementwise (ND)	    0.036	    0.033	  0.001%	 86.847%	     0.000	        1	Delegate/Binary Elementwise (ND):892
	                 Binary Elementwise (ND)	    0.034	    0.035	  0.001%	 86.848%	     0.000	        1	Delegate/Binary Elementwise (ND):893
	                           Sum (ND) Mean	    0.025	    0.025	  0.000%	 86.848%	     0.000	        1	Delegate/Sum (ND) Mean:894
	                 Binary Elementwise (ND)	    0.000	    0.000	  0.000%	 86.848%	     0.000	        1	Delegate/Binary Elementwise (ND):895
	                 Binary Elementwise (ND)	    0.000	    0.000	  0.000%	 86.848%	     0.000	        1	Delegate/Binary Elementwise (ND):896
	                          Copy (NC, X32)	    0.000	    0.000	  0.000%	 86.848%	     0.000	        1	Delegate/Copy (NC, X32):897
	                  Unary Elementwise (NC)	    0.000	    0.000	  0.000%	 86.848%	     0.000	        1	Delegate/Unary Elementwise (NC):898
	                 Binary Elementwise (ND)	    0.031	    0.032	  0.000%	 86.849%	     0.000	        1	Delegate/Binary Elementwise (ND):899
	                 Binary Elementwise (ND)	    0.043	    0.043	  0.001%	 86.849%	     0.000	        1	Delegate/Binary Elementwise (ND):900
	                 Binary Elementwise (ND)	    0.036	    0.035	  0.001%	 86.850%	     0.000	        1	Delegate/Binary Elementwise (ND):901
	                          Copy (NC, X32)	    0.040	    0.042	  0.001%	 86.850%	     0.000	        1	Delegate/Copy (NC, X32):902
	                 Binary Elementwise (ND)	    0.047	    0.045	  0.001%	 86.851%	     0.000	        1	Delegate/Binary Elementwise (ND):903
	                          Copy (NC, X32)	    0.000	    0.000	  0.000%	 86.851%	     0.000	        1	Delegate/Copy (NC, X32):904
	          Fully Connected (NC, F32) GEMM	    3.626	    3.636	  0.057%	 86.908%	     0.000	        1	Delegate/Fully Connected (NC, F32) GEMM:905
	          Fully Connected (NC, F32) GEMM	    3.635	    3.658	  0.057%	 86.965%	     0.000	        1	Delegate/Fully Connected (NC, F32) GEMM:906
	                          Copy (NC, X32)	    0.000	    0.000	  0.000%	 86.965%	     0.000	        1	Delegate/Copy (NC, X32):907
	                 Binary Elementwise (ND)	    0.057	    0.060	  0.001%	 86.965%	     0.000	        1	Delegate/Binary Elementwise (ND):908
	                           Sum (ND) Mean	    0.027	    0.029	  0.000%	 86.966%	     0.000	        1	Delegate/Sum (ND) Mean:909
	                 Binary Elementwise (ND)	    0.000	    0.000	  0.000%	 86.966%	     0.000	        1	Delegate/Binary Elementwise (ND):910
	                          Copy (NC, X32)	    0.000	    0.000	  0.000%	 86.966%	     0.000	        1	Delegate/Copy (NC, X32):911
	                 Binary Elementwise (ND)	    0.028	    0.029	  0.000%	 86.966%	     0.000	        1	Delegate/Binary Elementwise (ND):912
	                 Binary Elementwise (ND)	    0.037	    0.038	  0.001%	 86.967%	     0.000	        1	Delegate/Binary Elementwise (ND):913
	                           Sum (ND) Mean	    0.026	    0.030	  0.000%	 86.967%	     0.000	        1	Delegate/Sum (ND) Mean:914
	                 Binary Elementwise (ND)	    0.000	    0.000	  0.000%	 86.967%	     0.000	        1	Delegate/Binary Elementwise (ND):915
	                 Binary Elementwise (ND)	    0.000	    0.000	  0.000%	 86.967%	     0.000	        1	Delegate/Binary Elementwise (ND):916
	                          Copy (NC, X32)	    0.000	    0.000	  0.000%	 86.967%	     0.000	        1	Delegate/Copy (NC, X32):917
	                  Unary Elementwise (NC)	    0.000	    0.000	  0.000%	 86.967%	     0.000	        1	Delegate/Unary Elementwise (NC):918
	                 Binary Elementwise (ND)	    0.034	    0.035	  0.001%	 86.968%	     0.000	        1	Delegate/Binary Elementwise (ND):919
	                 Binary Elementwise (ND)	    0.043	    0.046	  0.001%	 86.969%	     0.000	        1	Delegate/Binary Elementwise (ND):920
	                 Binary Elementwise (ND)	    0.040	    0.042	  0.001%	 86.969%	     0.000	        1	Delegate/Binary Elementwise (ND):921
	          Fully Connected (NC, F32) GEMM	   29.458	   29.940	  0.465%	 87.435%	     0.000	        1	Delegate/Fully Connected (NC, F32) GEMM:922
	                         Slice (ND, X32)	    0.444	    0.425	  0.007%	 87.441%	     0.000	        1	Delegate/Slice (ND, X32):923
	                         Slice (ND, X32)	    0.375	    0.353	  0.005%	 87.447%	     0.000	        1	Delegate/Slice (ND, X32):924
	                  Unary Elementwise (NC)	    1.403	    1.354	  0.021%	 87.468%	     0.000	        1	Delegate/Unary Elementwise (NC):925
	                 Binary Elementwise (ND)	    0.350	    0.351	  0.005%	 87.473%	     0.000	        1	Delegate/Binary Elementwise (ND):926
	                          Copy (NC, X32)	    0.000	    0.000	  0.000%	 87.473%	     0.000	        1	Delegate/Copy (NC, X32):927
	          Fully Connected (NC, F32) GEMM	   17.055	   15.127	  0.235%	 87.709%	     0.000	        1	Delegate/Fully Connected (NC, F32) GEMM:928
	                          Copy (NC, X32)	    0.000	    0.000	  0.000%	 87.709%	     0.000	        1	Delegate/Copy (NC, X32):929
	                 Binary Elementwise (ND)	    0.111	    0.102	  0.002%	 87.710%	     0.000	        1	Delegate/Binary Elementwise (ND):930
	          Fully Connected (NC, F32) GEMM	    4.316	    3.769	  0.059%	 87.769%	     0.000	        1	Delegate/Fully Connected (NC, F32) GEMM:931
	                          Copy (NC, X32)	    0.001	    0.000	  0.000%	 87.769%	     0.000	        1	Delegate/Copy (NC, X32):932
	                 Binary Elementwise (ND)	    0.089	    0.072	  0.001%	 87.770%	     0.000	        1	Delegate/Binary Elementwise (ND):933
	           Convolution (NHWC, F32) IGEMM	   47.531	   41.447	  0.644%	 88.414%	     0.000	        1	Delegate/Convolution (NHWC, F32) IGEMM:934
	           Convolution (NHWC, F32) IGEMM	   24.921	   21.369	  0.332%	 88.746%	     0.000	        1	Delegate/Convolution (NHWC, F32) IGEMM:935
	           Convolution (NHWC, F32) IGEMM	   12.490	   10.845	  0.169%	 88.915%	     0.000	        1	Delegate/Convolution (NHWC, F32) IGEMM:936
	           Convolution (NHWC, F32) IGEMM	    6.469	    5.615	  0.087%	 89.002%	     0.000	        1	Delegate/Convolution (NHWC, F32) IGEMM:937
	                  Unary Elementwise (NC)	    0.010	    0.009	  0.000%	 89.002%	     0.000	        1	Delegate/Unary Elementwise (NC):938
	           Convolution (NHWC, F32) IGEMM	    1.015	    0.889	  0.014%	 89.016%	     0.000	        1	Delegate/Convolution (NHWC, F32) IGEMM:939
	           Convolution (NHWC, F32) IGEMM	    1.041	    0.893	  0.014%	 89.030%	     0.000	        1	Delegate/Convolution (NHWC, F32) IGEMM:940
	                 Binary Elementwise (ND)	    0.012	    0.009	  0.000%	 89.030%	     0.000	        1	Delegate/Binary Elementwise (ND):941
	             Resize Bilinear (NHWC, F32)	    0.068	    0.060	  0.001%	 89.031%	     0.000	        1	Delegate/Resize Bilinear (NHWC, F32):942
	          Fully Connected (NC, F32) GEMM	    0.457	    0.401	  0.006%	 89.037%	     0.000	        1	Delegate/Fully Connected (NC, F32) GEMM:943
	           Transpose (ND, X32) Transpose	    0.062	    0.053	  0.001%	 89.038%	     0.000	        1	Delegate/Transpose (ND, X32) Transpose:944
	                          Copy (NC, X32)	    0.032	    0.026	  0.000%	 89.039%	     0.000	        1	Delegate/Copy (NC, X32):945
	                           Sum (ND) Mean	    0.021	    0.016	  0.000%	 89.039%	     0.000	        1	Delegate/Sum (ND) Mean:946
	                 Binary Elementwise (ND)	    0.001	    0.001	  0.000%	 89.039%	     0.000	        1	Delegate/Binary Elementwise (ND):947
	                          Copy (NC, X32)	    0.000	    0.000	  0.000%	 89.039%	     0.000	        1	Delegate/Copy (NC, X32):948
	                 Binary Elementwise (ND)	    0.030	    0.025	  0.000%	 89.039%	     0.000	        1	Delegate/Binary Elementwise (ND):949
	                 Binary Elementwise (ND)	    0.030	    0.025	  0.000%	 89.040%	     0.000	        1	Delegate/Binary Elementwise (ND):950
	                           Sum (ND) Mean	    0.017	    0.014	  0.000%	 89.040%	     0.000	        1	Delegate/Sum (ND) Mean:951
	                 Binary Elementwise (ND)	    0.000	    0.000	  0.000%	 89.040%	     0.000	        1	Delegate/Binary Elementwise (ND):952
	                 Binary Elementwise (ND)	    0.001	    0.001	  0.000%	 89.040%	     0.000	        1	Delegate/Binary Elementwise (ND):953
	                          Copy (NC, X32)	    0.000	    0.000	  0.000%	 89.040%	     0.000	        1	Delegate/Copy (NC, X32):954
	                  Unary Elementwise (NC)	    0.000	    0.000	  0.000%	 89.040%	     0.000	        1	Delegate/Unary Elementwise (NC):955
	                 Binary Elementwise (ND)	    0.023	    0.022	  0.000%	 89.040%	     0.000	        1	Delegate/Binary Elementwise (ND):956
	                          Copy (NC, X32)	    0.000	    0.000	  0.000%	 89.040%	     0.000	        1	Delegate/Copy (NC, X32):957
	                 Binary Elementwise (ND)	    0.022	    0.019	  0.000%	 89.041%	     0.000	        1	Delegate/Binary Elementwise (ND):958
	                 Binary Elementwise (ND)	    0.021	    0.018	  0.000%	 89.041%	     0.000	        1	Delegate/Binary Elementwise (ND):959
	           Transpose (ND, X32) Transpose	    0.047	    0.040	  0.001%	 89.041%	     0.000	        1	Delegate/Transpose (ND, X32) Transpose:960
	                          Copy (NC, X32)	    0.000	    0.000	  0.000%	 89.041%	     0.000	        1	Delegate/Copy (NC, X32):961
	          Fully Connected (NC, F32) GEMM	    0.454	    0.395	  0.006%	 89.048%	     0.000	        1	Delegate/Fully Connected (NC, F32) GEMM:962
	                           Sum (ND) Mean	    0.031	    0.026	  0.000%	 89.048%	     0.000	        1	Delegate/Sum (ND) Mean:963
	                 Binary Elementwise (ND)	    0.001	    0.000	  0.000%	 89.048%	     0.000	        1	Delegate/Binary Elementwise (ND):964
	                          Copy (NC, X32)	    0.000	    0.000	  0.000%	 89.048%	     0.000	        1	Delegate/Copy (NC, X32):965
	                 Binary Elementwise (ND)	    0.029	    0.025	  0.000%	 89.048%	     0.000	        1	Delegate/Binary Elementwise (ND):966
	                 Binary Elementwise (ND)	    0.025	    0.022	  0.000%	 89.049%	     0.000	        1	Delegate/Binary Elementwise (ND):967
	                           Sum (ND) Mean	    0.034	    0.027	  0.000%	 89.049%	     0.000	        1	Delegate/Sum (ND) Mean:968
	                 Binary Elementwise (ND)	    0.000	    0.000	  0.000%	 89.049%	     0.000	        1	Delegate/Binary Elementwise (ND):969
	                 Binary Elementwise (ND)	    0.000	    0.000	  0.000%	 89.049%	     0.000	        1	Delegate/Binary Elementwise (ND):970
	                          Copy (NC, X32)	    0.000	    0.000	  0.000%	 89.049%	     0.000	        1	Delegate/Copy (NC, X32):971
	                  Unary Elementwise (NC)	    0.003	    0.002	  0.000%	 89.049%	     0.000	        1	Delegate/Unary Elementwise (NC):972
	                 Binary Elementwise (ND)	    0.030	    0.026	  0.000%	 89.050%	     0.000	        1	Delegate/Binary Elementwise (ND):973
	                 Binary Elementwise (ND)	    0.039	    0.033	  0.001%	 89.050%	     0.000	        1	Delegate/Binary Elementwise (ND):974
	                 Binary Elementwise (ND)	    0.034	    0.029	  0.000%	 89.051%	     0.000	        1	Delegate/Binary Elementwise (ND):975
	                          Copy (NC, X32)	    0.038	    0.027	  0.000%	 89.051%	     0.000	        1	Delegate/Copy (NC, X32):976
	                 Binary Elementwise (ND)	    0.038	    0.034	  0.001%	 89.052%	     0.000	        1	Delegate/Binary Elementwise (ND):977
	                          Copy (NC, X32)	    0.000	    0.000	  0.000%	 89.052%	     0.000	        1	Delegate/Copy (NC, X32):978
	          Fully Connected (NC, F32) GEMM	    0.454	    0.394	  0.006%	 89.058%	     0.000	        1	Delegate/Fully Connected (NC, F32) GEMM:979
	          Fully Connected (NC, F32) GEMM	    0.453	    0.402	  0.006%	 89.064%	     0.000	        1	Delegate/Fully Connected (NC, F32) GEMM:980
	                          Copy (NC, X32)	    0.000	    0.000	  0.000%	 89.064%	     0.000	        1	Delegate/Copy (NC, X32):981
	                 Binary Elementwise (ND)	    0.035	    0.032	  0.001%	 89.064%	     0.000	        1	Delegate/Binary Elementwise (ND):982
	                           Sum (ND) Mean	    0.032	    0.028	  0.000%	 89.065%	     0.000	        1	Delegate/Sum (ND) Mean:983
	                 Binary Elementwise (ND)	    0.000	    0.000	  0.000%	 89.065%	     0.000	        1	Delegate/Binary Elementwise (ND):984
	                          Copy (NC, X32)	    0.000	    0.000	  0.000%	 89.065%	     0.000	        1	Delegate/Copy (NC, X32):985
	                 Binary Elementwise (ND)	    0.029	    0.026	  0.000%	 89.065%	     0.000	        1	Delegate/Binary Elementwise (ND):986
	                 Binary Elementwise (ND)	    0.025	    0.022	  0.000%	 89.066%	     0.000	        1	Delegate/Binary Elementwise (ND):987
	                           Sum (ND) Mean	    0.032	    0.028	  0.000%	 89.066%	     0.000	        1	Delegate/Sum (ND) Mean:988
	                 Binary Elementwise (ND)	    0.001	    0.000	  0.000%	 89.066%	     0.000	        1	Delegate/Binary Elementwise (ND):989
	                 Binary Elementwise (ND)	    0.000	    0.000	  0.000%	 89.066%	     0.000	        1	Delegate/Binary Elementwise (ND):990
	                          Copy (NC, X32)	    0.000	    0.000	  0.000%	 89.066%	     0.000	        1	Delegate/Copy (NC, X32):991
	                  Unary Elementwise (NC)	    0.002	    0.002	  0.000%	 89.066%	     0.000	        1	Delegate/Unary Elementwise (NC):992
	                 Binary Elementwise (ND)	    0.030	    0.027	  0.000%	 89.066%	     0.000	        1	Delegate/Binary Elementwise (ND):993
	                 Binary Elementwise (ND)	    0.038	    0.033	  0.001%	 89.067%	     0.000	        1	Delegate/Binary Elementwise (ND):994
	                 Binary Elementwise (ND)	    0.035	    0.033	  0.001%	 89.067%	     0.000	        1	Delegate/Binary Elementwise (ND):995
	                          Copy (NC, X32)	    0.033	    0.025	  0.000%	 89.068%	     0.000	        1	Delegate/Copy (NC, X32):996
	                 Binary Elementwise (ND)	    0.042	    0.033	  0.001%	 89.068%	     0.000	        1	Delegate/Binary Elementwise (ND):997
	                          Copy (NC, X32)	    0.000	    0.000	  0.000%	 89.068%	     0.000	        1	Delegate/Copy (NC, X32):998
	          Fully Connected (NC, F32) GEMM	    0.457	    0.401	  0.006%	 89.075%	     0.000	        1	Delegate/Fully Connected (NC, F32) GEMM:999
	          Fully Connected (NC, F32) GEMM	    0.456	    0.408	  0.006%	 89.081%	     0.000	        1	Delegate/Fully Connected (NC, F32) GEMM:1000
	                          Copy (NC, X32)	    0.000	    0.000	  0.000%	 89.081%	     0.000	        1	Delegate/Copy (NC, X32):1001
	                 Binary Elementwise (ND)	    0.040	    0.035	  0.001%	 89.082%	     0.000	        1	Delegate/Binary Elementwise (ND):1002
	                           Sum (ND) Mean	    0.067	    0.032	  0.000%	 89.082%	     0.000	        1	Delegate/Sum (ND) Mean:1003
	                 Binary Elementwise (ND)	    0.001	    0.000	  0.000%	 89.082%	     0.000	        1	Delegate/Binary Elementwise (ND):1004
	                          Copy (NC, X32)	    0.000	    0.000	  0.000%	 89.082%	     0.000	        1	Delegate/Copy (NC, X32):1005
	                 Binary Elementwise (ND)	    0.039	    0.029	  0.000%	 89.082%	     0.000	        1	Delegate/Binary Elementwise (ND):1006
	                 Binary Elementwise (ND)	    0.044	    0.028	  0.000%	 89.083%	     0.000	        1	Delegate/Binary Elementwise (ND):1007
	                           Sum (ND) Mean	    0.036	    0.031	  0.000%	 89.083%	     0.000	        1	Delegate/Sum (ND) Mean:1008
	                 Binary Elementwise (ND)	    0.000	    0.000	  0.000%	 89.083%	     0.000	        1	Delegate/Binary Elementwise (ND):1009
	                 Binary Elementwise (ND)	    0.001	    0.000	  0.000%	 89.083%	     0.000	        1	Delegate/Binary Elementwise (ND):1010
	                          Copy (NC, X32)	    0.000	    0.000	  0.000%	 89.083%	     0.000	        1	Delegate/Copy (NC, X32):1011
	                  Unary Elementwise (NC)	    0.002	    0.002	  0.000%	 89.083%	     0.000	        1	Delegate/Unary Elementwise (NC):1012
	                 Binary Elementwise (ND)	    0.043	    0.031	  0.000%	 89.084%	     0.000	        1	Delegate/Binary Elementwise (ND):1013
	                 Binary Elementwise (ND)	    0.045	    0.036	  0.001%	 89.084%	     0.000	        1	Delegate/Binary Elementwise (ND):1014
	                 Binary Elementwise (ND)	    0.034	    0.030	  0.000%	 89.085%	     0.000	        1	Delegate/Binary Elementwise (ND):1015
	          Fully Connected (NC, F32) GEMM	    3.684	    3.266	  0.051%	 89.136%	     0.000	        1	Delegate/Fully Connected (NC, F32) GEMM:1016
	                         Slice (ND, X32)	    0.408	    0.254	  0.004%	 89.140%	     0.000	        1	Delegate/Slice (ND, X32):1017
	                         Slice (ND, X32)	    0.510	    0.354	  0.006%	 89.145%	     0.000	        1	Delegate/Slice (ND, X32):1018
	                  Unary Elementwise (NC)	    1.004	    0.879	  0.014%	 89.159%	     0.000	        1	Delegate/Unary Elementwise (NC):1019
	                 Binary Elementwise (ND)	    0.363	    0.231	  0.004%	 89.162%	     0.000	        1	Delegate/Binary Elementwise (ND):1020
	                          Copy (NC, X32)	    0.000	    0.000	  0.000%	 89.162%	     0.000	        1	Delegate/Copy (NC, X32):1021
	          Fully Connected (NC, F32) GEMM	    1.932	    1.645	  0.026%	 89.188%	     0.000	        1	Delegate/Fully Connected (NC, F32) GEMM:1022
	                          Copy (NC, X32)	    0.000	    0.000	  0.000%	 89.188%	     0.000	        1	Delegate/Copy (NC, X32):1023
	                 Binary Elementwise (ND)	    0.065	    0.046	  0.001%	 89.189%	     0.000	        1	Delegate/Binary Elementwise (ND):1024
	          Fully Connected (NC, F32) GEMM	    0.451	    0.396	  0.006%	 89.195%	     0.000	        1	Delegate/Fully Connected (NC, F32) GEMM:1025
	                          Copy (NC, X32)	    0.000	    0.000	  0.000%	 89.195%	     0.000	        1	Delegate/Copy (NC, X32):1026
	                 Binary Elementwise (ND)	    0.069	    0.051	  0.001%	 89.196%	     0.000	        1	Delegate/Binary Elementwise (ND):1027
	                  Unary Elementwise (NC)	    0.057	    0.042	  0.001%	 89.196%	     0.000	        1	Delegate/Unary Elementwise (NC):1028
	           Convolution (NHWC, F32) IGEMM	    3.968	    3.457	  0.054%	 89.250%	     0.000	        1	Delegate/Convolution (NHWC, F32) IGEMM:1029
	           Convolution (NHWC, F32) IGEMM	    3.983	    3.456	  0.054%	 89.304%	     0.000	        1	Delegate/Convolution (NHWC, F32) IGEMM:1030
	                 Binary Elementwise (ND)	    0.067	    0.046	  0.001%	 89.304%	     0.000	        1	Delegate/Binary Elementwise (ND):1031
	                 Binary Elementwise (ND)	    0.047	    0.038	  0.001%	 89.305%	     0.000	        1	Delegate/Binary Elementwise (ND):1032
	                  Unary Elementwise (NC)	    0.026	    0.021	  0.000%	 89.305%	     0.000	        1	Delegate/Unary Elementwise (NC):1033
	           Convolution (NHWC, F32) IGEMM	    3.961	    3.442	  0.054%	 89.359%	     0.000	        1	Delegate/Convolution (NHWC, F32) IGEMM:1034
	           Convolution (NHWC, F32) IGEMM	    3.970	    3.448	  0.054%	 89.413%	     0.000	        1	Delegate/Convolution (NHWC, F32) IGEMM:1035
	                 Binary Elementwise (ND)	    0.047	    0.035	  0.001%	 89.413%	     0.000	        1	Delegate/Binary Elementwise (ND):1036
	             Resize Bilinear (NHWC, F32)	    0.264	    0.231	  0.004%	 89.417%	     0.000	        1	Delegate/Resize Bilinear (NHWC, F32):1037
	          Fully Connected (NC, F32) GEMM	    1.820	    1.600	  0.025%	 89.442%	     0.000	        1	Delegate/Fully Connected (NC, F32) GEMM:1038
	           Transpose (ND, X32) Transpose	    0.379	    0.315	  0.005%	 89.446%	     0.000	        1	Delegate/Transpose (ND, X32) Transpose:1039
	                          Copy (NC, X32)	    0.173	    0.119	  0.002%	 89.448%	     0.000	        1	Delegate/Copy (NC, X32):1040
	                           Sum (ND) Mean	    0.156	    0.119	  0.002%	 89.450%	     0.000	        1	Delegate/Sum (ND) Mean:1041
	                 Binary Elementwise (ND)	    0.001	    0.001	  0.000%	 89.450%	     0.000	        1	Delegate/Binary Elementwise (ND):1042
	                          Copy (NC, X32)	    0.000	    0.000	  0.000%	 89.450%	     0.000	        1	Delegate/Copy (NC, X32):1043
	                 Binary Elementwise (ND)	    0.140	    0.112	  0.002%	 89.452%	     0.000	        1	Delegate/Binary Elementwise (ND):1044
	                 Binary Elementwise (ND)	    0.191	    0.123	  0.002%	 89.454%	     0.000	        1	Delegate/Binary Elementwise (ND):1045
	                           Sum (ND) Mean	    0.122	    0.094	  0.001%	 89.455%	     0.000	        1	Delegate/Sum (ND) Mean:1046
	                 Binary Elementwise (ND)	    0.001	    0.000	  0.000%	 89.455%	     0.000	        1	Delegate/Binary Elementwise (ND):1047
	                 Binary Elementwise (ND)	    0.001	    0.001	  0.000%	 89.455%	     0.000	        1	Delegate/Binary Elementwise (ND):1048
	                          Copy (NC, X32)	    0.000	    0.000	  0.000%	 89.455%	     0.000	        1	Delegate/Copy (NC, X32):1049
	                  Unary Elementwise (NC)	    0.000	    0.000	  0.000%	 89.455%	     0.000	        1	Delegate/Unary Elementwise (NC):1050
	                 Binary Elementwise (ND)	    0.131	    0.109	  0.002%	 89.457%	     0.000	        1	Delegate/Binary Elementwise (ND):1051
	                          Copy (NC, X32)	    0.000	    0.000	  0.000%	 89.457%	     0.000	        1	Delegate/Copy (NC, X32):1052
	                 Binary Elementwise (ND)	    0.117	    0.097	  0.002%	 89.458%	     0.000	        1	Delegate/Binary Elementwise (ND):1053
	                 Binary Elementwise (ND)	    0.090	    0.076	  0.001%	 89.460%	     0.000	        1	Delegate/Binary Elementwise (ND):1054
	           Transpose (ND, X32) Transpose	    0.301	    0.240	  0.004%	 89.463%	     0.000	        1	Delegate/Transpose (ND, X32) Transpose:1055
	                          Copy (NC, X32)	    0.000	    0.000	  0.000%	 89.463%	     0.000	        1	Delegate/Copy (NC, X32):1056
	          Fully Connected (NC, F32) GEMM	    1.813	    1.599	  0.025%	 89.488%	     0.000	        1	Delegate/Fully Connected (NC, F32) GEMM:1057
	                           Sum (ND) Mean	    0.127	    0.113	  0.002%	 89.490%	     0.000	        1	Delegate/Sum (ND) Mean:1058
	                 Binary Elementwise (ND)	    0.002	    0.002	  0.000%	 89.490%	     0.000	        1	Delegate/Binary Elementwise (ND):1059
	                          Copy (NC, X32)	    0.000	    0.000	  0.000%	 89.490%	     0.000	        1	Delegate/Copy (NC, X32):1060
	                 Binary Elementwise (ND)	    0.118	    0.106	  0.002%	 89.492%	     0.000	        1	Delegate/Binary Elementwise (ND):1061
	                 Binary Elementwise (ND)	    0.205	    0.139	  0.002%	 89.494%	     0.000	        1	Delegate/Binary Elementwise (ND):1062
	                           Sum (ND) Mean	    0.200	    0.145	  0.002%	 89.496%	     0.000	        1	Delegate/Sum (ND) Mean:1063
	                 Binary Elementwise (ND)	    0.002	    0.002	  0.000%	 89.496%	     0.000	        1	Delegate/Binary Elementwise (ND):1064
	                 Binary Elementwise (ND)	    0.002	    0.001	  0.000%	 89.496%	     0.000	        1	Delegate/Binary Elementwise (ND):1065
	                          Copy (NC, X32)	    0.000	    0.000	  0.000%	 89.496%	     0.000	        1	Delegate/Copy (NC, X32):1066
	                  Unary Elementwise (NC)	    0.009	    0.009	  0.000%	 89.496%	     0.000	        1	Delegate/Unary Elementwise (NC):1067
	                 Binary Elementwise (ND)	    0.168	    0.135	  0.002%	 89.498%	     0.000	        1	Delegate/Binary Elementwise (ND):1068
	                 Binary Elementwise (ND)	    0.169	    0.154	  0.002%	 89.501%	     0.000	        1	Delegate/Binary Elementwise (ND):1069
	                 Binary Elementwise (ND)	    0.157	    0.145	  0.002%	 89.503%	     0.000	        1	Delegate/Binary Elementwise (ND):1070
	                          Copy (NC, X32)	    0.178	    0.123	  0.002%	 89.505%	     0.000	        1	Delegate/Copy (NC, X32):1071
	                 Binary Elementwise (ND)	    0.273	    0.169	  0.003%	 89.508%	     0.000	        1	Delegate/Binary Elementwise (ND):1072
	                          Copy (NC, X32)	    0.000	    0.000	  0.000%	 89.508%	     0.000	        1	Delegate/Copy (NC, X32):1073
	          Fully Connected (NC, F32) GEMM	    1.808	    1.616	  0.025%	 89.533%	     0.000	        1	Delegate/Fully Connected (NC, F32) GEMM:1074
	          Fully Connected (NC, F32) GEMM	    1.801	    1.582	  0.025%	 89.557%	     0.000	        1	Delegate/Fully Connected (NC, F32) GEMM:1075
	                          Copy (NC, X32)	    0.000	    0.000	  0.000%	 89.557%	     0.000	        1	Delegate/Copy (NC, X32):1076
	                 Binary Elementwise (ND)	    0.323	    0.196	  0.003%	 89.560%	     0.000	        1	Delegate/Binary Elementwise (ND):1077
	                           Sum (ND) Mean	    0.173	    0.126	  0.002%	 89.562%	     0.000	        1	Delegate/Sum (ND) Mean:1078
	                 Binary Elementwise (ND)	    0.003	    0.002	  0.000%	 89.562%	     0.000	        1	Delegate/Binary Elementwise (ND):1079
	                          Copy (NC, X32)	    0.000	    0.000	  0.000%	 89.562%	     0.000	        1	Delegate/Copy (NC, X32):1080
	                 Binary Elementwise (ND)	    0.168	    0.119	  0.002%	 89.564%	     0.000	        1	Delegate/Binary Elementwise (ND):1081
	                 Binary Elementwise (ND)	    0.218	    0.140	  0.002%	 89.566%	     0.000	        1	Delegate/Binary Elementwise (ND):1082
	                           Sum (ND) Mean	    0.184	    0.136	  0.002%	 89.568%	     0.000	        1	Delegate/Sum (ND) Mean:1083
	                 Binary Elementwise (ND)	    0.003	    0.002	  0.000%	 89.568%	     0.000	        1	Delegate/Binary Elementwise (ND):1084
	                 Binary Elementwise (ND)	    0.002	    0.001	  0.000%	 89.568%	     0.000	        1	Delegate/Binary Elementwise (ND):1085
	                          Copy (NC, X32)	    0.000	    0.000	  0.000%	 89.568%	     0.000	        1	Delegate/Copy (NC, X32):1086
	                  Unary Elementwise (NC)	    0.010	    0.009	  0.000%	 89.569%	     0.000	        1	Delegate/Unary Elementwise (NC):1087
	                 Binary Elementwise (ND)	    0.201	    0.138	  0.002%	 89.571%	     0.000	        1	Delegate/Binary Elementwise (ND):1088
	                 Binary Elementwise (ND)	    0.173	    0.145	  0.002%	 89.573%	     0.000	        1	Delegate/Binary Elementwise (ND):1089
	                 Binary Elementwise (ND)	    0.151	    0.131	  0.002%	 89.575%	     0.000	        1	Delegate/Binary Elementwise (ND):1090
	                          Copy (NC, X32)	    0.161	    0.114	  0.002%	 89.577%	     0.000	        1	Delegate/Copy (NC, X32):1091
	                 Binary Elementwise (ND)	    0.234	    0.166	  0.003%	 89.579%	     0.000	        1	Delegate/Binary Elementwise (ND):1092
	                          Copy (NC, X32)	    0.000	    0.000	  0.000%	 89.579%	     0.000	        1	Delegate/Copy (NC, X32):1093
	          Fully Connected (NC, F32) GEMM	    1.935	    1.651	  0.026%	 89.605%	     0.000	        1	Delegate/Fully Connected (NC, F32) GEMM:1094
	          Fully Connected (NC, F32) GEMM	    1.882	    1.613	  0.025%	 89.630%	     0.000	        1	Delegate/Fully Connected (NC, F32) GEMM:1095
	                          Copy (NC, X32)	    0.000	    0.000	  0.000%	 89.630%	     0.000	        1	Delegate/Copy (NC, X32):1096
	                 Binary Elementwise (ND)	    0.352	    0.214	  0.003%	 89.633%	     0.000	        1	Delegate/Binary Elementwise (ND):1097
	                           Sum (ND) Mean	    0.190	    0.138	  0.002%	 89.636%	     0.000	        1	Delegate/Sum (ND) Mean:1098
	                 Binary Elementwise (ND)	    0.002	    0.002	  0.000%	 89.636%	     0.000	        1	Delegate/Binary Elementwise (ND):1099
	                          Copy (NC, X32)	    0.000	    0.000	  0.000%	 89.636%	     0.000	        1	Delegate/Copy (NC, X32):1100
	                 Binary Elementwise (ND)	    0.220	    0.150	  0.002%	 89.638%	     0.000	        1	Delegate/Binary Elementwise (ND):1101
	                 Binary Elementwise (ND)	    0.213	    0.133	  0.002%	 89.640%	     0.000	        1	Delegate/Binary Elementwise (ND):1102
	                           Sum (ND) Mean	    0.170	    0.124	  0.002%	 89.642%	     0.000	        1	Delegate/Sum (ND) Mean:1103
	                 Binary Elementwise (ND)	    0.002	    0.002	  0.000%	 89.642%	     0.000	        1	Delegate/Binary Elementwise (ND):1104
	                 Binary Elementwise (ND)	    0.002	    0.001	  0.000%	 89.642%	     0.000	        1	Delegate/Binary Elementwise (ND):1105
	                          Copy (NC, X32)	    0.000	    0.000	  0.000%	 89.642%	     0.000	        1	Delegate/Copy (NC, X32):1106
	                  Unary Elementwise (NC)	    0.009	    0.008	  0.000%	 89.642%	     0.000	        1	Delegate/Unary Elementwise (NC):1107
	                 Binary Elementwise (ND)	    0.188	    0.129	  0.002%	 89.644%	     0.000	        1	Delegate/Binary Elementwise (ND):1108
	                 Binary Elementwise (ND)	    0.177	    0.146	  0.002%	 89.646%	     0.000	        1	Delegate/Binary Elementwise (ND):1109
	                 Binary Elementwise (ND)	    0.175	    0.146	  0.002%	 89.649%	     0.000	        1	Delegate/Binary Elementwise (ND):1110
	          Fully Connected (NC, F32) GEMM	   16.051	   13.730	  0.213%	 89.862%	     0.000	        1	Delegate/Fully Connected (NC, F32) GEMM:1111
	                         Slice (ND, X32)	    2.360	    1.679	  0.026%	 89.888%	     0.000	        1	Delegate/Slice (ND, X32):1112
	                         Slice (ND, X32)	    1.980	    1.690	  0.026%	 89.914%	     0.000	        1	Delegate/Slice (ND, X32):1113
	                  Unary Elementwise (NC)	    3.477	    3.462	  0.054%	 89.968%	     0.000	        1	Delegate/Unary Elementwise (NC):1114
	                 Binary Elementwise (ND)	    1.144	    1.020	  0.016%	 89.984%	     0.000	        1	Delegate/Binary Elementwise (ND):1115
	                          Copy (NC, X32)	    0.000	    0.000	  0.000%	 89.984%	     0.000	        1	Delegate/Copy (NC, X32):1116
	          Fully Connected (NC, F32) GEMM	    7.235	    7.153	  0.111%	 90.095%	     0.000	        1	Delegate/Fully Connected (NC, F32) GEMM:1117
	                          Copy (NC, X32)	    0.000	    0.001	  0.000%	 90.095%	     0.000	        1	Delegate/Copy (NC, X32):1118
	                 Binary Elementwise (ND)	    0.275	    0.248	  0.004%	 90.099%	     0.000	        1	Delegate/Binary Elementwise (ND):1119
	          Fully Connected (NC, F32) GEMM	    1.588	    1.575	  0.024%	 90.124%	     0.000	        1	Delegate/Fully Connected (NC, F32) GEMM:1120
	                          Copy (NC, X32)	    0.000	    0.000	  0.000%	 90.124%	     0.000	        1	Delegate/Copy (NC, X32):1121
	                 Binary Elementwise (ND)	    0.300	    0.261	  0.004%	 90.128%	     0.000	        1	Delegate/Binary Elementwise (ND):1122
	                  Unary Elementwise (NC)	    0.190	    0.166	  0.003%	 90.130%	     0.000	        1	Delegate/Unary Elementwise (NC):1123
	           Convolution (NHWC, F32) IGEMM	   13.885	   13.766	  0.214%	 90.344%	     0.000	        1	Delegate/Convolution (NHWC, F32) IGEMM:1124
	           Convolution (NHWC, F32) IGEMM	   13.888	   13.704	  0.213%	 90.557%	     0.000	        1	Delegate/Convolution (NHWC, F32) IGEMM:1125
	                 Binary Elementwise (ND)	    0.253	    0.252	  0.004%	 90.561%	     0.000	        1	Delegate/Binary Elementwise (ND):1126
	                 Binary Elementwise (ND)	    0.198	    0.195	  0.003%	 90.564%	     0.000	        1	Delegate/Binary Elementwise (ND):1127
	                  Unary Elementwise (NC)	    0.139	    0.135	  0.002%	 90.566%	     0.000	        1	Delegate/Unary Elementwise (NC):1128
	           Convolution (NHWC, F32) IGEMM	   13.798	   13.688	  0.213%	 90.779%	     0.000	        1	Delegate/Convolution (NHWC, F32) IGEMM:1129
	           Convolution (NHWC, F32) IGEMM	   13.855	   13.731	  0.213%	 90.993%	     0.000	        1	Delegate/Convolution (NHWC, F32) IGEMM:1130
	                 Binary Elementwise (ND)	    0.262	    0.257	  0.004%	 90.997%	     0.000	        1	Delegate/Binary Elementwise (ND):1131
	             Resize Bilinear (NHWC, F32)	    0.921	    0.915	  0.014%	 91.011%	     0.000	        1	Delegate/Resize Bilinear (NHWC, F32):1132
	          Fully Connected (NC, F32) GEMM	    7.669	    6.848	  0.106%	 91.117%	     0.000	        1	Delegate/Fully Connected (NC, F32) GEMM:1133
	                  Unary Elementwise (NC)	    0.739	    0.705	  0.011%	 91.128%	     0.000	        1	Delegate/Unary Elementwise (NC):1134
	           Convolution (NHWC, F32) IGEMM	   64.343	   56.199	  0.874%	 92.002%	     0.000	        1	Delegate/Convolution (NHWC, F32) IGEMM:1135
	           Convolution (NHWC, F32) IGEMM	   65.933	   56.505	  0.878%	 92.880%	     0.000	        1	Delegate/Convolution (NHWC, F32) IGEMM:1136
	                 Binary Elementwise (ND)	    1.268	    1.025	  0.016%	 92.896%	     0.000	        1	Delegate/Binary Elementwise (ND):1137
	                 Binary Elementwise (ND)	    1.384	    0.933	  0.014%	 92.911%	     0.000	        1	Delegate/Binary Elementwise (ND):1138
	                  Unary Elementwise (NC)	    0.999	    0.729	  0.011%	 92.922%	     0.000	        1	Delegate/Unary Elementwise (NC):1139
	           Convolution (NHWC, F32) IGEMM	   65.241	   56.291	  0.875%	 93.797%	     0.000	        1	Delegate/Convolution (NHWC, F32) IGEMM:1140
	           Convolution (NHWC, F32) IGEMM	   65.119	   56.460	  0.878%	 94.675%	     0.000	        1	Delegate/Convolution (NHWC, F32) IGEMM:1141
	                 Binary Elementwise (ND)	    1.107	    1.036	  0.016%	 94.691%	     0.000	        1	Delegate/Binary Elementwise (ND):1142
	             Resize Bilinear (NHWC, F32)	    4.450	    3.894	  0.061%	 94.752%	     0.000	        1	Delegate/Resize Bilinear (NHWC, F32):1143
	          Fully Connected (NC, F32) GEMM	   30.148	   26.455	  0.411%	 95.163%	     0.000	        1	Delegate/Fully Connected (NC, F32) GEMM:1144
	           Convolution (NHWC, F32) IGEMM	  130.706	  114.908	  1.786%	 96.949%	     0.000	        1	Delegate/Convolution (NHWC, F32) IGEMM:1145
	             Resize Bilinear (NHWC, F32)	    7.238	    6.416	  0.100%	 97.049%	     0.000	        1	Delegate/Resize Bilinear (NHWC, F32):1146
	           Convolution (NHWC, F32) IGEMM	  194.497	  171.967	  2.673%	 99.722%	     0.000	        1	Delegate/Convolution (NHWC, F32) IGEMM:1147
	          Fully Connected (NC, F32) GEMM	    3.990	    3.631	  0.056%	 99.779%	     0.000	        1	Delegate/Fully Connected (NC, F32) GEMM:1148
	             Resize Bilinear (NHWC, F32)	    1.721	    1.518	  0.024%	 99.802%	     0.000	        1	Delegate/Resize Bilinear (NHWC, F32):1149
	                  Unary Elementwise (NC)	    0.117	    0.111	  0.002%	 99.804%	     0.000	        1	Delegate/Unary Elementwise (NC):1150
	             Resize Bilinear (NHWC, F32)	    3.460	    3.043	  0.047%	 99.851%	     0.000	        1	Delegate/Resize Bilinear (NHWC, F32):1151
	                           CONCATENATION	    0.577	    0.538	  0.008%	 99.860%	     0.000	        1	[wrapper.VDAInitWrapper;31]:1152
	                           CONCATENATION	    0.542	    0.498	  0.008%	 99.868%	     0.000	        1	[wrapper.VDAInitWrapper;32]:1153
	                           CONCATENATION	    0.269	    0.255	  0.004%	 99.872%	     0.000	        1	[wrapper.VDAInitWrapper;33]:1154
	                           CONCATENATION	    0.261	    0.251	  0.004%	 99.875%	     0.000	        1	[wrapper.VDAInitWrapper;34]:1155
	                           CONCATENATION	    0.212	    0.191	  0.003%	 99.878%	     0.000	        1	[wrapper.VDAInitWrapper;35]:1156
	                           CONCATENATION	    0.220	    0.205	  0.003%	 99.882%	     0.000	        1	[wrapper.VDAInitWrapper;36]:1157
	                           CONCATENATION	    0.906	    0.803	  0.012%	 99.894%	     0.000	        1	[wrapper.VDAInitWrapper;37]:1158
	                           CONCATENATION	    0.886	    0.846	  0.013%	 99.907%	     0.000	        1	[wrapper.VDAInitWrapper;38]:1159
	                          Copy (NC, X32)	    0.978	    0.961	  0.015%	 99.922%	     0.000	        1	Delegate/Copy (NC, X32):0
	                          Copy (NC, X32)	    0.950	    0.937	  0.015%	 99.937%	     0.000	        1	Delegate/Copy (NC, X32):1
	                          Copy (NC, X32)	    0.513	    0.476	  0.007%	 99.944%	     0.000	        1	Delegate/Copy (NC, X32):2
	                          Copy (NC, X32)	    0.485	    0.462	  0.007%	 99.951%	     0.000	        1	Delegate/Copy (NC, X32):3
	                          Copy (NC, X32)	    0.313	    0.298	  0.005%	 99.956%	     0.000	        1	Delegate/Copy (NC, X32):4
	                          Copy (NC, X32)	    0.318	    0.303	  0.005%	 99.961%	     0.000	        1	Delegate/Copy (NC, X32):5
	                          Copy (NC, X32)	    1.282	    1.228	  0.019%	 99.980%	     0.000	        1	Delegate/Copy (NC, X32):6
	                          Copy (NC, X32)	    1.356	    1.302	  0.020%	100.000%	     0.000	        1	Delegate/Copy (NC, X32):7

============================== Top by Computation Time ==============================
	                             [node type]	  [first]	 [avg ms]	     [%]	  [cdf%]	  [mem KB]	[times called]	[Name]
	           Convolution (NHWC, F32) IGEMM	  194.497	  171.967	  2.673%	  2.673%	     0.000	        1	Delegate/Convolution (NHWC, F32) IGEMM:1147
	           Convolution (NHWC, F32) IGEMM	  130.706	  114.908	  1.786%	  4.460%	     0.000	        1	Delegate/Convolution (NHWC, F32) IGEMM:1145
	          Fully Connected (NC, F32) GEMM	  101.431	  106.456	  1.655%	  6.115%	     0.000	        1	Delegate/Fully Connected (NC, F32) GEMM:2
	    Batch Matrix Multiply (NC, F32) GEMM	   99.392	  105.112	  1.634%	  7.749%	     0.000	        1	Delegate/Batch Matrix Multiply (NC, F32) GEMM:283
	    Batch Matrix Multiply (NC, F32) GEMM	  120.554	  102.582	  1.595%	  9.344%	     0.000	        1	Delegate/Batch Matrix Multiply (NC, F32) GEMM:47
	    Batch Matrix Multiply (NC, F32) GEMM	  121.106	  101.879	  1.584%	 10.927%	     0.000	        1	Delegate/Batch Matrix Multiply (NC, F32) GEMM:106
	    Batch Matrix Multiply (NC, F32) GEMM	  100.058	  101.221	  1.574%	 12.501%	     0.000	        1	Delegate/Batch Matrix Multiply (NC, F32) GEMM:224
	    Batch Matrix Multiply (NC, F32) GEMM	   99.673	  100.591	  1.564%	 14.065%	     0.000	        1	Delegate/Batch Matrix Multiply (NC, F32) GEMM:578
	    Batch Matrix Multiply (NC, F32) GEMM	  100.250	  100.560	  1.563%	 15.628%	     0.000	        1	Delegate/Batch Matrix Multiply (NC, F32) GEMM:401
	    Batch Matrix Multiply (NC, F32) GEMM	  100.010	  100.535	  1.563%	 17.191%	     0.000	        1	Delegate/Batch Matrix Multiply (NC, F32) GEMM:342

Number of nodes executed: 1168
============================== Summary by node type ==============================
	                             [Node type]	  [count]	  [avg ms]	    [avg %]	    [cdf %]	  [mem KB]	[times called]
	          Fully Connected (NC, F32) GEMM	       91	  2532.436	    39.372%	    39.372%	     0.000	       91
	    Batch Matrix Multiply (NC, F32) GEMM	       24	  2388.496	    37.134%	    76.506%	     0.000	       24
	           Convolution (NHWC, F32) IGEMM	       22	   727.139	    11.305%	    87.811%	     0.000	       22
	                       Softmax (NC, F32)	       12	   529.111	     8.226%	    96.037%	     0.000	       12
	                  Unary Elementwise (NC)	       65	    73.043	     1.136%	    97.172%	     0.000	       65
	                 Binary Elementwise (ND)	      436	    67.699	     1.053%	    98.225%	     0.000	      436
	           Transpose (ND, X32) Transpose	       69	    34.201	     0.532%	    98.756%	     0.000	       69
	                         Slice (ND, X32)	       48	    29.061	     0.452%	    99.208%	     0.000	       48
	             Resize Bilinear (NHWC, F32)	        7	    16.075	     0.250%	    99.458%	     0.000	        7
	     Deconvolution (NHWC, F32) Subconv2D	        2	    12.816	     0.199%	    99.657%	     0.000	        2
	                           Sum (ND) Mean	       82	    11.199	     0.174%	    99.832%	     0.000	       82
	                          Copy (NC, X32)	      302	     7.253	     0.113%	    99.944%	     0.000	      302
	                           CONCATENATION	        8	     3.581	     0.056%	   100.000%	     0.000	        8

Timings (microseconds): count=10 first=6711975 curr=6368245 min=6358592 max=6711975 avg=6.43252e+06 std=100176
Memory (bytes): count=0
1168 nodes observed



