INFO: STARTING!
INFO: Log parameter values verbosely: [1]
INFO: Min num runs: [10]
INFO: Min runs duration (seconds): [1]
INFO: Max runs duration (seconds): [150]
INFO: Inter-run delay (seconds): [-1]
INFO: Number of prorated runs per second: [-1]
INFO: Num threads: [-1]
INFO: Use caching: [0]
INFO: Benchmark name: []
INFO: Output prefix: []
INFO: Min warmup runs: [1]
INFO: Min warmup runs duration (seconds): [0.5]
INFO: Run w/o invoking kernels: [0]
INFO: Report the peak memory footprint: [0]
INFO: Memory footprint check interval (ms): [50]
INFO: Graph: [/data/local/tmp/vda_benchmark/vda_vits_720x1280_input518_infer8_step.tflite]
INFO: Signature to run: []
INFO: Input layers: []
INFO: Input shapes: []
INFO: Input value ranges: []
INFO: Input value files: []
INFO: Allow fp16: [0]
INFO: Require full delegation: [0]
INFO: Enable op profiling: [1]
INFO: Op profiling output mode.: [stdout]
INFO: Op profiling output file.: []
INFO: Max initial profiling buffer entries: [1024]
INFO: Allow dynamic increase on profiling buffer entries: [0]
INFO: CSV File to export profiling data to: []
INFO: Enable Model Runtime Info Export: [0]
INFO: Proto File to export model runtime info to: []
INFO: Print pre-invoke interpreter state: [0]
INFO: Print post-invoke interpreter state: [0]
INFO: Release dynamic tensor memory: [0]
INFO: Optimize memory usage for large tensors: [0]
INFO: Disable delegate clustering: [0]
INFO: Constant CAST output cache: [0]
INFO: File path to export outputs layer to: []
INFO: File path to export outputs layer as tf example to: []
INFO: Tensor name display length: [25]
INFO: Tensor type display length: [15]
INFO: Tensor allocation type display length: [18]
INFO: print out all supported flags: [0]
INFO: #threads used for CPU inference: [-1]
INFO: Max number of delegated partitions: [0]
INFO: Min nodes per partition: [0]
INFO: Index of the first node that could be delegated: [0]
INFO: Index of the last node that could be delegated: [2147483647]
INFO: Number of GPU delegate invoke loop iterations: [1]
INFO: Directory for delegate serialization: []
INFO: Model-specific token/key for delegate serialization.: []
INFO: External delegate path: []
INFO: External delegate options: []
INFO: Use gpu: [0]
INFO: Allow lower precision in gpu: [1]
INFO: Enable running quant models in gpu: [1]
INFO: Prefer maximizing the throughput in gpu: [0]
INFO: GPU backend: []
INFO: Use Hexagon: [0]
INFO: Hexagon lib path: [/data/local/tmp]
INFO: Hexagon profiling: [0]
INFO: Use NNAPI: [0]
INFO: Use xnnpack: [0]
INFO: xnnpack_force_fp16: [0]
INFO: xnnpack_weight_cache_file_path: []
INFO: Use Slinky: [0]
INFO: Loaded model /data/local/tmp/vda_benchmark/vda_vits_720x1280_input518_infer8_step.tflite
INFO: Initialized TensorFlow Lite runtime.
INFO: Created TensorFlow Lite XNNPACK delegate for CPU.
VERBOSE: Replacing 1321 out of 1321 node(s) with delegate (TfLiteXNNPackDelegate) node, yielding 1 partitions for subgraph 0.
INFO: The input model file size (MB): 124.356
INFO: Initialized session in 408.64ms.
INFO: Running benchmark for at least 1 iterations and at least 0.5 seconds but terminate if exceeding 150 seconds.
INFO: count=1 curr=6862026 p5=6862026 median=6862026 p95=6862026

INFO: Running benchmark for at least 10 iterations and at least 1 seconds but terminate if exceeding 150 seconds.
INFO: count=10 first=6811194 curr=6730263 min=6728120 max=8056150 avg=6.97679e+06 std=427352 p5=6728120 median=6784762 p95=8056150

INFO: Inference timings in us: Init: 408640, First inference: 6862026, Warmup (avg): 6.86203e+06, Inference (avg): 6.97679e+06
INFO: Note: as the benchmark tool itself affects memory footprint, the following is only APPROXIMATE to the actual memory footprint of the model at runtime. Take the information at your discretion.
INFO: Memory footprint delta from the start of the tool (MB): init=675.281 overall=942.926
INFO: Profiling Info for Benchmark Initialization:
============================== Run Order ==============================
	                             [node type]	  [first]	 [avg ms]	     [%]	  [cdf%]	  [mem KB]	[times called]	[Name]
	                 ModifyGraphWithDelegate	  206.813	  206.813	 51.666%	 51.666%	238924.000	        1	ModifyGraphWithDelegate/0
	                         AllocateTensors	  193.474	  193.474	 48.334%	100.000%	444244.000	        1	AllocateTensors/0

============================== Top by Computation Time ==============================
	                             [node type]	  [first]	 [avg ms]	     [%]	  [cdf%]	  [mem KB]	[times called]	[Name]
	                 ModifyGraphWithDelegate	  206.813	  206.813	 51.666%	 51.666%	238924.000	        1	ModifyGraphWithDelegate/0
	                         AllocateTensors	  193.474	  193.474	 48.334%	100.000%	444244.000	        1	AllocateTensors/0

Number of nodes executed: 2
============================== Summary by node type ==============================
	                             [Node type]	  [count]	  [avg ms]	    [avg %]	    [cdf %]	  [mem KB]	[times called]
	                 ModifyGraphWithDelegate	        1	   206.813	    51.666%	    51.666%	238924.000	        1
	                         AllocateTensors	        1	   193.474	    48.334%	   100.000%	444244.000	        1

Timings (microseconds): count=1 curr=400287
Memory (bytes): count=0
2 nodes observed



INFO: Operator-wise Profiling Info for Regular Benchmark Runs:
============================== Run Order ==============================
	                             [node type]	  [first]	 [avg ms]	     [%]	  [cdf%]	  [mem KB]	[times called]	[Name]
	                 Binary Elementwise (ND)	    1.080	    0.972	  0.014%	  0.014%	     0.000	        1	Delegate/Binary Elementwise (ND):0
	           Transpose (ND, X32) Transpose	    2.270	    2.086	  0.030%	  0.044%	     0.000	        1	Delegate/Transpose (ND, X32) Transpose:1
	          Fully Connected (NC, F32) GEMM	  111.876	  107.492	  1.541%	  1.585%	     0.000	        1	Delegate/Fully Connected (NC, F32) GEMM:2
	           Transpose (ND, X32) Transpose	    1.320	    1.516	  0.022%	  1.607%	     0.000	        1	Delegate/Transpose (ND, X32) Transpose:3
	          Fully Connected (NC, F32) GEMM	   40.857	   42.165	  0.604%	  2.211%	     0.000	        1	Delegate/Fully Connected (NC, F32) GEMM:4
	                 Binary Elementwise (ND)	    0.388	    0.410	  0.006%	  2.217%	     0.000	        1	Delegate/Binary Elementwise (ND):5
	                 Binary Elementwise (ND)	    0.530	    0.584	  0.008%	  2.225%	     0.000	        1	Delegate/Binary Elementwise (ND):6
	                          Copy (NC, X32)	    0.965	    1.165	  0.017%	  2.242%	     0.000	        1	Delegate/Copy (NC, X32):7
	                          Copy (NC, X32)	    0.920	    1.134	  0.016%	  2.258%	     0.000	        1	Delegate/Copy (NC, X32):8
	                          Copy (NC, X32)	    0.444	    0.549	  0.008%	  2.266%	     0.000	        1	Delegate/Copy (NC, X32):9
	                          Copy (NC, X32)	    0.450	    0.573	  0.008%	  2.274%	     0.000	        1	Delegate/Copy (NC, X32):10
	                          Copy (NC, X32)	    0.290	    0.353	  0.005%	  2.279%	     0.000	        1	Delegate/Copy (NC, X32):11
	                          Copy (NC, X32)	    0.318	    0.354	  0.005%	  2.284%	     0.000	        1	Delegate/Copy (NC, X32):12
	                          Copy (NC, X32)	    1.198	    1.457	  0.021%	  2.305%	     0.000	        1	Delegate/Copy (NC, X32):13
	                          Copy (NC, X32)	    1.201	    1.470	  0.021%	  2.326%	     0.000	        1	Delegate/Copy (NC, X32):14
	           Transpose (ND, X32) Transpose	    1.378	    1.506	  0.022%	  2.348%	     0.000	        1	Delegate/Transpose (ND, X32) Transpose:15
	           Convolution (NHWC, F32) IGEMM	   30.042	   30.617	  0.439%	  2.787%	     0.000	        1	Delegate/Convolution (NHWC, F32) IGEMM:16
	           Transpose (ND, X32) Transpose	    0.646	    0.685	  0.010%	  2.797%	     0.000	        1	Delegate/Transpose (ND, X32) Transpose:17
	                          Copy (NC, X32)	    0.001	    0.001	  0.000%	  2.797%	     0.000	        1	Delegate/Copy (NC, X32):18
	           Transpose (ND, X32) Transpose	    0.418	    0.455	  0.007%	  2.803%	     0.000	        1	Delegate/Transpose (ND, X32) Transpose:19
	                          Copy (NC, X32)	    0.000	    0.000	  0.000%	  2.803%	     0.000	        1	Delegate/Copy (NC, X32):20
	                          Copy (NC, X32)	    0.178	    0.196	  0.003%	  2.806%	     0.000	        1	Delegate/Copy (NC, X32):21
	                 Binary Elementwise (ND)	    0.337	    0.377	  0.005%	  2.811%	     0.000	        1	Delegate/Binary Elementwise (ND):22
	                          Copy (NC, X32)	    0.190	    0.212	  0.003%	  2.814%	     0.000	        1	Delegate/Copy (NC, X32):23
	                           Sum (ND) Mean	    0.222	    0.213	  0.003%	  2.817%	     0.000	        1	Delegate/Sum (ND) Mean:24
	                 Binary Elementwise (ND)	    0.002	    0.001	  0.000%	  2.818%	     0.000	        1	Delegate/Binary Elementwise (ND):25
	                          Copy (NC, X32)	    0.000	    0.000	  0.000%	  2.818%	     0.000	        1	Delegate/Copy (NC, X32):26
	                 Binary Elementwise (ND)	    0.229	    0.226	  0.003%	  2.821%	     0.000	        1	Delegate/Binary Elementwise (ND):27
	                 Binary Elementwise (ND)	    0.220	    0.241	  0.003%	  2.824%	     0.000	        1	Delegate/Binary Elementwise (ND):28
	                           Sum (ND) Mean	    0.163	    0.180	  0.003%	  2.827%	     0.000	        1	Delegate/Sum (ND) Mean:29
	                 Binary Elementwise (ND)	    0.000	    0.000	  0.000%	  2.827%	     0.000	        1	Delegate/Binary Elementwise (ND):30
	                 Binary Elementwise (ND)	    0.001	    0.001	  0.000%	  2.827%	     0.000	        1	Delegate/Binary Elementwise (ND):31
	                          Copy (NC, X32)	    0.000	    0.000	  0.000%	  2.827%	     0.000	        1	Delegate/Copy (NC, X32):32
	                  Unary Elementwise (NC)	    0.002	    0.003	  0.000%	  2.827%	     0.000	        1	Delegate/Unary Elementwise (NC):33
	                 Binary Elementwise (ND)	    0.216	    0.244	  0.004%	  2.830%	     0.000	        1	Delegate/Binary Elementwise (ND):34
	                 Binary Elementwise (ND)	    0.214	    0.238	  0.003%	  2.834%	     0.000	        1	Delegate/Binary Elementwise (ND):35
	                 Binary Elementwise (ND)	    0.281	    0.300	  0.004%	  2.838%	     0.000	        1	Delegate/Binary Elementwise (ND):36
	          Fully Connected (NC, F32) GEMM	   43.639	   44.845	  0.643%	  3.481%	     0.000	        1	Delegate/Fully Connected (NC, F32) GEMM:37
	                         Slice (ND, X32)	    0.516	    0.559	  0.008%	  3.489%	     0.000	        1	Delegate/Slice (ND, X32):38
	                         Slice (ND, X32)	    0.508	    0.556	  0.008%	  3.497%	     0.000	        1	Delegate/Slice (ND, X32):39
	                         Slice (ND, X32)	    0.472	    0.529	  0.008%	  3.505%	     0.000	        1	Delegate/Slice (ND, X32):40
	                          Copy (NC, X32)	    0.001	    0.001	  0.000%	  3.505%	     0.000	        1	Delegate/Copy (NC, X32):41
	                          Copy (NC, X32)	    0.000	    0.000	  0.000%	  3.505%	     0.000	        1	Delegate/Copy (NC, X32):42
	           Transpose (ND, X32) Transpose	    0.279	    0.309	  0.004%	  3.509%	     0.000	        1	Delegate/Transpose (ND, X32) Transpose:43
	                 Binary Elementwise (ND)	    0.306	    0.316	  0.005%	  3.513%	     0.000	        1	Delegate/Binary Elementwise (ND):44
	                          Copy (NC, X32)	    0.000	    0.000	  0.000%	  3.513%	     0.000	        1	Delegate/Copy (NC, X32):45
	           Transpose (ND, X32) Transpose	    0.273	    0.298	  0.004%	  3.518%	     0.000	        1	Delegate/Transpose (ND, X32) Transpose:46
	           Transpose (ND, X32) Transpose	    0.822	    0.832	  0.012%	  3.530%	     0.000	        1	Delegate/Transpose (ND, X32) Transpose:47
	                          Copy (NC, X32)	    0.001	    0.001	  0.000%	  3.530%	     0.000	        1	Delegate/Copy (NC, X32):48
	                          Copy (NC, X32)	    0.000	    0.000	  0.000%	  3.530%	     0.000	        1	Delegate/Copy (NC, X32):49
	    Batch Matrix Multiply (NC, F32) GEMM	   97.070	   99.371	  1.425%	  4.954%	     0.000	        1	Delegate/Batch Matrix Multiply (NC, F32) GEMM:50
	                          Copy (NC, X32)	    0.002	    0.002	  0.000%	  4.954%	     0.000	        1	Delegate/Copy (NC, X32):51
	                       Softmax (NC, F32)	   43.977	   45.412	  0.651%	  5.605%	     0.000	        1	Delegate/Softmax (NC, F32):52
	                          Copy (NC, X32)	    0.002	    0.002	  0.000%	  5.605%	     0.000	        1	Delegate/Copy (NC, X32):53
	                          Copy (NC, X32)	    0.000	    0.000	  0.000%	  5.605%	     0.000	        1	Delegate/Copy (NC, X32):54
	    Batch Matrix Multiply (NC, F32) GEMM	   97.624	  103.827	  1.488%	  7.094%	     0.000	        1	Delegate/Batch Matrix Multiply (NC, F32) GEMM:55
	                          Copy (NC, X32)	    0.001	    0.001	  0.000%	  7.094%	     0.000	        1	Delegate/Copy (NC, X32):56
	           Transpose (ND, X32) Transpose	    0.238	    0.298	  0.004%	  7.098%	     0.000	        1	Delegate/Transpose (ND, X32) Transpose:57
	                          Copy (NC, X32)	    0.000	    0.000	  0.000%	  7.098%	     0.000	        1	Delegate/Copy (NC, X32):58
	          Fully Connected (NC, F32) GEMM	   14.473	   14.797	  0.212%	  7.310%	     0.000	        1	Delegate/Fully Connected (NC, F32) GEMM:59
	                          Copy (NC, X32)	    0.000	    0.001	  0.000%	  7.310%	     0.000	        1	Delegate/Copy (NC, X32):60
	                 Binary Elementwise (ND)	    0.371	    0.409	  0.006%	  7.316%	     0.000	        1	Delegate/Binary Elementwise (ND):61
	                 Binary Elementwise (ND)	    0.319	    0.405	  0.006%	  7.322%	     0.000	        1	Delegate/Binary Elementwise (ND):62
	                           Sum (ND) Mean	    0.175	    0.207	  0.003%	  7.325%	     0.000	        1	Delegate/Sum (ND) Mean:63
	                 Binary Elementwise (ND)	    0.001	    0.001	  0.000%	  7.325%	     0.000	        1	Delegate/Binary Elementwise (ND):64
	                          Copy (NC, X32)	    0.000	    0.000	  0.000%	  7.325%	     0.000	        1	Delegate/Copy (NC, X32):65
	                 Binary Elementwise (ND)	    0.205	    0.259	  0.004%	  7.328%	     0.000	        1	Delegate/Binary Elementwise (ND):66
	                 Binary Elementwise (ND)	    0.190	    0.248	  0.004%	  7.332%	     0.000	        1	Delegate/Binary Elementwise (ND):67
	                           Sum (ND) Mean	    0.158	    0.182	  0.003%	  7.335%	     0.000	        1	Delegate/Sum (ND) Mean:68
	                 Binary Elementwise (ND)	    0.000	    0.000	  0.000%	  7.335%	     0.000	        1	Delegate/Binary Elementwise (ND):69
	                 Binary Elementwise (ND)	    0.001	    0.002	  0.000%	  7.335%	     0.000	        1	Delegate/Binary Elementwise (ND):70
	                          Copy (NC, X32)	    0.000	    0.000	  0.000%	  7.335%	     0.000	        1	Delegate/Copy (NC, X32):71
	                  Unary Elementwise (NC)	    0.003	    0.003	  0.000%	  7.335%	     0.000	        1	Delegate/Unary Elementwise (NC):72
	                 Binary Elementwise (ND)	    0.203	    0.266	  0.004%	  7.338%	     0.000	        1	Delegate/Binary Elementwise (ND):73
	                 Binary Elementwise (ND)	    0.210	    0.245	  0.004%	  7.342%	     0.000	        1	Delegate/Binary Elementwise (ND):74
	                 Binary Elementwise (ND)	    0.310	    0.335	  0.005%	  7.347%	     0.000	        1	Delegate/Binary Elementwise (ND):75
	          Fully Connected (NC, F32) GEMM	   59.051	   60.164	  0.862%	  8.209%	     0.000	        1	Delegate/Fully Connected (NC, F32) GEMM:76
	                  Unary Elementwise (NC)	    5.251	    5.344	  0.077%	  8.286%	     0.000	        1	Delegate/Unary Elementwise (NC):77
	                          Copy (NC, X32)	    0.000	    0.001	  0.000%	  8.286%	     0.000	        1	Delegate/Copy (NC, X32):78
	          Fully Connected (NC, F32) GEMM	   58.373	   60.605	  0.869%	  9.155%	     0.000	        1	Delegate/Fully Connected (NC, F32) GEMM:79
	                          Copy (NC, X32)	    0.001	    0.001	  0.000%	  9.155%	     0.000	        1	Delegate/Copy (NC, X32):80
	                 Binary Elementwise (ND)	    0.206	    0.237	  0.003%	  9.158%	     0.000	        1	Delegate/Binary Elementwise (ND):81
	                 Binary Elementwise (ND)	    0.315	    0.376	  0.005%	  9.163%	     0.000	        1	Delegate/Binary Elementwise (ND):82
	                           Sum (ND) Mean	    0.164	    0.186	  0.003%	  9.166%	     0.000	        1	Delegate/Sum (ND) Mean:83
	                 Binary Elementwise (ND)	    0.001	    0.001	  0.000%	  9.166%	     0.000	        1	Delegate/Binary Elementwise (ND):84
	                          Copy (NC, X32)	    0.000	    0.000	  0.000%	  9.166%	     0.000	        1	Delegate/Copy (NC, X32):85
	                 Binary Elementwise (ND)	    0.216	    0.272	  0.004%	  9.170%	     0.000	        1	Delegate/Binary Elementwise (ND):86
	                 Binary Elementwise (ND)	    0.231	    0.285	  0.004%	  9.174%	     0.000	        1	Delegate/Binary Elementwise (ND):87
	                           Sum (ND) Mean	    0.170	    0.198	  0.003%	  9.177%	     0.000	        1	Delegate/Sum (ND) Mean:88
	                 Binary Elementwise (ND)	    0.001	    0.001	  0.000%	  9.177%	     0.000	        1	Delegate/Binary Elementwise (ND):89
	                 Binary Elementwise (ND)	    0.001	    0.001	  0.000%	  9.177%	     0.000	        1	Delegate/Binary Elementwise (ND):90
	                          Copy (NC, X32)	    0.000	    0.000	  0.000%	  9.177%	     0.000	        1	Delegate/Copy (NC, X32):91
	                  Unary Elementwise (NC)	    0.003	    0.002	  0.000%	  9.177%	     0.000	        1	Delegate/Unary Elementwise (NC):92
	                 Binary Elementwise (ND)	    0.248	    0.282	  0.004%	  9.181%	     0.000	        1	Delegate/Binary Elementwise (ND):93
	                 Binary Elementwise (ND)	    0.258	    0.297	  0.004%	  9.185%	     0.000	        1	Delegate/Binary Elementwise (ND):94
	                 Binary Elementwise (ND)	    0.343	    0.376	  0.005%	  9.191%	     0.000	        1	Delegate/Binary Elementwise (ND):95
	          Fully Connected (NC, F32) GEMM	   43.886	   44.779	  0.642%	  9.833%	     0.000	        1	Delegate/Fully Connected (NC, F32) GEMM:96
	                         Slice (ND, X32)	    0.529	    0.609	  0.009%	  9.841%	     0.000	        1	Delegate/Slice (ND, X32):97
	                         Slice (ND, X32)	    0.529	    0.609	  0.009%	  9.850%	     0.000	        1	Delegate/Slice (ND, X32):98
	                         Slice (ND, X32)	    0.467	    0.581	  0.008%	  9.858%	     0.000	        1	Delegate/Slice (ND, X32):99
	                          Copy (NC, X32)	    0.000	    0.000	  0.000%	  9.858%	     0.000	        1	Delegate/Copy (NC, X32):100
	                          Copy (NC, X32)	    0.000	    0.000	  0.000%	  9.858%	     0.000	        1	Delegate/Copy (NC, X32):101
	           Transpose (ND, X32) Transpose	    0.280	    0.322	  0.005%	  9.863%	     0.000	        1	Delegate/Transpose (ND, X32) Transpose:102
	                 Binary Elementwise (ND)	    0.305	    0.340	  0.005%	  9.868%	     0.000	        1	Delegate/Binary Elementwise (ND):103
	                          Copy (NC, X32)	    0.000	    0.000	  0.000%	  9.868%	     0.000	        1	Delegate/Copy (NC, X32):104
	           Transpose (ND, X32) Transpose	    0.276	    0.305	  0.004%	  9.872%	     0.000	        1	Delegate/Transpose (ND, X32) Transpose:105
	           Transpose (ND, X32) Transpose	    0.794	    0.900	  0.013%	  9.885%	     0.000	        1	Delegate/Transpose (ND, X32) Transpose:106
	                          Copy (NC, X32)	    0.000	    0.001	  0.000%	  9.885%	     0.000	        1	Delegate/Copy (NC, X32):107
	                          Copy (NC, X32)	    0.000	    0.000	  0.000%	  9.885%	     0.000	        1	Delegate/Copy (NC, X32):108
	    Batch Matrix Multiply (NC, F32) GEMM	   97.237	   99.832	  1.431%	 11.316%	     0.000	        1	Delegate/Batch Matrix Multiply (NC, F32) GEMM:109
	                          Copy (NC, X32)	    0.001	    0.001	  0.000%	 11.316%	     0.000	        1	Delegate/Copy (NC, X32):110
	                       Softmax (NC, F32)	   43.904	   45.190	  0.648%	 11.964%	     0.000	        1	Delegate/Softmax (NC, F32):111
	                          Copy (NC, X32)	    0.001	    0.002	  0.000%	 11.964%	     0.000	        1	Delegate/Copy (NC, X32):112
	                          Copy (NC, X32)	    0.000	    0.000	  0.000%	 11.964%	     0.000	        1	Delegate/Copy (NC, X32):113
	    Batch Matrix Multiply (NC, F32) GEMM	   97.745	  105.932	  1.519%	 13.483%	     0.000	        1	Delegate/Batch Matrix Multiply (NC, F32) GEMM:114
	                          Copy (NC, X32)	    0.001	    0.001	  0.000%	 13.483%	     0.000	        1	Delegate/Copy (NC, X32):115
	           Transpose (ND, X32) Transpose	    0.239	    0.317	  0.005%	 13.487%	     0.000	        1	Delegate/Transpose (ND, X32) Transpose:116
	                          Copy (NC, X32)	    0.001	    0.000	  0.000%	 13.487%	     0.000	        1	Delegate/Copy (NC, X32):117
	          Fully Connected (NC, F32) GEMM	   14.526	   15.317	  0.220%	 13.707%	     0.000	        1	Delegate/Fully Connected (NC, F32) GEMM:118
	                          Copy (NC, X32)	    0.001	    0.001	  0.000%	 13.707%	     0.000	        1	Delegate/Copy (NC, X32):119
	                 Binary Elementwise (ND)	    0.369	    0.411	  0.006%	 13.713%	     0.000	        1	Delegate/Binary Elementwise (ND):120
	                 Binary Elementwise (ND)	    0.322	    0.438	  0.006%	 13.719%	     0.000	        1	Delegate/Binary Elementwise (ND):121
	                           Sum (ND) Mean	    0.181	    0.216	  0.003%	 13.722%	     0.000	        1	Delegate/Sum (ND) Mean:122
	                 Binary Elementwise (ND)	    0.001	    0.001	  0.000%	 13.722%	     0.000	        1	Delegate/Binary Elementwise (ND):123
	                          Copy (NC, X32)	    0.000	    0.000	  0.000%	 13.722%	     0.000	        1	Delegate/Copy (NC, X32):124
	                 Binary Elementwise (ND)	    0.211	    0.274	  0.004%	 13.726%	     0.000	        1	Delegate/Binary Elementwise (ND):125
	                 Binary Elementwise (ND)	    0.196	    0.259	  0.004%	 13.730%	     0.000	        1	Delegate/Binary Elementwise (ND):126
	                           Sum (ND) Mean	    0.166	    0.196	  0.003%	 13.733%	     0.000	        1	Delegate/Sum (ND) Mean:127
	                 Binary Elementwise (ND)	    0.000	    0.001	  0.000%	 13.733%	     0.000	        1	Delegate/Binary Elementwise (ND):128
	                 Binary Elementwise (ND)	    0.001	    0.001	  0.000%	 13.733%	     0.000	        1	Delegate/Binary Elementwise (ND):129
	                          Copy (NC, X32)	    0.000	    0.000	  0.000%	 13.733%	     0.000	        1	Delegate/Copy (NC, X32):130
	                  Unary Elementwise (NC)	    0.002	    0.002	  0.000%	 13.733%	     0.000	        1	Delegate/Unary Elementwise (NC):131
	                 Binary Elementwise (ND)	    0.210	    0.277	  0.004%	 13.737%	     0.000	        1	Delegate/Binary Elementwise (ND):132
	                 Binary Elementwise (ND)	    0.211	    0.275	  0.004%	 13.741%	     0.000	        1	Delegate/Binary Elementwise (ND):133
	                 Binary Elementwise (ND)	    0.304	    0.361	  0.005%	 13.746%	     0.000	        1	Delegate/Binary Elementwise (ND):134
	          Fully Connected (NC, F32) GEMM	   59.057	   61.070	  0.875%	 14.621%	     0.000	        1	Delegate/Fully Connected (NC, F32) GEMM:135
	                  Unary Elementwise (NC)	    5.228	    5.328	  0.076%	 14.698%	     0.000	        1	Delegate/Unary Elementwise (NC):136
	                          Copy (NC, X32)	    0.001	    0.001	  0.000%	 14.698%	     0.000	        1	Delegate/Copy (NC, X32):137
	          Fully Connected (NC, F32) GEMM	   58.568	   60.877	  0.873%	 15.570%	     0.000	        1	Delegate/Fully Connected (NC, F32) GEMM:138
	                          Copy (NC, X32)	    0.001	    0.002	  0.000%	 15.570%	     0.000	        1	Delegate/Copy (NC, X32):139
	                 Binary Elementwise (ND)	    0.205	    0.244	  0.003%	 15.574%	     0.000	        1	Delegate/Binary Elementwise (ND):140
	                 Binary Elementwise (ND)	    0.329	    0.410	  0.006%	 15.580%	     0.000	        1	Delegate/Binary Elementwise (ND):141
	                           Sum (ND) Mean	    0.183	    0.202	  0.003%	 15.583%	     0.000	        1	Delegate/Sum (ND) Mean:142
	                 Binary Elementwise (ND)	    0.001	    0.001	  0.000%	 15.583%	     0.000	        1	Delegate/Binary Elementwise (ND):143
	                          Copy (NC, X32)	    0.000	    0.000	  0.000%	 15.583%	     0.000	        1	Delegate/Copy (NC, X32):144
	                 Binary Elementwise (ND)	    0.243	    0.284	  0.004%	 15.587%	     0.000	        1	Delegate/Binary Elementwise (ND):145
	                 Binary Elementwise (ND)	    0.235	    0.287	  0.004%	 15.591%	     0.000	        1	Delegate/Binary Elementwise (ND):146
	                           Sum (ND) Mean	    0.178	    0.198	  0.003%	 15.594%	     0.000	        1	Delegate/Sum (ND) Mean:147
	                 Binary Elementwise (ND)	    0.000	    0.000	  0.000%	 15.594%	     0.000	        1	Delegate/Binary Elementwise (ND):148
	                 Binary Elementwise (ND)	    0.001	    0.001	  0.000%	 15.594%	     0.000	        1	Delegate/Binary Elementwise (ND):149
	                          Copy (NC, X32)	    0.000	    0.000	  0.000%	 15.594%	     0.000	        1	Delegate/Copy (NC, X32):150
	                  Unary Elementwise (NC)	    0.002	    0.002	  0.000%	 15.594%	     0.000	        1	Delegate/Unary Elementwise (NC):151
	                 Binary Elementwise (ND)	    0.252	    0.276	  0.004%	 15.598%	     0.000	        1	Delegate/Binary Elementwise (ND):152
	                 Binary Elementwise (ND)	    0.216	    0.266	  0.004%	 15.602%	     0.000	        1	Delegate/Binary Elementwise (ND):153
	                 Binary Elementwise (ND)	    0.332	    0.364	  0.005%	 15.607%	     0.000	        1	Delegate/Binary Elementwise (ND):154
	          Fully Connected (NC, F32) GEMM	   44.271	   45.371	  0.650%	 16.257%	     0.000	        1	Delegate/Fully Connected (NC, F32) GEMM:155
	                         Slice (ND, X32)	    0.565	    0.665	  0.010%	 16.267%	     0.000	        1	Delegate/Slice (ND, X32):156
	                         Slice (ND, X32)	    0.519	    0.637	  0.009%	 16.276%	     0.000	        1	Delegate/Slice (ND, X32):157
	                         Slice (ND, X32)	    0.438	    0.568	  0.008%	 16.284%	     0.000	        1	Delegate/Slice (ND, X32):158
	                          Copy (NC, X32)	    0.000	    0.000	  0.000%	 16.284%	     0.000	        1	Delegate/Copy (NC, X32):159
	                          Copy (NC, X32)	    0.000	    0.000	  0.000%	 16.284%	     0.000	        1	Delegate/Copy (NC, X32):160
	           Transpose (ND, X32) Transpose	    0.254	    0.320	  0.005%	 16.289%	     0.000	        1	Delegate/Transpose (ND, X32) Transpose:161
	                 Binary Elementwise (ND)	    0.259	    0.306	  0.004%	 16.293%	     0.000	        1	Delegate/Binary Elementwise (ND):162
	                          Copy (NC, X32)	    0.000	    0.000	  0.000%	 16.293%	     0.000	        1	Delegate/Copy (NC, X32):163
	           Transpose (ND, X32) Transpose	    0.267	    0.340	  0.005%	 16.298%	     0.000	        1	Delegate/Transpose (ND, X32) Transpose:164
	           Transpose (ND, X32) Transpose	    0.792	    0.922	  0.013%	 16.311%	     0.000	        1	Delegate/Transpose (ND, X32) Transpose:165
	                          Copy (NC, X32)	    0.001	    0.001	  0.000%	 16.311%	     0.000	        1	Delegate/Copy (NC, X32):166
	                          Copy (NC, X32)	    0.000	    0.000	  0.000%	 16.311%	     0.000	        1	Delegate/Copy (NC, X32):167
	    Batch Matrix Multiply (NC, F32) GEMM	   97.003	  100.722	  1.444%	 17.755%	     0.000	        1	Delegate/Batch Matrix Multiply (NC, F32) GEMM:168
	                          Copy (NC, X32)	    0.001	    0.002	  0.000%	 17.755%	     0.000	        1	Delegate/Copy (NC, X32):169
	                       Softmax (NC, F32)	   43.976	   45.687	  0.655%	 18.410%	     0.000	        1	Delegate/Softmax (NC, F32):170
	                          Copy (NC, X32)	    0.002	    0.005	  0.000%	 18.410%	     0.000	        1	Delegate/Copy (NC, X32):171
	                          Copy (NC, X32)	    0.000	    0.000	  0.000%	 18.410%	     0.000	        1	Delegate/Copy (NC, X32):172
	    Batch Matrix Multiply (NC, F32) GEMM	   98.866	  105.143	  1.507%	 19.917%	     0.000	        1	Delegate/Batch Matrix Multiply (NC, F32) GEMM:173
	                          Copy (NC, X32)	    0.001	    0.002	  0.000%	 19.917%	     0.000	        1	Delegate/Copy (NC, X32):174
	           Transpose (ND, X32) Transpose	    0.261	    0.307	  0.004%	 19.922%	     0.000	        1	Delegate/Transpose (ND, X32) Transpose:175
	                          Copy (NC, X32)	    0.001	    0.001	  0.000%	 19.922%	     0.000	        1	Delegate/Copy (NC, X32):176
	          Fully Connected (NC, F32) GEMM	   14.421	   15.233	  0.218%	 20.140%	     0.000	        1	Delegate/Fully Connected (NC, F32) GEMM:177
	                          Copy (NC, X32)	    0.001	    0.001	  0.000%	 20.140%	     0.000	        1	Delegate/Copy (NC, X32):178
	                 Binary Elementwise (ND)	    0.371	    0.394	  0.006%	 20.146%	     0.000	        1	Delegate/Binary Elementwise (ND):179
	                 Binary Elementwise (ND)	    0.317	    0.409	  0.006%	 20.152%	     0.000	        1	Delegate/Binary Elementwise (ND):180
	                           Sum (ND) Mean	    0.183	    0.207	  0.003%	 20.155%	     0.000	        1	Delegate/Sum (ND) Mean:181
	                 Binary Elementwise (ND)	    0.001	    0.001	  0.000%	 20.155%	     0.000	        1	Delegate/Binary Elementwise (ND):182
	                          Copy (NC, X32)	    0.000	    0.000	  0.000%	 20.155%	     0.000	        1	Delegate/Copy (NC, X32):183
	                 Binary Elementwise (ND)	    0.213	    0.259	  0.004%	 20.158%	     0.000	        1	Delegate/Binary Elementwise (ND):184
	                 Binary Elementwise (ND)	    0.199	    0.246	  0.004%	 20.162%	     0.000	        1	Delegate/Binary Elementwise (ND):185
	                           Sum (ND) Mean	    0.159	    0.190	  0.003%	 20.165%	     0.000	        1	Delegate/Sum (ND) Mean:186
	                 Binary Elementwise (ND)	    0.001	    0.001	  0.000%	 20.165%	     0.000	        1	Delegate/Binary Elementwise (ND):187
	                 Binary Elementwise (ND)	    0.001	    0.001	  0.000%	 20.165%	     0.000	        1	Delegate/Binary Elementwise (ND):188
	                          Copy (NC, X32)	    0.000	    0.000	  0.000%	 20.165%	     0.000	        1	Delegate/Copy (NC, X32):189
	                  Unary Elementwise (NC)	    0.002	    0.002	  0.000%	 20.165%	     0.000	        1	Delegate/Unary Elementwise (NC):190
	                 Binary Elementwise (ND)	    0.252	    0.280	  0.004%	 20.169%	     0.000	        1	Delegate/Binary Elementwise (ND):191
	                 Binary Elementwise (ND)	    0.226	    0.279	  0.004%	 20.173%	     0.000	        1	Delegate/Binary Elementwise (ND):192
	                 Binary Elementwise (ND)	    0.273	    0.332	  0.005%	 20.177%	     0.000	        1	Delegate/Binary Elementwise (ND):193
	          Fully Connected (NC, F32) GEMM	   59.061	   61.771	  0.886%	 21.063%	     0.000	        1	Delegate/Fully Connected (NC, F32) GEMM:194
	                  Unary Elementwise (NC)	    5.258	    5.429	  0.078%	 21.141%	     0.000	        1	Delegate/Unary Elementwise (NC):195
	                          Copy (NC, X32)	    0.001	    0.001	  0.000%	 21.141%	     0.000	        1	Delegate/Copy (NC, X32):196
	          Fully Connected (NC, F32) GEMM	   58.617	   62.026	  0.889%	 22.030%	     0.000	        1	Delegate/Fully Connected (NC, F32) GEMM:197
	                          Copy (NC, X32)	    0.001	    0.002	  0.000%	 22.030%	     0.000	        1	Delegate/Copy (NC, X32):198
	                 Binary Elementwise (ND)	    0.204	    0.260	  0.004%	 22.034%	     0.000	        1	Delegate/Binary Elementwise (ND):199
	                 Binary Elementwise (ND)	    0.343	    0.408	  0.006%	 22.040%	     0.000	        1	Delegate/Binary Elementwise (ND):200
	                           Sum (ND) Mean	    0.168	    0.193	  0.003%	 22.042%	     0.000	        1	Delegate/Sum (ND) Mean:201
	                 Binary Elementwise (ND)	    0.001	    0.001	  0.000%	 22.042%	     0.000	        1	Delegate/Binary Elementwise (ND):202
	                          Copy (NC, X32)	    0.000	    0.000	  0.000%	 22.042%	     0.000	        1	Delegate/Copy (NC, X32):203
	                 Binary Elementwise (ND)	    0.205	    0.262	  0.004%	 22.046%	     0.000	        1	Delegate/Binary Elementwise (ND):204
	                 Binary Elementwise (ND)	    0.230	    0.291	  0.004%	 22.050%	     0.000	        1	Delegate/Binary Elementwise (ND):205
	                           Sum (ND) Mean	    0.169	    0.195	  0.003%	 22.053%	     0.000	        1	Delegate/Sum (ND) Mean:206
	                 Binary Elementwise (ND)	    0.001	    0.001	  0.000%	 22.053%	     0.000	        1	Delegate/Binary Elementwise (ND):207
	                 Binary Elementwise (ND)	    0.001	    0.001	  0.000%	 22.053%	     0.000	        1	Delegate/Binary Elementwise (ND):208
	                          Copy (NC, X32)	    0.000	    0.000	  0.000%	 22.053%	     0.000	        1	Delegate/Copy (NC, X32):209
	                  Unary Elementwise (NC)	    0.002	    0.002	  0.000%	 22.053%	     0.000	        1	Delegate/Unary Elementwise (NC):210
	                 Binary Elementwise (ND)	    0.228	    0.291	  0.004%	 22.057%	     0.000	        1	Delegate/Binary Elementwise (ND):211
	                 Binary Elementwise (ND)	    0.244	    0.307	  0.004%	 22.062%	     0.000	        1	Delegate/Binary Elementwise (ND):212
	                 Binary Elementwise (ND)	    0.253	    0.303	  0.004%	 22.066%	     0.000	        1	Delegate/Binary Elementwise (ND):213
	          Fully Connected (NC, F32) GEMM	   43.899	   46.153	  0.662%	 22.728%	     0.000	        1	Delegate/Fully Connected (NC, F32) GEMM:214
	                         Slice (ND, X32)	    0.529	    0.655	  0.009%	 22.737%	     0.000	        1	Delegate/Slice (ND, X32):215
	                         Slice (ND, X32)	    0.522	    0.682	  0.010%	 22.747%	     0.000	        1	Delegate/Slice (ND, X32):216
	                         Slice (ND, X32)	    0.494	    0.682	  0.010%	 22.757%	     0.000	        1	Delegate/Slice (ND, X32):217
	                          Copy (NC, X32)	    0.000	    0.001	  0.000%	 22.757%	     0.000	        1	Delegate/Copy (NC, X32):218
	                          Copy (NC, X32)	    0.000	    0.000	  0.000%	 22.757%	     0.000	        1	Delegate/Copy (NC, X32):219
	           Transpose (ND, X32) Transpose	    0.341	    0.421	  0.006%	 22.763%	     0.000	        1	Delegate/Transpose (ND, X32) Transpose:220
	                 Binary Elementwise (ND)	    0.284	    0.352	  0.005%	 22.768%	     0.000	        1	Delegate/Binary Elementwise (ND):221
	                          Copy (NC, X32)	    0.000	    0.000	  0.000%	 22.768%	     0.000	        1	Delegate/Copy (NC, X32):222
	           Transpose (ND, X32) Transpose	    0.317	    0.388	  0.006%	 22.773%	     0.000	        1	Delegate/Transpose (ND, X32) Transpose:223
	           Transpose (ND, X32) Transpose	    0.788	    0.985	  0.014%	 22.787%	     0.000	        1	Delegate/Transpose (ND, X32) Transpose:224
	                          Copy (NC, X32)	    0.000	    0.001	  0.000%	 22.787%	     0.000	        1	Delegate/Copy (NC, X32):225
	                          Copy (NC, X32)	    0.000	    0.000	  0.000%	 22.787%	     0.000	        1	Delegate/Copy (NC, X32):226
	    Batch Matrix Multiply (NC, F32) GEMM	   97.167	  103.191	  1.479%	 24.267%	     0.000	        1	Delegate/Batch Matrix Multiply (NC, F32) GEMM:227
	                          Copy (NC, X32)	    0.001	    0.001	  0.000%	 24.267%	     0.000	        1	Delegate/Copy (NC, X32):228
	                       Softmax (NC, F32)	   44.007	   46.165	  0.662%	 24.928%	     0.000	        1	Delegate/Softmax (NC, F32):229
	                          Copy (NC, X32)	    0.002	    0.002	  0.000%	 24.928%	     0.000	        1	Delegate/Copy (NC, X32):230
	                          Copy (NC, X32)	    0.000	    0.000	  0.000%	 24.928%	     0.000	        1	Delegate/Copy (NC, X32):231
	    Batch Matrix Multiply (NC, F32) GEMM	   98.174	  106.979	  1.534%	 26.462%	     0.000	        1	Delegate/Batch Matrix Multiply (NC, F32) GEMM:232
	                          Copy (NC, X32)	    0.001	    0.002	  0.000%	 26.462%	     0.000	        1	Delegate/Copy (NC, X32):233
	           Transpose (ND, X32) Transpose	    0.243	    0.297	  0.004%	 26.466%	     0.000	        1	Delegate/Transpose (ND, X32) Transpose:234
	                          Copy (NC, X32)	    0.000	    0.000	  0.000%	 26.466%	     0.000	        1	Delegate/Copy (NC, X32):235
	          Fully Connected (NC, F32) GEMM	   14.488	   15.282	  0.219%	 26.685%	     0.000	        1	Delegate/Fully Connected (NC, F32) GEMM:236
	                          Copy (NC, X32)	    0.001	    0.001	  0.000%	 26.685%	     0.000	        1	Delegate/Copy (NC, X32):237
	                 Binary Elementwise (ND)	    0.373	    0.401	  0.006%	 26.691%	     0.000	        1	Delegate/Binary Elementwise (ND):238
	                 Binary Elementwise (ND)	    0.318	    0.436	  0.006%	 26.697%	     0.000	        1	Delegate/Binary Elementwise (ND):239
	                           Sum (ND) Mean	    0.174	    0.205	  0.003%	 26.700%	     0.000	        1	Delegate/Sum (ND) Mean:240
	                 Binary Elementwise (ND)	    0.001	    0.001	  0.000%	 26.700%	     0.000	        1	Delegate/Binary Elementwise (ND):241
	                          Copy (NC, X32)	    0.000	    0.000	  0.000%	 26.700%	     0.000	        1	Delegate/Copy (NC, X32):242
	                 Binary Elementwise (ND)	    0.270	    0.293	  0.004%	 26.705%	     0.000	        1	Delegate/Binary Elementwise (ND):243
	                 Binary Elementwise (ND)	    0.234	    0.312	  0.004%	 26.709%	     0.000	        1	Delegate/Binary Elementwise (ND):244
	                           Sum (ND) Mean	    0.181	    0.218	  0.003%	 26.712%	     0.000	        1	Delegate/Sum (ND) Mean:245
	                 Binary Elementwise (ND)	    0.001	    0.001	  0.000%	 26.712%	     0.000	        1	Delegate/Binary Elementwise (ND):246
	                 Binary Elementwise (ND)	    0.001	    0.001	  0.000%	 26.712%	     0.000	        1	Delegate/Binary Elementwise (ND):247
	                          Copy (NC, X32)	    0.000	    0.000	  0.000%	 26.712%	     0.000	        1	Delegate/Copy (NC, X32):248
	                  Unary Elementwise (NC)	    0.002	    0.003	  0.000%	 26.712%	     0.000	        1	Delegate/Unary Elementwise (NC):249
	                 Binary Elementwise (ND)	    0.218	    0.291	  0.004%	 26.716%	     0.000	        1	Delegate/Binary Elementwise (ND):250
	                 Binary Elementwise (ND)	    0.231	    0.279	  0.004%	 26.720%	     0.000	        1	Delegate/Binary Elementwise (ND):251
	                 Binary Elementwise (ND)	    0.243	    0.297	  0.004%	 26.725%	     0.000	        1	Delegate/Binary Elementwise (ND):252
	          Fully Connected (NC, F32) GEMM	   59.017	   61.988	  0.889%	 27.613%	     0.000	        1	Delegate/Fully Connected (NC, F32) GEMM:253
	                  Unary Elementwise (NC)	    5.254	    5.426	  0.078%	 27.691%	     0.000	        1	Delegate/Unary Elementwise (NC):254
	                          Copy (NC, X32)	    0.001	    0.000	  0.000%	 27.691%	     0.000	        1	Delegate/Copy (NC, X32):255
	          Fully Connected (NC, F32) GEMM	   58.616	   61.943	  0.888%	 28.579%	     0.000	        1	Delegate/Fully Connected (NC, F32) GEMM:256
	                          Copy (NC, X32)	    0.001	    0.001	  0.000%	 28.579%	     0.000	        1	Delegate/Copy (NC, X32):257
	                 Binary Elementwise (ND)	    0.208	    0.261	  0.004%	 28.583%	     0.000	        1	Delegate/Binary Elementwise (ND):258
	                 Binary Elementwise (ND)	    0.314	    0.408	  0.006%	 28.589%	     0.000	        1	Delegate/Binary Elementwise (ND):259
	                           Sum (ND) Mean	    0.168	    0.190	  0.003%	 28.591%	     0.000	        1	Delegate/Sum (ND) Mean:260
	                 Binary Elementwise (ND)	    0.001	    0.001	  0.000%	 28.591%	     0.000	        1	Delegate/Binary Elementwise (ND):261
	                          Copy (NC, X32)	    0.000	    0.000	  0.000%	 28.591%	     0.000	        1	Delegate/Copy (NC, X32):262
	                 Binary Elementwise (ND)	    0.229	    0.275	  0.004%	 28.595%	     0.000	        1	Delegate/Binary Elementwise (ND):263
	                 Binary Elementwise (ND)	    0.240	    0.287	  0.004%	 28.599%	     0.000	        1	Delegate/Binary Elementwise (ND):264
	                           Sum (ND) Mean	    0.172	    0.199	  0.003%	 28.602%	     0.000	        1	Delegate/Sum (ND) Mean:265
	                 Binary Elementwise (ND)	    0.000	    0.000	  0.000%	 28.602%	     0.000	        1	Delegate/Binary Elementwise (ND):266
	                 Binary Elementwise (ND)	    0.001	    0.001	  0.000%	 28.602%	     0.000	        1	Delegate/Binary Elementwise (ND):267
	                          Copy (NC, X32)	    0.000	    0.000	  0.000%	 28.602%	     0.000	        1	Delegate/Copy (NC, X32):268
	                  Unary Elementwise (NC)	    0.002	    0.003	  0.000%	 28.602%	     0.000	        1	Delegate/Unary Elementwise (NC):269
	                 Binary Elementwise (ND)	    0.236	    0.286	  0.004%	 28.606%	     0.000	        1	Delegate/Binary Elementwise (ND):270
	                 Binary Elementwise (ND)	    0.260	    0.308	  0.004%	 28.611%	     0.000	        1	Delegate/Binary Elementwise (ND):271
	                 Binary Elementwise (ND)	    0.349	    0.388	  0.006%	 28.616%	     0.000	        1	Delegate/Binary Elementwise (ND):272
	          Fully Connected (NC, F32) GEMM	   43.886	   46.001	  0.659%	 29.276%	     0.000	        1	Delegate/Fully Connected (NC, F32) GEMM:273
	                         Slice (ND, X32)	    0.548	    0.630	  0.009%	 29.285%	     0.000	        1	Delegate/Slice (ND, X32):274
	                         Slice (ND, X32)	    0.515	    0.649	  0.009%	 29.294%	     0.000	        1	Delegate/Slice (ND, X32):275
	                         Slice (ND, X32)	    0.491	    0.655	  0.009%	 29.304%	     0.000	        1	Delegate/Slice (ND, X32):276
	                          Copy (NC, X32)	    0.000	    0.001	  0.000%	 29.304%	     0.000	        1	Delegate/Copy (NC, X32):277
	                          Copy (NC, X32)	    0.000	    0.000	  0.000%	 29.304%	     0.000	        1	Delegate/Copy (NC, X32):278
	           Transpose (ND, X32) Transpose	    0.380	    0.425	  0.006%	 29.310%	     0.000	        1	Delegate/Transpose (ND, X32) Transpose:279
	                 Binary Elementwise (ND)	    0.283	    0.373	  0.005%	 29.315%	     0.000	        1	Delegate/Binary Elementwise (ND):280
	                          Copy (NC, X32)	    0.000	    0.000	  0.000%	 29.315%	     0.000	        1	Delegate/Copy (NC, X32):281
	           Transpose (ND, X32) Transpose	    0.282	    0.379	  0.005%	 29.320%	     0.000	        1	Delegate/Transpose (ND, X32) Transpose:282
	           Transpose (ND, X32) Transpose	    0.780	    0.986	  0.014%	 29.335%	     0.000	        1	Delegate/Transpose (ND, X32) Transpose:283
	                          Copy (NC, X32)	    0.000	    0.001	  0.000%	 29.335%	     0.000	        1	Delegate/Copy (NC, X32):284
	                          Copy (NC, X32)	    0.000	    0.000	  0.000%	 29.335%	     0.000	        1	Delegate/Copy (NC, X32):285
	    Batch Matrix Multiply (NC, F32) GEMM	   97.183	  102.528	  1.470%	 30.804%	     0.000	        1	Delegate/Batch Matrix Multiply (NC, F32) GEMM:286
	                          Copy (NC, X32)	    0.002	    0.002	  0.000%	 30.804%	     0.000	        1	Delegate/Copy (NC, X32):287
	                       Softmax (NC, F32)	   43.918	   46.115	  0.661%	 31.466%	     0.000	        1	Delegate/Softmax (NC, F32):288
	                          Copy (NC, X32)	    0.002	    0.002	  0.000%	 31.466%	     0.000	        1	Delegate/Copy (NC, X32):289
	                          Copy (NC, X32)	    0.000	    0.000	  0.000%	 31.466%	     0.000	        1	Delegate/Copy (NC, X32):290
	    Batch Matrix Multiply (NC, F32) GEMM	  105.059	  104.264	  1.495%	 32.960%	     0.000	        1	Delegate/Batch Matrix Multiply (NC, F32) GEMM:291
	                          Copy (NC, X32)	    0.001	    0.001	  0.000%	 32.960%	     0.000	        1	Delegate/Copy (NC, X32):292
	           Transpose (ND, X32) Transpose	    0.243	    0.281	  0.004%	 32.964%	     0.000	        1	Delegate/Transpose (ND, X32) Transpose:293
	                          Copy (NC, X32)	    0.000	    0.000	  0.000%	 32.964%	     0.000	        1	Delegate/Copy (NC, X32):294
	          Fully Connected (NC, F32) GEMM	   14.546	   15.211	  0.218%	 33.182%	     0.000	        1	Delegate/Fully Connected (NC, F32) GEMM:295
	                          Copy (NC, X32)	    0.001	    0.001	  0.000%	 33.182%	     0.000	        1	Delegate/Copy (NC, X32):296
	                 Binary Elementwise (ND)	    0.360	    0.360	  0.005%	 33.187%	     0.000	        1	Delegate/Binary Elementwise (ND):297
	                 Binary Elementwise (ND)	    0.312	    0.376	  0.005%	 33.193%	     0.000	        1	Delegate/Binary Elementwise (ND):298
	                           Sum (ND) Mean	    0.176	    0.192	  0.003%	 33.196%	     0.000	        1	Delegate/Sum (ND) Mean:299
	                 Binary Elementwise (ND)	    0.001	    0.001	  0.000%	 33.196%	     0.000	        1	Delegate/Binary Elementwise (ND):300
	                          Copy (NC, X32)	    0.000	    0.000	  0.000%	 33.196%	     0.000	        1	Delegate/Copy (NC, X32):301
	                 Binary Elementwise (ND)	    0.246	    0.262	  0.004%	 33.199%	     0.000	        1	Delegate/Binary Elementwise (ND):302
	                 Binary Elementwise (ND)	    0.245	    0.277	  0.004%	 33.203%	     0.000	        1	Delegate/Binary Elementwise (ND):303
	                           Sum (ND) Mean	    0.167	    0.191	  0.003%	 33.206%	     0.000	        1	Delegate/Sum (ND) Mean:304
	                 Binary Elementwise (ND)	    0.000	    0.000	  0.000%	 33.206%	     0.000	        1	Delegate/Binary Elementwise (ND):305
	                 Binary Elementwise (ND)	    0.001	    0.001	  0.000%	 33.206%	     0.000	        1	Delegate/Binary Elementwise (ND):306
	                          Copy (NC, X32)	    0.000	    0.000	  0.000%	 33.206%	     0.000	        1	Delegate/Copy (NC, X32):307
	                  Unary Elementwise (NC)	    0.003	    0.002	  0.000%	 33.206%	     0.000	        1	Delegate/Unary Elementwise (NC):308
	                 Binary Elementwise (ND)	    0.257	    0.266	  0.004%	 33.210%	     0.000	        1	Delegate/Binary Elementwise (ND):309
	                 Binary Elementwise (ND)	    0.214	    0.254	  0.004%	 33.214%	     0.000	        1	Delegate/Binary Elementwise (ND):310
	                 Binary Elementwise (ND)	    0.218	    0.285	  0.004%	 33.218%	     0.000	        1	Delegate/Binary Elementwise (ND):311
	          Fully Connected (NC, F32) GEMM	   58.874	   61.060	  0.875%	 34.093%	     0.000	        1	Delegate/Fully Connected (NC, F32) GEMM:312
	                  Unary Elementwise (NC)	    5.254	    5.420	  0.078%	 34.171%	     0.000	        1	Delegate/Unary Elementwise (NC):313
	                          Copy (NC, X32)	    0.001	    0.001	  0.000%	 34.171%	     0.000	        1	Delegate/Copy (NC, X32):314
	          Fully Connected (NC, F32) GEMM	   58.567	   61.172	  0.877%	 35.048%	     0.000	        1	Delegate/Fully Connected (NC, F32) GEMM:315
	                          Copy (NC, X32)	    0.001	    0.001	  0.000%	 35.048%	     0.000	        1	Delegate/Copy (NC, X32):316
	                 Binary Elementwise (ND)	    0.206	    0.232	  0.003%	 35.051%	     0.000	        1	Delegate/Binary Elementwise (ND):317
	                 Binary Elementwise (ND)	    0.303	    0.360	  0.005%	 35.056%	     0.000	        1	Delegate/Binary Elementwise (ND):318
	                           Sum (ND) Mean	    0.174	    0.175	  0.003%	 35.059%	     0.000	        1	Delegate/Sum (ND) Mean:319
	                 Binary Elementwise (ND)	    0.002	    0.001	  0.000%	 35.059%	     0.000	        1	Delegate/Binary Elementwise (ND):320
	                          Copy (NC, X32)	    0.000	    0.000	  0.000%	 35.059%	     0.000	        1	Delegate/Copy (NC, X32):321
	                 Binary Elementwise (ND)	    0.221	    0.251	  0.004%	 35.062%	     0.000	        1	Delegate/Binary Elementwise (ND):322
	                 Binary Elementwise (ND)	    0.234	    0.261	  0.004%	 35.066%	     0.000	        1	Delegate/Binary Elementwise (ND):323
	                           Sum (ND) Mean	    0.165	    0.181	  0.003%	 35.069%	     0.000	        1	Delegate/Sum (ND) Mean:324
	                 Binary Elementwise (ND)	    0.000	    0.001	  0.000%	 35.069%	     0.000	        1	Delegate/Binary Elementwise (ND):325
	                 Binary Elementwise (ND)	    0.001	    0.001	  0.000%	 35.069%	     0.000	        1	Delegate/Binary Elementwise (ND):326
	                          Copy (NC, X32)	    0.000	    0.000	  0.000%	 35.069%	     0.000	        1	Delegate/Copy (NC, X32):327
	                  Unary Elementwise (NC)	    0.002	    0.002	  0.000%	 35.069%	     0.000	        1	Delegate/Unary Elementwise (NC):328
	                 Binary Elementwise (ND)	    0.228	    0.262	  0.004%	 35.072%	     0.000	        1	Delegate/Binary Elementwise (ND):329
	                 Binary Elementwise (ND)	    0.249	    0.272	  0.004%	 35.076%	     0.000	        1	Delegate/Binary Elementwise (ND):330
	                 Binary Elementwise (ND)	    0.348	    0.362	  0.005%	 35.082%	     0.000	        1	Delegate/Binary Elementwise (ND):331
	          Fully Connected (NC, F32) GEMM	   43.839	   45.069	  0.646%	 35.728%	     0.000	        1	Delegate/Fully Connected (NC, F32) GEMM:332
	                         Slice (ND, X32)	    0.521	    0.600	  0.009%	 35.736%	     0.000	        1	Delegate/Slice (ND, X32):333
	                         Slice (ND, X32)	    0.512	    0.589	  0.008%	 35.745%	     0.000	        1	Delegate/Slice (ND, X32):334
	                         Slice (ND, X32)	    0.473	    0.553	  0.008%	 35.753%	     0.000	        1	Delegate/Slice (ND, X32):335
	                          Copy (NC, X32)	    0.000	    0.000	  0.000%	 35.753%	     0.000	        1	Delegate/Copy (NC, X32):336
	                          Copy (NC, X32)	    0.000	    0.000	  0.000%	 35.753%	     0.000	        1	Delegate/Copy (NC, X32):337
	           Transpose (ND, X32) Transpose	    0.329	    0.361	  0.005%	 35.758%	     0.000	        1	Delegate/Transpose (ND, X32) Transpose:338
	                 Binary Elementwise (ND)	    0.294	    0.309	  0.004%	 35.762%	     0.000	        1	Delegate/Binary Elementwise (ND):339
	                          Copy (NC, X32)	    0.000	    0.000	  0.000%	 35.762%	     0.000	        1	Delegate/Copy (NC, X32):340
	           Transpose (ND, X32) Transpose	    0.273	    0.316	  0.005%	 35.767%	     0.000	        1	Delegate/Transpose (ND, X32) Transpose:341
	           Transpose (ND, X32) Transpose	    0.861	    0.866	  0.012%	 35.779%	     0.000	        1	Delegate/Transpose (ND, X32) Transpose:342
	                          Copy (NC, X32)	    0.000	    0.000	  0.000%	 35.779%	     0.000	        1	Delegate/Copy (NC, X32):343
	                          Copy (NC, X32)	    0.000	    0.000	  0.000%	 35.779%	     0.000	        1	Delegate/Copy (NC, X32):344
	    Batch Matrix Multiply (NC, F32) GEMM	   99.692	  100.700	  1.444%	 37.223%	     0.000	        1	Delegate/Batch Matrix Multiply (NC, F32) GEMM:345
	                          Copy (NC, X32)	    0.002	    0.002	  0.000%	 37.223%	     0.000	        1	Delegate/Copy (NC, X32):346
	                       Softmax (NC, F32)	   49.202	   46.229	  0.663%	 37.885%	     0.000	        1	Delegate/Softmax (NC, F32):347
	                          Copy (NC, X32)	    0.003	    0.002	  0.000%	 37.885%	     0.000	        1	Delegate/Copy (NC, X32):348
	                          Copy (NC, X32)	    0.000	    0.000	  0.000%	 37.885%	     0.000	        1	Delegate/Copy (NC, X32):349
	    Batch Matrix Multiply (NC, F32) GEMM	  100.589	  104.233	  1.494%	 39.380%	     0.000	        1	Delegate/Batch Matrix Multiply (NC, F32) GEMM:350
	                          Copy (NC, X32)	    0.002	    0.002	  0.000%	 39.380%	     0.000	        1	Delegate/Copy (NC, X32):351
	           Transpose (ND, X32) Transpose	    0.241	    0.297	  0.004%	 39.384%	     0.000	        1	Delegate/Transpose (ND, X32) Transpose:352
	                          Copy (NC, X32)	    0.000	    0.000	  0.000%	 39.384%	     0.000	        1	Delegate/Copy (NC, X32):353
	          Fully Connected (NC, F32) GEMM	   14.469	   14.984	  0.215%	 39.599%	     0.000	        1	Delegate/Fully Connected (NC, F32) GEMM:354
	                          Copy (NC, X32)	    0.001	    0.001	  0.000%	 39.599%	     0.000	        1	Delegate/Copy (NC, X32):355
	                 Binary Elementwise (ND)	    0.366	    0.384	  0.006%	 39.604%	     0.000	        1	Delegate/Binary Elementwise (ND):356
	                 Binary Elementwise (ND)	    0.314	    0.407	  0.006%	 39.610%	     0.000	        1	Delegate/Binary Elementwise (ND):357
	                           Sum (ND) Mean	    0.175	    0.207	  0.003%	 39.613%	     0.000	        1	Delegate/Sum (ND) Mean:358
	                 Binary Elementwise (ND)	    0.001	    0.001	  0.000%	 39.613%	     0.000	        1	Delegate/Binary Elementwise (ND):359
	                          Copy (NC, X32)	    0.000	    0.000	  0.000%	 39.613%	     0.000	        1	Delegate/Copy (NC, X32):360
	                 Binary Elementwise (ND)	    0.234	    0.282	  0.004%	 39.617%	     0.000	        1	Delegate/Binary Elementwise (ND):361
	                 Binary Elementwise (ND)	    0.256	    0.316	  0.005%	 39.622%	     0.000	        1	Delegate/Binary Elementwise (ND):362
	                           Sum (ND) Mean	    0.180	    0.204	  0.003%	 39.625%	     0.000	        1	Delegate/Sum (ND) Mean:363
	                 Binary Elementwise (ND)	    0.000	    0.000	  0.000%	 39.625%	     0.000	        1	Delegate/Binary Elementwise (ND):364
	                 Binary Elementwise (ND)	    0.001	    0.001	  0.000%	 39.625%	     0.000	        1	Delegate/Binary Elementwise (ND):365
	                          Copy (NC, X32)	    0.000	    0.000	  0.000%	 39.625%	     0.000	        1	Delegate/Copy (NC, X32):366
	                  Unary Elementwise (NC)	    0.002	    0.003	  0.000%	 39.625%	     0.000	        1	Delegate/Unary Elementwise (NC):367
	                 Binary Elementwise (ND)	    0.217	    0.271	  0.004%	 39.629%	     0.000	        1	Delegate/Binary Elementwise (ND):368
	                 Binary Elementwise (ND)	    0.225	    0.267	  0.004%	 39.632%	     0.000	        1	Delegate/Binary Elementwise (ND):369
	                 Binary Elementwise (ND)	    0.234	    0.267	  0.004%	 39.636%	     0.000	        1	Delegate/Binary Elementwise (ND):370
	          Fully Connected (NC, F32) GEMM	   58.963	   60.898	  0.873%	 40.509%	     0.000	        1	Delegate/Fully Connected (NC, F32) GEMM:371
	                  Unary Elementwise (NC)	    5.229	    5.351	  0.077%	 40.586%	     0.000	        1	Delegate/Unary Elementwise (NC):372
	                          Copy (NC, X32)	    0.001	    0.001	  0.000%	 40.586%	     0.000	        1	Delegate/Copy (NC, X32):373
	          Fully Connected (NC, F32) GEMM	   58.596	   60.916	  0.873%	 41.459%	     0.000	        1	Delegate/Fully Connected (NC, F32) GEMM:374
	                          Copy (NC, X32)	    0.001	    0.002	  0.000%	 41.459%	     0.000	        1	Delegate/Copy (NC, X32):375
	                 Binary Elementwise (ND)	    0.206	    0.253	  0.004%	 41.463%	     0.000	        1	Delegate/Binary Elementwise (ND):376
	                 Binary Elementwise (ND)	    0.309	    0.397	  0.006%	 41.469%	     0.000	        1	Delegate/Binary Elementwise (ND):377
	                           Sum (ND) Mean	    0.157	    0.187	  0.003%	 41.471%	     0.000	        1	Delegate/Sum (ND) Mean:378
	                 Binary Elementwise (ND)	    0.001	    0.001	  0.000%	 41.471%	     0.000	        1	Delegate/Binary Elementwise (ND):379
	                          Copy (NC, X32)	    0.000	    0.000	  0.000%	 41.471%	     0.000	        1	Delegate/Copy (NC, X32):380
	                 Binary Elementwise (ND)	    0.213	    0.266	  0.004%	 41.475%	     0.000	        1	Delegate/Binary Elementwise (ND):381
	                 Binary Elementwise (ND)	    0.225	    0.283	  0.004%	 41.479%	     0.000	        1	Delegate/Binary Elementwise (ND):382
	                           Sum (ND) Mean	    0.161	    0.195	  0.003%	 41.482%	     0.000	        1	Delegate/Sum (ND) Mean:383
	                 Binary Elementwise (ND)	    0.000	    0.001	  0.000%	 41.482%	     0.000	        1	Delegate/Binary Elementwise (ND):384
	                 Binary Elementwise (ND)	    0.001	    0.001	  0.000%	 41.482%	     0.000	        1	Delegate/Binary Elementwise (ND):385
	                          Copy (NC, X32)	    0.000	    0.000	  0.000%	 41.482%	     0.000	        1	Delegate/Copy (NC, X32):386
	                  Unary Elementwise (NC)	    0.002	    0.002	  0.000%	 41.482%	     0.000	        1	Delegate/Unary Elementwise (NC):387
	                 Binary Elementwise (ND)	    0.232	    0.288	  0.004%	 41.486%	     0.000	        1	Delegate/Binary Elementwise (ND):388
	                 Binary Elementwise (ND)	    0.241	    0.299	  0.004%	 41.490%	     0.000	        1	Delegate/Binary Elementwise (ND):389
	                 Binary Elementwise (ND)	    0.260	    0.299	  0.004%	 41.495%	     0.000	        1	Delegate/Binary Elementwise (ND):390
	          Fully Connected (NC, F32) GEMM	   44.002	   45.172	  0.648%	 42.142%	     0.000	        1	Delegate/Fully Connected (NC, F32) GEMM:391
	                         Slice (ND, X32)	    0.566	    0.624	  0.009%	 42.151%	     0.000	        1	Delegate/Slice (ND, X32):392
	                         Slice (ND, X32)	    0.499	    0.636	  0.009%	 42.160%	     0.000	        1	Delegate/Slice (ND, X32):393
	                         Slice (ND, X32)	    0.466	    0.622	  0.009%	 42.169%	     0.000	        1	Delegate/Slice (ND, X32):394
	                          Copy (NC, X32)	    0.000	    0.001	  0.000%	 42.169%	     0.000	        1	Delegate/Copy (NC, X32):395
	                          Copy (NC, X32)	    0.000	    0.000	  0.000%	 42.169%	     0.000	        1	Delegate/Copy (NC, X32):396
	           Transpose (ND, X32) Transpose	    0.330	    0.407	  0.006%	 42.175%	     0.000	        1	Delegate/Transpose (ND, X32) Transpose:397
	                 Binary Elementwise (ND)	    0.300	    0.351	  0.005%	 42.180%	     0.000	        1	Delegate/Binary Elementwise (ND):398
	                          Copy (NC, X32)	    0.000	    0.000	  0.000%	 42.180%	     0.000	        1	Delegate/Copy (NC, X32):399
	           Transpose (ND, X32) Transpose	    0.277	    0.383	  0.005%	 42.186%	     0.000	        1	Delegate/Transpose (ND, X32) Transpose:400
	           Transpose (ND, X32) Transpose	    0.784	    0.966	  0.014%	 42.199%	     0.000	        1	Delegate/Transpose (ND, X32) Transpose:401
	                          Copy (NC, X32)	    0.001	    0.001	  0.000%	 42.199%	     0.000	        1	Delegate/Copy (NC, X32):402
	                          Copy (NC, X32)	    0.000	    0.000	  0.000%	 42.199%	     0.000	        1	Delegate/Copy (NC, X32):403
	    Batch Matrix Multiply (NC, F32) GEMM	   97.340	  101.106	  1.449%	 43.649%	     0.000	        1	Delegate/Batch Matrix Multiply (NC, F32) GEMM:404
	                          Copy (NC, X32)	    0.001	    0.002	  0.000%	 43.649%	     0.000	        1	Delegate/Copy (NC, X32):405
	                       Softmax (NC, F32)	   43.829	   46.090	  0.661%	 44.310%	     0.000	        1	Delegate/Softmax (NC, F32):406
	                          Copy (NC, X32)	    0.001	    0.002	  0.000%	 44.310%	     0.000	        1	Delegate/Copy (NC, X32):407
	                          Copy (NC, X32)	    0.000	    0.000	  0.000%	 44.310%	     0.000	        1	Delegate/Copy (NC, X32):408
	    Batch Matrix Multiply (NC, F32) GEMM	   97.644	  106.475	  1.526%	 45.836%	     0.000	        1	Delegate/Batch Matrix Multiply (NC, F32) GEMM:409
	                          Copy (NC, X32)	    0.001	    0.001	  0.000%	 45.836%	     0.000	        1	Delegate/Copy (NC, X32):410
	           Transpose (ND, X32) Transpose	    0.242	    0.275	  0.004%	 45.840%	     0.000	        1	Delegate/Transpose (ND, X32) Transpose:411
	                          Copy (NC, X32)	    0.000	    0.000	  0.000%	 45.840%	     0.000	        1	Delegate/Copy (NC, X32):412
	          Fully Connected (NC, F32) GEMM	   14.436	   14.894	  0.214%	 46.053%	     0.000	        1	Delegate/Fully Connected (NC, F32) GEMM:413
	                          Copy (NC, X32)	    0.001	    0.001	  0.000%	 46.053%	     0.000	        1	Delegate/Copy (NC, X32):414
	                 Binary Elementwise (ND)	    0.372	    0.370	  0.005%	 46.059%	     0.000	        1	Delegate/Binary Elementwise (ND):415
	                 Binary Elementwise (ND)	    0.307	    0.356	  0.005%	 46.064%	     0.000	        1	Delegate/Binary Elementwise (ND):416
	                           Sum (ND) Mean	    0.168	    0.188	  0.003%	 46.066%	     0.000	        1	Delegate/Sum (ND) Mean:417
	                 Binary Elementwise (ND)	    0.001	    0.001	  0.000%	 46.066%	     0.000	        1	Delegate/Binary Elementwise (ND):418
	                          Copy (NC, X32)	    0.000	    0.000	  0.000%	 46.066%	     0.000	        1	Delegate/Copy (NC, X32):419
	                 Binary Elementwise (ND)	    0.192	    0.219	  0.003%	 46.070%	     0.000	        1	Delegate/Binary Elementwise (ND):420
	                 Binary Elementwise (ND)	    0.204	    0.244	  0.003%	 46.073%	     0.000	        1	Delegate/Binary Elementwise (ND):421
	                           Sum (ND) Mean	    0.170	    0.185	  0.003%	 46.076%	     0.000	        1	Delegate/Sum (ND) Mean:422
	                 Binary Elementwise (ND)	    0.000	    0.000	  0.000%	 46.076%	     0.000	        1	Delegate/Binary Elementwise (ND):423
	                 Binary Elementwise (ND)	    0.001	    0.001	  0.000%	 46.076%	     0.000	        1	Delegate/Binary Elementwise (ND):424
	                          Copy (NC, X32)	    0.000	    0.000	  0.000%	 46.076%	     0.000	        1	Delegate/Copy (NC, X32):425
	                  Unary Elementwise (NC)	    0.003	    0.003	  0.000%	 46.076%	     0.000	        1	Delegate/Unary Elementwise (NC):426
	                 Binary Elementwise (ND)	    0.192	    0.226	  0.003%	 46.079%	     0.000	        1	Delegate/Binary Elementwise (ND):427
	                 Binary Elementwise (ND)	    0.197	    0.224	  0.003%	 46.082%	     0.000	        1	Delegate/Binary Elementwise (ND):428
	                 Binary Elementwise (ND)	    0.263	    0.283	  0.004%	 46.086%	     0.000	        1	Delegate/Binary Elementwise (ND):429
	          Fully Connected (NC, F32) GEMM	   58.623	   60.281	  0.864%	 46.950%	     0.000	        1	Delegate/Fully Connected (NC, F32) GEMM:430
	                  Unary Elementwise (NC)	    5.239	    5.329	  0.076%	 47.027%	     0.000	        1	Delegate/Unary Elementwise (NC):431
	                          Copy (NC, X32)	    0.001	    0.001	  0.000%	 47.027%	     0.000	        1	Delegate/Copy (NC, X32):432
	          Fully Connected (NC, F32) GEMM	   58.371	   60.042	  0.861%	 47.888%	     0.000	        1	Delegate/Fully Connected (NC, F32) GEMM:433
	                          Copy (NC, X32)	    0.001	    0.001	  0.000%	 47.888%	     0.000	        1	Delegate/Copy (NC, X32):434
	                 Binary Elementwise (ND)	    0.205	    0.226	  0.003%	 47.891%	     0.000	        1	Delegate/Binary Elementwise (ND):435
	                 Binary Elementwise (ND)	    0.322	    0.349	  0.005%	 47.896%	     0.000	        1	Delegate/Binary Elementwise (ND):436
	                           Sum (ND) Mean	    0.164	    0.172	  0.002%	 47.898%	     0.000	        1	Delegate/Sum (ND) Mean:437
	                 Binary Elementwise (ND)	    0.001	    0.001	  0.000%	 47.898%	     0.000	        1	Delegate/Binary Elementwise (ND):438
	                          Copy (NC, X32)	    0.000	    0.000	  0.000%	 47.898%	     0.000	        1	Delegate/Copy (NC, X32):439
	                 Binary Elementwise (ND)	    0.221	    0.242	  0.003%	 47.902%	     0.000	        1	Delegate/Binary Elementwise (ND):440
	                 Binary Elementwise (ND)	    0.237	    0.267	  0.004%	 47.906%	     0.000	        1	Delegate/Binary Elementwise (ND):441
	                           Sum (ND) Mean	    0.166	    0.179	  0.003%	 47.908%	     0.000	        1	Delegate/Sum (ND) Mean:442
	                 Binary Elementwise (ND)	    0.000	    0.000	  0.000%	 47.908%	     0.000	        1	Delegate/Binary Elementwise (ND):443
	                 Binary Elementwise (ND)	    0.001	    0.001	  0.000%	 47.908%	     0.000	        1	Delegate/Binary Elementwise (ND):444
	                          Copy (NC, X32)	    0.000	    0.000	  0.000%	 47.908%	     0.000	        1	Delegate/Copy (NC, X32):445
	                  Unary Elementwise (NC)	    0.002	    0.002	  0.000%	 47.908%	     0.000	        1	Delegate/Unary Elementwise (NC):446
	                 Binary Elementwise (ND)	    0.223	    0.241	  0.003%	 47.912%	     0.000	        1	Delegate/Binary Elementwise (ND):447
	                 Binary Elementwise (ND)	    0.201	    0.220	  0.003%	 47.915%	     0.000	        1	Delegate/Binary Elementwise (ND):448
	                 Binary Elementwise (ND)	    0.347	    0.333	  0.005%	 47.920%	     0.000	        1	Delegate/Binary Elementwise (ND):449
	          Fully Connected (NC, F32) GEMM	   43.839	   43.933	  0.630%	 48.549%	     0.000	        1	Delegate/Fully Connected (NC, F32) GEMM:450
	                         Slice (ND, X32)	    0.525	    0.552	  0.008%	 48.557%	     0.000	        1	Delegate/Slice (ND, X32):451
	                         Slice (ND, X32)	    0.489	    0.559	  0.008%	 48.565%	     0.000	        1	Delegate/Slice (ND, X32):452
	                         Slice (ND, X32)	    0.505	    0.520	  0.007%	 48.573%	     0.000	        1	Delegate/Slice (ND, X32):453
	                          Copy (NC, X32)	    0.000	    0.000	  0.000%	 48.573%	     0.000	        1	Delegate/Copy (NC, X32):454
	                          Copy (NC, X32)	    0.000	    0.000	  0.000%	 48.573%	     0.000	        1	Delegate/Copy (NC, X32):455
	           Transpose (ND, X32) Transpose	    0.272	    0.302	  0.004%	 48.577%	     0.000	        1	Delegate/Transpose (ND, X32) Transpose:456
	                 Binary Elementwise (ND)	    0.293	    0.304	  0.004%	 48.582%	     0.000	        1	Delegate/Binary Elementwise (ND):457
	                          Copy (NC, X32)	    0.000	    0.000	  0.000%	 48.582%	     0.000	        1	Delegate/Copy (NC, X32):458
	           Transpose (ND, X32) Transpose	    0.264	    0.293	  0.004%	 48.586%	     0.000	        1	Delegate/Transpose (ND, X32) Transpose:459
	           Transpose (ND, X32) Transpose	    0.782	    0.807	  0.012%	 48.597%	     0.000	        1	Delegate/Transpose (ND, X32) Transpose:460
	                          Copy (NC, X32)	    0.001	    0.000	  0.000%	 48.597%	     0.000	        1	Delegate/Copy (NC, X32):461
	                          Copy (NC, X32)	    0.000	    0.000	  0.000%	 48.597%	     0.000	        1	Delegate/Copy (NC, X32):462
	    Batch Matrix Multiply (NC, F32) GEMM	   97.147	   95.868	  1.374%	 49.972%	     0.000	        1	Delegate/Batch Matrix Multiply (NC, F32) GEMM:463
	                          Copy (NC, X32)	    0.001	    0.001	  0.000%	 49.972%	     0.000	        1	Delegate/Copy (NC, X32):464
	                       Softmax (NC, F32)	   43.795	   43.240	  0.620%	 50.591%	     0.000	        1	Delegate/Softmax (NC, F32):465
	                          Copy (NC, X32)	    0.001	    0.002	  0.000%	 50.591%	     0.000	        1	Delegate/Copy (NC, X32):466
	                          Copy (NC, X32)	    0.000	    0.000	  0.000%	 50.591%	     0.000	        1	Delegate/Copy (NC, X32):467
	    Batch Matrix Multiply (NC, F32) GEMM	  106.835	   98.144	  1.407%	 51.998%	     0.000	        1	Delegate/Batch Matrix Multiply (NC, F32) GEMM:468
	                          Copy (NC, X32)	    0.002	    0.001	  0.000%	 51.998%	     0.000	        1	Delegate/Copy (NC, X32):469
	           Transpose (ND, X32) Transpose	    0.288	    0.245	  0.004%	 52.002%	     0.000	        1	Delegate/Transpose (ND, X32) Transpose:470
	                          Copy (NC, X32)	    0.000	    0.000	  0.000%	 52.002%	     0.000	        1	Delegate/Copy (NC, X32):471
	          Fully Connected (NC, F32) GEMM	   14.560	   14.264	  0.204%	 52.206%	     0.000	        1	Delegate/Fully Connected (NC, F32) GEMM:472
	                          Copy (NC, X32)	    0.001	    0.001	  0.000%	 52.206%	     0.000	        1	Delegate/Copy (NC, X32):473
	                 Binary Elementwise (ND)	    0.403	    0.378	  0.005%	 52.212%	     0.000	        1	Delegate/Binary Elementwise (ND):474
	                 Binary Elementwise (ND)	    0.375	    0.333	  0.005%	 52.217%	     0.000	        1	Delegate/Binary Elementwise (ND):475
	                           Sum (ND) Mean	    0.198	    0.178	  0.003%	 52.219%	     0.000	        1	Delegate/Sum (ND) Mean:476
	                 Binary Elementwise (ND)	    0.002	    0.001	  0.000%	 52.219%	     0.000	        1	Delegate/Binary Elementwise (ND):477
	                          Copy (NC, X32)	    0.000	    0.000	  0.000%	 52.219%	     0.000	        1	Delegate/Copy (NC, X32):478
	                 Binary Elementwise (ND)	    0.240	    0.219	  0.003%	 52.222%	     0.000	        1	Delegate/Binary Elementwise (ND):479
	                 Binary Elementwise (ND)	    0.227	    0.202	  0.003%	 52.225%	     0.000	        1	Delegate/Binary Elementwise (ND):480
	                           Sum (ND) Mean	    0.183	    0.159	  0.002%	 52.228%	     0.000	        1	Delegate/Sum (ND) Mean:481
	                 Binary Elementwise (ND)	    0.001	    0.001	  0.000%	 52.228%	     0.000	        1	Delegate/Binary Elementwise (ND):482
	                 Binary Elementwise (ND)	    0.002	    0.001	  0.000%	 52.228%	     0.000	        1	Delegate/Binary Elementwise (ND):483
	                          Copy (NC, X32)	    0.000	    0.000	  0.000%	 52.228%	     0.000	        1	Delegate/Copy (NC, X32):484
	                  Unary Elementwise (NC)	    0.002	    0.002	  0.000%	 52.228%	     0.000	        1	Delegate/Unary Elementwise (NC):485
	                 Binary Elementwise (ND)	    0.250	    0.222	  0.003%	 52.231%	     0.000	        1	Delegate/Binary Elementwise (ND):486
	                 Binary Elementwise (ND)	    0.243	    0.218	  0.003%	 52.234%	     0.000	        1	Delegate/Binary Elementwise (ND):487
	                 Binary Elementwise (ND)	    0.343	    0.301	  0.004%	 52.238%	     0.000	        1	Delegate/Binary Elementwise (ND):488
	          Fully Connected (NC, F32) GEMM	   59.122	   58.333	  0.836%	 53.074%	     0.000	        1	Delegate/Fully Connected (NC, F32) GEMM:489
	                  Unary Elementwise (NC)	    5.233	    5.160	  0.074%	 53.148%	     0.000	        1	Delegate/Unary Elementwise (NC):490
	                          Copy (NC, X32)	    0.001	    0.001	  0.000%	 53.148%	     0.000	        1	Delegate/Copy (NC, X32):491
	          Fully Connected (NC, F32) GEMM	   58.388	   57.920	  0.830%	 53.979%	     0.000	        1	Delegate/Fully Connected (NC, F32) GEMM:492
	                          Copy (NC, X32)	    0.001	    0.001	  0.000%	 53.979%	     0.000	        1	Delegate/Copy (NC, X32):493
	                 Binary Elementwise (ND)	    0.202	    0.211	  0.003%	 53.982%	     0.000	        1	Delegate/Binary Elementwise (ND):494
	                 Binary Elementwise (ND)	    0.313	    0.314	  0.005%	 53.986%	     0.000	        1	Delegate/Binary Elementwise (ND):495
	                           Sum (ND) Mean	    0.163	    0.165	  0.002%	 53.989%	     0.000	        1	Delegate/Sum (ND) Mean:496
	                 Binary Elementwise (ND)	    0.001	    0.002	  0.000%	 53.989%	     0.000	        1	Delegate/Binary Elementwise (ND):497
	                          Copy (NC, X32)	    0.000	    0.000	  0.000%	 53.989%	     0.000	        1	Delegate/Copy (NC, X32):498
	                 Binary Elementwise (ND)	    0.211	    0.222	  0.003%	 53.992%	     0.000	        1	Delegate/Binary Elementwise (ND):499
	                 Binary Elementwise (ND)	    0.230	    0.244	  0.003%	 53.995%	     0.000	        1	Delegate/Binary Elementwise (ND):500
	                           Sum (ND) Mean	    0.169	    0.176	  0.003%	 53.998%	     0.000	        1	Delegate/Sum (ND) Mean:501
	                 Binary Elementwise (ND)	    0.001	    0.001	  0.000%	 53.998%	     0.000	        1	Delegate/Binary Elementwise (ND):502
	                 Binary Elementwise (ND)	    0.001	    0.001	  0.000%	 53.998%	     0.000	        1	Delegate/Binary Elementwise (ND):503
	                          Copy (NC, X32)	    0.000	    0.000	  0.000%	 53.998%	     0.000	        1	Delegate/Copy (NC, X32):504
	                  Unary Elementwise (NC)	    0.002	    0.002	  0.000%	 53.998%	     0.000	        1	Delegate/Unary Elementwise (NC):505
	                 Binary Elementwise (ND)	    0.233	    0.244	  0.003%	 54.001%	     0.000	        1	Delegate/Binary Elementwise (ND):506
	                 Binary Elementwise (ND)	    0.254	    0.249	  0.004%	 54.005%	     0.000	        1	Delegate/Binary Elementwise (ND):507
	                 Binary Elementwise (ND)	    0.325	    0.334	  0.005%	 54.010%	     0.000	        1	Delegate/Binary Elementwise (ND):508
	          Fully Connected (NC, F32) GEMM	   43.790	   43.586	  0.625%	 54.635%	     0.000	        1	Delegate/Fully Connected (NC, F32) GEMM:509
	                         Slice (ND, X32)	    0.554	    0.543	  0.008%	 54.642%	     0.000	        1	Delegate/Slice (ND, X32):510
	                         Slice (ND, X32)	    0.507	    0.532	  0.008%	 54.650%	     0.000	        1	Delegate/Slice (ND, X32):511
	                         Slice (ND, X32)	    0.473	    0.538	  0.008%	 54.658%	     0.000	        1	Delegate/Slice (ND, X32):512
	                          Copy (NC, X32)	    0.001	    0.001	  0.000%	 54.658%	     0.000	        1	Delegate/Copy (NC, X32):513
	                          Copy (NC, X32)	    0.000	    0.000	  0.000%	 54.658%	     0.000	        1	Delegate/Copy (NC, X32):514
	           Transpose (ND, X32) Transpose	    0.291	    0.318	  0.005%	 54.662%	     0.000	        1	Delegate/Transpose (ND, X32) Transpose:515
	                 Binary Elementwise (ND)	    0.307	    0.295	  0.004%	 54.666%	     0.000	        1	Delegate/Binary Elementwise (ND):516
	                          Copy (NC, X32)	    0.000	    0.000	  0.000%	 54.666%	     0.000	        1	Delegate/Copy (NC, X32):517
	           Transpose (ND, X32) Transpose	    0.292	    0.285	  0.004%	 54.671%	     0.000	        1	Delegate/Transpose (ND, X32) Transpose:518
	           Transpose (ND, X32) Transpose	    0.785	    0.831	  0.012%	 54.682%	     0.000	        1	Delegate/Transpose (ND, X32) Transpose:519
	                          Copy (NC, X32)	    0.001	    0.001	  0.000%	 54.682%	     0.000	        1	Delegate/Copy (NC, X32):520
	                          Copy (NC, X32)	    0.000	    0.000	  0.000%	 54.682%	     0.000	        1	Delegate/Copy (NC, X32):521
	    Batch Matrix Multiply (NC, F32) GEMM	   97.195	   96.416	  1.382%	 56.065%	     0.000	        1	Delegate/Batch Matrix Multiply (NC, F32) GEMM:522
	                          Copy (NC, X32)	    0.001	    0.002	  0.000%	 56.065%	     0.000	        1	Delegate/Copy (NC, X32):523
	                       Softmax (NC, F32)	   43.842	   43.833	  0.628%	 56.693%	     0.000	        1	Delegate/Softmax (NC, F32):524
	                          Copy (NC, X32)	    0.002	    0.002	  0.000%	 56.693%	     0.000	        1	Delegate/Copy (NC, X32):525
	                          Copy (NC, X32)	    0.000	    0.000	  0.000%	 56.693%	     0.000	        1	Delegate/Copy (NC, X32):526
	    Batch Matrix Multiply (NC, F32) GEMM	   98.086	   98.803	  1.416%	 58.109%	     0.000	        1	Delegate/Batch Matrix Multiply (NC, F32) GEMM:527
	                          Copy (NC, X32)	    0.001	    0.001	  0.000%	 58.109%	     0.000	        1	Delegate/Copy (NC, X32):528
	           Transpose (ND, X32) Transpose	    0.237	    0.244	  0.004%	 58.113%	     0.000	        1	Delegate/Transpose (ND, X32) Transpose:529
	                          Copy (NC, X32)	    0.000	    0.000	  0.000%	 58.113%	     0.000	        1	Delegate/Copy (NC, X32):530
	          Fully Connected (NC, F32) GEMM	   14.469	   14.570	  0.209%	 58.322%	     0.000	        1	Delegate/Fully Connected (NC, F32) GEMM:531
	                          Copy (NC, X32)	    0.000	    0.001	  0.000%	 58.322%	     0.000	        1	Delegate/Copy (NC, X32):532
	                 Binary Elementwise (ND)	    0.370	    0.348	  0.005%	 58.327%	     0.000	        1	Delegate/Binary Elementwise (ND):533
	                 Binary Elementwise (ND)	    0.321	    0.332	  0.005%	 58.332%	     0.000	        1	Delegate/Binary Elementwise (ND):534
	                           Sum (ND) Mean	    0.185	    0.185	  0.003%	 58.334%	     0.000	        1	Delegate/Sum (ND) Mean:535
	                 Binary Elementwise (ND)	    0.001	    0.001	  0.000%	 58.334%	     0.000	        1	Delegate/Binary Elementwise (ND):536
	                          Copy (NC, X32)	    0.000	    0.000	  0.000%	 58.334%	     0.000	        1	Delegate/Copy (NC, X32):537
	                 Binary Elementwise (ND)	    0.215	    0.213	  0.003%	 58.337%	     0.000	        1	Delegate/Binary Elementwise (ND):538
	                 Binary Elementwise (ND)	    0.207	    0.201	  0.003%	 58.340%	     0.000	        1	Delegate/Binary Elementwise (ND):539
	                           Sum (ND) Mean	    0.156	    0.156	  0.002%	 58.342%	     0.000	        1	Delegate/Sum (ND) Mean:540
	                 Binary Elementwise (ND)	    0.000	    0.000	  0.000%	 58.342%	     0.000	        1	Delegate/Binary Elementwise (ND):541
	                 Binary Elementwise (ND)	    0.001	    0.001	  0.000%	 58.342%	     0.000	        1	Delegate/Binary Elementwise (ND):542
	                          Copy (NC, X32)	    0.000	    0.000	  0.000%	 58.342%	     0.000	        1	Delegate/Copy (NC, X32):543
	                  Unary Elementwise (NC)	    0.002	    0.003	  0.000%	 58.342%	     0.000	        1	Delegate/Unary Elementwise (NC):544
	                 Binary Elementwise (ND)	    0.212	    0.219	  0.003%	 58.346%	     0.000	        1	Delegate/Binary Elementwise (ND):545
	                 Binary Elementwise (ND)	    0.207	    0.222	  0.003%	 58.349%	     0.000	        1	Delegate/Binary Elementwise (ND):546
	                 Binary Elementwise (ND)	    0.298	    0.301	  0.004%	 58.353%	     0.000	        1	Delegate/Binary Elementwise (ND):547
	          Fully Connected (NC, F32) GEMM	   59.104	   59.341	  0.851%	 59.204%	     0.000	        1	Delegate/Fully Connected (NC, F32) GEMM:548
	                  Unary Elementwise (NC)	    5.229	    5.245	  0.075%	 59.279%	     0.000	        1	Delegate/Unary Elementwise (NC):549
	                          Copy (NC, X32)	    0.000	    0.001	  0.000%	 59.279%	     0.000	        1	Delegate/Copy (NC, X32):550
	          Fully Connected (NC, F32) GEMM	   58.538	   58.785	  0.843%	 60.122%	     0.000	        1	Delegate/Fully Connected (NC, F32) GEMM:551
	                          Copy (NC, X32)	    0.002	    0.001	  0.000%	 60.122%	     0.000	        1	Delegate/Copy (NC, X32):552
	                 Binary Elementwise (ND)	    0.207	    0.214	  0.003%	 60.125%	     0.000	        1	Delegate/Binary Elementwise (ND):553
	                 Binary Elementwise (ND)	    0.311	    0.320	  0.005%	 60.129%	     0.000	        1	Delegate/Binary Elementwise (ND):554
	                           Sum (ND) Mean	    0.162	    0.169	  0.002%	 60.132%	     0.000	        1	Delegate/Sum (ND) Mean:555
	                 Binary Elementwise (ND)	    0.001	    0.001	  0.000%	 60.132%	     0.000	        1	Delegate/Binary Elementwise (ND):556
	                          Copy (NC, X32)	    0.000	    0.000	  0.000%	 60.132%	     0.000	        1	Delegate/Copy (NC, X32):557
	                 Binary Elementwise (ND)	    0.230	    0.232	  0.003%	 60.135%	     0.000	        1	Delegate/Binary Elementwise (ND):558
	                 Binary Elementwise (ND)	    0.239	    0.238	  0.003%	 60.138%	     0.000	        1	Delegate/Binary Elementwise (ND):559
	                           Sum (ND) Mean	    0.165	    0.176	  0.003%	 60.141%	     0.000	        1	Delegate/Sum (ND) Mean:560
	                 Binary Elementwise (ND)	    0.000	    0.000	  0.000%	 60.141%	     0.000	        1	Delegate/Binary Elementwise (ND):561
	                 Binary Elementwise (ND)	    0.001	    0.001	  0.000%	 60.141%	     0.000	        1	Delegate/Binary Elementwise (ND):562
	                          Copy (NC, X32)	    0.000	    0.000	  0.000%	 60.141%	     0.000	        1	Delegate/Copy (NC, X32):563
	                  Unary Elementwise (NC)	    0.003	    0.002	  0.000%	 60.141%	     0.000	        1	Delegate/Unary Elementwise (NC):564
	                 Binary Elementwise (ND)	    0.229	    0.239	  0.003%	 60.144%	     0.000	        1	Delegate/Binary Elementwise (ND):565
	                 Binary Elementwise (ND)	    0.230	    0.242	  0.003%	 60.148%	     0.000	        1	Delegate/Binary Elementwise (ND):566
	                 Binary Elementwise (ND)	    0.211	    0.215	  0.003%	 60.151%	     0.000	        1	Delegate/Binary Elementwise (ND):567
	          Fully Connected (NC, F32) GEMM	   44.162	   44.604	  0.639%	 60.790%	     0.000	        1	Delegate/Fully Connected (NC, F32) GEMM:568
	                         Slice (ND, X32)	    0.561	    0.554	  0.008%	 60.798%	     0.000	        1	Delegate/Slice (ND, X32):569
	                         Slice (ND, X32)	    0.513	    0.542	  0.008%	 60.806%	     0.000	        1	Delegate/Slice (ND, X32):570
	                         Slice (ND, X32)	    0.455	    0.502	  0.007%	 60.813%	     0.000	        1	Delegate/Slice (ND, X32):571
	                          Copy (NC, X32)	    0.000	    0.001	  0.000%	 60.813%	     0.000	        1	Delegate/Copy (NC, X32):572
	                          Copy (NC, X32)	    0.000	    0.000	  0.000%	 60.813%	     0.000	        1	Delegate/Copy (NC, X32):573
	           Transpose (ND, X32) Transpose	    0.285	    0.295	  0.004%	 60.818%	     0.000	        1	Delegate/Transpose (ND, X32) Transpose:574
	                 Binary Elementwise (ND)	    0.274	    0.284	  0.004%	 60.822%	     0.000	        1	Delegate/Binary Elementwise (ND):575
	                          Copy (NC, X32)	    0.000	    0.000	  0.000%	 60.822%	     0.000	        1	Delegate/Copy (NC, X32):576
	           Transpose (ND, X32) Transpose	    0.288	    0.295	  0.004%	 60.826%	     0.000	        1	Delegate/Transpose (ND, X32) Transpose:577
	           Transpose (ND, X32) Transpose	    0.786	    0.812	  0.012%	 60.838%	     0.000	        1	Delegate/Transpose (ND, X32) Transpose:578
	                          Copy (NC, X32)	    0.001	    0.001	  0.000%	 60.838%	     0.000	        1	Delegate/Copy (NC, X32):579
	                          Copy (NC, X32)	    0.000	    0.000	  0.000%	 60.838%	     0.000	        1	Delegate/Copy (NC, X32):580
	    Batch Matrix Multiply (NC, F32) GEMM	   97.223	   97.347	  1.396%	 62.233%	     0.000	        1	Delegate/Batch Matrix Multiply (NC, F32) GEMM:581
	                          Copy (NC, X32)	    0.001	    0.001	  0.000%	 62.233%	     0.000	        1	Delegate/Copy (NC, X32):582
	                       Softmax (NC, F32)	   43.841	   43.987	  0.631%	 62.864%	     0.000	        1	Delegate/Softmax (NC, F32):583
	                          Copy (NC, X32)	    0.001	    0.002	  0.000%	 62.864%	     0.000	        1	Delegate/Copy (NC, X32):584
	                          Copy (NC, X32)	    0.000	    0.000	  0.000%	 62.864%	     0.000	        1	Delegate/Copy (NC, X32):585
	    Batch Matrix Multiply (NC, F32) GEMM	   98.052	   98.825	  1.417%	 64.280%	     0.000	        1	Delegate/Batch Matrix Multiply (NC, F32) GEMM:586
	                          Copy (NC, X32)	    0.001	    0.001	  0.000%	 64.280%	     0.000	        1	Delegate/Copy (NC, X32):587
	           Transpose (ND, X32) Transpose	    0.237	    0.249	  0.004%	 64.284%	     0.000	        1	Delegate/Transpose (ND, X32) Transpose:588
	                          Copy (NC, X32)	    0.000	    0.000	  0.000%	 64.284%	     0.000	        1	Delegate/Copy (NC, X32):589
	          Fully Connected (NC, F32) GEMM	   14.532	   14.545	  0.209%	 64.492%	     0.000	        1	Delegate/Fully Connected (NC, F32) GEMM:590
	                          Copy (NC, X32)	    0.001	    0.001	  0.000%	 64.492%	     0.000	        1	Delegate/Copy (NC, X32):591
	                 Binary Elementwise (ND)	    0.362	    0.365	  0.005%	 64.498%	     0.000	        1	Delegate/Binary Elementwise (ND):592
	                 Binary Elementwise (ND)	    0.319	    0.337	  0.005%	 64.503%	     0.000	        1	Delegate/Binary Elementwise (ND):593
	                           Sum (ND) Mean	    0.177	    0.180	  0.003%	 64.505%	     0.000	        1	Delegate/Sum (ND) Mean:594
	                 Binary Elementwise (ND)	    0.001	    0.001	  0.000%	 64.505%	     0.000	        1	Delegate/Binary Elementwise (ND):595
	                          Copy (NC, X32)	    0.000	    0.000	  0.000%	 64.505%	     0.000	        1	Delegate/Copy (NC, X32):596
	                 Binary Elementwise (ND)	    0.210	    0.215	  0.003%	 64.508%	     0.000	        1	Delegate/Binary Elementwise (ND):597
	                 Binary Elementwise (ND)	    0.189	    0.207	  0.003%	 64.511%	     0.000	        1	Delegate/Binary Elementwise (ND):598
	                           Sum (ND) Mean	    0.160	    0.163	  0.002%	 64.514%	     0.000	        1	Delegate/Sum (ND) Mean:599
	                 Binary Elementwise (ND)	    0.000	    0.000	  0.000%	 64.514%	     0.000	        1	Delegate/Binary Elementwise (ND):600
	                 Binary Elementwise (ND)	    0.001	    0.001	  0.000%	 64.514%	     0.000	        1	Delegate/Binary Elementwise (ND):601
	                          Copy (NC, X32)	    0.000	    0.000	  0.000%	 64.514%	     0.000	        1	Delegate/Copy (NC, X32):602
	                  Unary Elementwise (NC)	    0.002	    0.002	  0.000%	 64.514%	     0.000	        1	Delegate/Unary Elementwise (NC):603
	                 Binary Elementwise (ND)	    0.212	    0.227	  0.003%	 64.517%	     0.000	        1	Delegate/Binary Elementwise (ND):604
	                 Binary Elementwise (ND)	    0.217	    0.223	  0.003%	 64.520%	     0.000	        1	Delegate/Binary Elementwise (ND):605
	                 Binary Elementwise (ND)	    0.301	    0.304	  0.004%	 64.524%	     0.000	        1	Delegate/Binary Elementwise (ND):606
	          Fully Connected (NC, F32) GEMM	   58.874	   59.714	  0.856%	 65.380%	     0.000	        1	Delegate/Fully Connected (NC, F32) GEMM:607
	                  Unary Elementwise (NC)	    5.231	    5.336	  0.076%	 65.457%	     0.000	        1	Delegate/Unary Elementwise (NC):608
	                          Copy (NC, X32)	    0.001	    0.001	  0.000%	 65.457%	     0.000	        1	Delegate/Copy (NC, X32):609
	          Fully Connected (NC, F32) GEMM	   58.821	   61.031	  0.875%	 66.332%	     0.000	        1	Delegate/Fully Connected (NC, F32) GEMM:610
	                          Copy (NC, X32)	    0.001	    0.001	  0.000%	 66.332%	     0.000	        1	Delegate/Copy (NC, X32):611
	                 Binary Elementwise (ND)	    0.204	    0.230	  0.003%	 66.335%	     0.000	        1	Delegate/Binary Elementwise (ND):612
	                 Binary Elementwise (ND)	    0.318	    0.346	  0.005%	 66.340%	     0.000	        1	Delegate/Binary Elementwise (ND):613
	                           Sum (ND) Mean	    0.165	    0.175	  0.003%	 66.343%	     0.000	        1	Delegate/Sum (ND) Mean:614
	                 Binary Elementwise (ND)	    0.001	    0.001	  0.000%	 66.343%	     0.000	        1	Delegate/Binary Elementwise (ND):615
	                          Copy (NC, X32)	    0.000	    0.000	  0.000%	 66.343%	     0.000	        1	Delegate/Copy (NC, X32):616
	                 Binary Elementwise (ND)	    0.216	    0.239	  0.003%	 66.346%	     0.000	        1	Delegate/Binary Elementwise (ND):617
	                 Binary Elementwise (ND)	    0.232	    0.257	  0.004%	 66.350%	     0.000	        1	Delegate/Binary Elementwise (ND):618
	                           Sum (ND) Mean	    0.172	    0.186	  0.003%	 66.352%	     0.000	        1	Delegate/Sum (ND) Mean:619
	                 Binary Elementwise (ND)	    0.000	    0.000	  0.000%	 66.352%	     0.000	        1	Delegate/Binary Elementwise (ND):620
	                 Binary Elementwise (ND)	    0.001	    0.001	  0.000%	 66.352%	     0.000	        1	Delegate/Binary Elementwise (ND):621
	                          Copy (NC, X32)	    0.000	    0.000	  0.000%	 66.352%	     0.000	        1	Delegate/Copy (NC, X32):622
	                  Unary Elementwise (NC)	    0.003	    0.003	  0.000%	 66.352%	     0.000	        1	Delegate/Unary Elementwise (NC):623
	                 Binary Elementwise (ND)	    0.231	    0.255	  0.004%	 66.356%	     0.000	        1	Delegate/Binary Elementwise (ND):624
	                 Binary Elementwise (ND)	    0.250	    0.269	  0.004%	 66.360%	     0.000	        1	Delegate/Binary Elementwise (ND):625
	                 Binary Elementwise (ND)	    0.369	    0.360	  0.005%	 66.365%	     0.000	        1	Delegate/Binary Elementwise (ND):626
	          Fully Connected (NC, F32) GEMM	   44.163	   46.637	  0.669%	 67.034%	     0.000	        1	Delegate/Fully Connected (NC, F32) GEMM:627
	                         Slice (ND, X32)	    0.537	    0.585	  0.008%	 67.042%	     0.000	        1	Delegate/Slice (ND, X32):628
	                         Slice (ND, X32)	    0.518	    0.592	  0.008%	 67.051%	     0.000	        1	Delegate/Slice (ND, X32):629
	                         Slice (ND, X32)	    0.472	    0.548	  0.008%	 67.058%	     0.000	        1	Delegate/Slice (ND, X32):630
	                          Copy (NC, X32)	    0.000	    0.000	  0.000%	 67.058%	     0.000	        1	Delegate/Copy (NC, X32):631
	                          Copy (NC, X32)	    0.000	    0.000	  0.000%	 67.058%	     0.000	        1	Delegate/Copy (NC, X32):632
	           Transpose (ND, X32) Transpose	    0.288	    0.314	  0.005%	 67.063%	     0.000	        1	Delegate/Transpose (ND, X32) Transpose:633
	                 Binary Elementwise (ND)	    0.284	    0.304	  0.004%	 67.067%	     0.000	        1	Delegate/Binary Elementwise (ND):634
	                          Copy (NC, X32)	    0.000	    0.000	  0.000%	 67.067%	     0.000	        1	Delegate/Copy (NC, X32):635
	           Transpose (ND, X32) Transpose	    0.285	    0.307	  0.004%	 67.072%	     0.000	        1	Delegate/Transpose (ND, X32) Transpose:636
	           Transpose (ND, X32) Transpose	    0.812	    0.865	  0.012%	 67.084%	     0.000	        1	Delegate/Transpose (ND, X32) Transpose:637
	                          Copy (NC, X32)	    0.001	    0.001	  0.000%	 67.084%	     0.000	        1	Delegate/Copy (NC, X32):638
	                          Copy (NC, X32)	    0.000	    0.000	  0.000%	 67.084%	     0.000	        1	Delegate/Copy (NC, X32):639
	    Batch Matrix Multiply (NC, F32) GEMM	   97.204	  101.687	  1.458%	 68.542%	     0.000	        1	Delegate/Batch Matrix Multiply (NC, F32) GEMM:640
	                          Copy (NC, X32)	    0.001	    0.002	  0.000%	 68.542%	     0.000	        1	Delegate/Copy (NC, X32):641
	                       Softmax (NC, F32)	   43.794	   45.471	  0.652%	 69.194%	     0.000	        1	Delegate/Softmax (NC, F32):642
	                          Copy (NC, X32)	    0.001	    0.002	  0.000%	 69.194%	     0.000	        1	Delegate/Copy (NC, X32):643
	                          Copy (NC, X32)	    0.000	    0.000	  0.000%	 69.194%	     0.000	        1	Delegate/Copy (NC, X32):644
	    Batch Matrix Multiply (NC, F32) GEMM	   98.002	  100.697	  1.444%	 70.637%	     0.000	        1	Delegate/Batch Matrix Multiply (NC, F32) GEMM:645
	                          Copy (NC, X32)	    0.001	    0.001	  0.000%	 70.637%	     0.000	        1	Delegate/Copy (NC, X32):646
	           Transpose (ND, X32) Transpose	    0.250	    0.241	  0.003%	 70.641%	     0.000	        1	Delegate/Transpose (ND, X32) Transpose:647
	                          Copy (NC, X32)	    0.000	    0.000	  0.000%	 70.641%	     0.000	        1	Delegate/Copy (NC, X32):648
	          Fully Connected (NC, F32) GEMM	   15.634	   14.924	  0.214%	 70.855%	     0.000	        1	Delegate/Fully Connected (NC, F32) GEMM:649
	                          Copy (NC, X32)	    0.001	    0.001	  0.000%	 70.855%	     0.000	        1	Delegate/Copy (NC, X32):650
	                 Binary Elementwise (ND)	    0.362	    0.358	  0.005%	 70.860%	     0.000	        1	Delegate/Binary Elementwise (ND):651
	                 Binary Elementwise (ND)	    0.348	    0.335	  0.005%	 70.865%	     0.000	        1	Delegate/Binary Elementwise (ND):652
	                           Sum (ND) Mean	    0.193	    0.186	  0.003%	 70.867%	     0.000	        1	Delegate/Sum (ND) Mean:653
	                 Binary Elementwise (ND)	    0.001	    0.001	  0.000%	 70.867%	     0.000	        1	Delegate/Binary Elementwise (ND):654
	                          Copy (NC, X32)	    0.000	    0.000	  0.000%	 70.867%	     0.000	        1	Delegate/Copy (NC, X32):655
	                 Binary Elementwise (ND)	    0.227	    0.219	  0.003%	 70.870%	     0.000	        1	Delegate/Binary Elementwise (ND):656
	                 Binary Elementwise (ND)	    0.215	    0.213	  0.003%	 70.873%	     0.000	        1	Delegate/Binary Elementwise (ND):657
	                           Sum (ND) Mean	    0.210	    0.163	  0.002%	 70.876%	     0.000	        1	Delegate/Sum (ND) Mean:658
	                 Binary Elementwise (ND)	    0.001	    0.001	  0.000%	 70.876%	     0.000	        1	Delegate/Binary Elementwise (ND):659
	                 Binary Elementwise (ND)	    0.001	    0.001	  0.000%	 70.876%	     0.000	        1	Delegate/Binary Elementwise (ND):660
	                          Copy (NC, X32)	    0.000	    0.000	  0.000%	 70.876%	     0.000	        1	Delegate/Copy (NC, X32):661
	                  Unary Elementwise (NC)	    0.003	    0.002	  0.000%	 70.876%	     0.000	        1	Delegate/Unary Elementwise (NC):662
	                 Binary Elementwise (ND)	    0.226	    0.218	  0.003%	 70.879%	     0.000	        1	Delegate/Binary Elementwise (ND):663
	                 Binary Elementwise (ND)	    0.247	    0.220	  0.003%	 70.882%	     0.000	        1	Delegate/Binary Elementwise (ND):664
	                 Binary Elementwise (ND)	    0.348	    0.310	  0.004%	 70.887%	     0.000	        1	Delegate/Binary Elementwise (ND):665
	          Fully Connected (NC, F32) GEMM	   69.637	   64.341	  0.922%	 71.809%	     0.000	        1	Delegate/Fully Connected (NC, F32) GEMM:666
	                  Unary Elementwise (NC)	    6.144	    5.426	  0.078%	 71.887%	     0.000	        1	Delegate/Unary Elementwise (NC):667
	                          Copy (NC, X32)	    0.002	    0.001	  0.000%	 71.887%	     0.000	        1	Delegate/Copy (NC, X32):668
	          Fully Connected (NC, F32) GEMM	   63.639	   60.675	  0.870%	 72.757%	     0.000	        1	Delegate/Fully Connected (NC, F32) GEMM:669
	                          Copy (NC, X32)	    0.002	    0.001	  0.000%	 72.757%	     0.000	        1	Delegate/Copy (NC, X32):670
	                 Binary Elementwise (ND)	    0.245	    0.218	  0.003%	 72.760%	     0.000	        1	Delegate/Binary Elementwise (ND):671
	                 Binary Elementwise (ND)	    0.387	    0.324	  0.005%	 72.764%	     0.000	        1	Delegate/Binary Elementwise (ND):672
	                           Sum (ND) Mean	    0.200	    0.171	  0.002%	 72.767%	     0.000	        1	Delegate/Sum (ND) Mean:673
	                 Binary Elementwise (ND)	    0.001	    0.002	  0.000%	 72.767%	     0.000	        1	Delegate/Binary Elementwise (ND):674
	                          Copy (NC, X32)	    0.000	    0.000	  0.000%	 72.767%	     0.000	        1	Delegate/Copy (NC, X32):675
	                 Binary Elementwise (ND)	    0.292	    0.226	  0.003%	 72.770%	     0.000	        1	Delegate/Binary Elementwise (ND):676
	                 Binary Elementwise (ND)	    0.317	    0.247	  0.004%	 72.774%	     0.000	        1	Delegate/Binary Elementwise (ND):677
	                           Sum (ND) Mean	    0.197	    0.177	  0.003%	 72.776%	     0.000	        1	Delegate/Sum (ND) Mean:678
	                 Binary Elementwise (ND)	    0.001	    0.001	  0.000%	 72.776%	     0.000	        1	Delegate/Binary Elementwise (ND):679
	                 Binary Elementwise (ND)	    0.001	    0.001	  0.000%	 72.776%	     0.000	        1	Delegate/Binary Elementwise (ND):680
	                          Copy (NC, X32)	    0.000	    0.000	  0.000%	 72.776%	     0.000	        1	Delegate/Copy (NC, X32):681
	                  Unary Elementwise (NC)	    0.003	    0.003	  0.000%	 72.776%	     0.000	        1	Delegate/Unary Elementwise (NC):682
	                 Binary Elementwise (ND)	    0.305	    0.243	  0.003%	 72.780%	     0.000	        1	Delegate/Binary Elementwise (ND):683
	                 Binary Elementwise (ND)	    0.298	    0.263	  0.004%	 72.783%	     0.000	        1	Delegate/Binary Elementwise (ND):684
	                 Binary Elementwise (ND)	    0.342	    0.335	  0.005%	 72.788%	     0.000	        1	Delegate/Binary Elementwise (ND):685
	          Fully Connected (NC, F32) GEMM	   50.551	   45.970	  0.659%	 73.447%	     0.000	        1	Delegate/Fully Connected (NC, F32) GEMM:686
	                         Slice (ND, X32)	    0.793	    0.577	  0.008%	 73.455%	     0.000	        1	Delegate/Slice (ND, X32):687
	                         Slice (ND, X32)	    0.799	    0.578	  0.008%	 73.464%	     0.000	        1	Delegate/Slice (ND, X32):688
	                         Slice (ND, X32)	    0.762	    0.540	  0.008%	 73.471%	     0.000	        1	Delegate/Slice (ND, X32):689
	                          Copy (NC, X32)	    0.000	    0.000	  0.000%	 73.471%	     0.000	        1	Delegate/Copy (NC, X32):690
	                          Copy (NC, X32)	    0.000	    0.000	  0.000%	 73.471%	     0.000	        1	Delegate/Copy (NC, X32):691
	           Transpose (ND, X32) Transpose	    0.528	    0.327	  0.005%	 73.476%	     0.000	        1	Delegate/Transpose (ND, X32) Transpose:692
	                 Binary Elementwise (ND)	    0.467	    0.317	  0.005%	 73.481%	     0.000	        1	Delegate/Binary Elementwise (ND):693
	                          Copy (NC, X32)	    0.000	    0.000	  0.000%	 73.481%	     0.000	        1	Delegate/Copy (NC, X32):694
	           Transpose (ND, X32) Transpose	    0.431	    0.300	  0.004%	 73.485%	     0.000	        1	Delegate/Transpose (ND, X32) Transpose:695
	           Transpose (ND, X32) Transpose	    0.917	    0.824	  0.012%	 73.497%	     0.000	        1	Delegate/Transpose (ND, X32) Transpose:696
	                          Copy (NC, X32)	    0.001	    0.001	  0.000%	 73.497%	     0.000	        1	Delegate/Copy (NC, X32):697
	                          Copy (NC, X32)	    0.000	    0.000	  0.000%	 73.497%	     0.000	        1	Delegate/Copy (NC, X32):698
	    Batch Matrix Multiply (NC, F32) GEMM	   97.943	  100.477	  1.440%	 74.937%	     0.000	        1	Delegate/Batch Matrix Multiply (NC, F32) GEMM:699
	                          Copy (NC, X32)	    0.001	    0.002	  0.000%	 74.937%	     0.000	        1	Delegate/Copy (NC, X32):700
	                       Softmax (NC, F32)	   43.665	   44.625	  0.640%	 75.577%	     0.000	        1	Delegate/Softmax (NC, F32):701
	                          Copy (NC, X32)	    0.002	    0.002	  0.000%	 75.577%	     0.000	        1	Delegate/Copy (NC, X32):702
	                          Copy (NC, X32)	    0.000	    0.000	  0.000%	 75.577%	     0.000	        1	Delegate/Copy (NC, X32):703
	    Batch Matrix Multiply (NC, F32) GEMM	   98.603	   98.364	  1.410%	 76.987%	     0.000	        1	Delegate/Batch Matrix Multiply (NC, F32) GEMM:704
	                          Copy (NC, X32)	    0.001	    0.001	  0.000%	 76.987%	     0.000	        1	Delegate/Copy (NC, X32):705
	           Transpose (ND, X32) Transpose	    0.237	    0.251	  0.004%	 76.991%	     0.000	        1	Delegate/Transpose (ND, X32) Transpose:706
	                          Copy (NC, X32)	    0.000	    0.000	  0.000%	 76.991%	     0.000	        1	Delegate/Copy (NC, X32):707
	          Fully Connected (NC, F32) GEMM	   14.513	   14.542	  0.208%	 77.199%	     0.000	        1	Delegate/Fully Connected (NC, F32) GEMM:708
	                          Copy (NC, X32)	    0.001	    0.001	  0.000%	 77.199%	     0.000	        1	Delegate/Copy (NC, X32):709
	                 Binary Elementwise (ND)	    0.365	    0.356	  0.005%	 77.204%	     0.000	        1	Delegate/Binary Elementwise (ND):710
	                 Binary Elementwise (ND)	    0.318	    0.328	  0.005%	 77.209%	     0.000	        1	Delegate/Binary Elementwise (ND):711
	                           Sum (ND) Mean	    0.172	    0.187	  0.003%	 77.212%	     0.000	        1	Delegate/Sum (ND) Mean:712
	                 Binary Elementwise (ND)	    0.001	    0.001	  0.000%	 77.212%	     0.000	        1	Delegate/Binary Elementwise (ND):713
	                          Copy (NC, X32)	    0.000	    0.000	  0.000%	 77.212%	     0.000	        1	Delegate/Copy (NC, X32):714
	                 Binary Elementwise (ND)	    0.209	    0.218	  0.003%	 77.215%	     0.000	        1	Delegate/Binary Elementwise (ND):715
	                 Binary Elementwise (ND)	    0.191	    0.207	  0.003%	 77.218%	     0.000	        1	Delegate/Binary Elementwise (ND):716
	                           Sum (ND) Mean	    0.151	    0.160	  0.002%	 77.220%	     0.000	        1	Delegate/Sum (ND) Mean:717
	                 Binary Elementwise (ND)	    0.000	    0.001	  0.000%	 77.220%	     0.000	        1	Delegate/Binary Elementwise (ND):718
	                 Binary Elementwise (ND)	    0.001	    0.001	  0.000%	 77.220%	     0.000	        1	Delegate/Binary Elementwise (ND):719
	                          Copy (NC, X32)	    0.000	    0.000	  0.000%	 77.220%	     0.000	        1	Delegate/Copy (NC, X32):720
	                  Unary Elementwise (NC)	    0.002	    0.002	  0.000%	 77.220%	     0.000	        1	Delegate/Unary Elementwise (NC):721
	                 Binary Elementwise (ND)	    0.208	    0.217	  0.003%	 77.223%	     0.000	        1	Delegate/Binary Elementwise (ND):722
	                 Binary Elementwise (ND)	    0.206	    0.220	  0.003%	 77.226%	     0.000	        1	Delegate/Binary Elementwise (ND):723
	                 Binary Elementwise (ND)	    0.295	    0.311	  0.004%	 77.231%	     0.000	        1	Delegate/Binary Elementwise (ND):724
	          Fully Connected (NC, F32) GEMM	   58.951	   59.127	  0.848%	 78.078%	     0.000	        1	Delegate/Fully Connected (NC, F32) GEMM:725
	                  Unary Elementwise (NC)	    5.229	    5.241	  0.075%	 78.154%	     0.000	        1	Delegate/Unary Elementwise (NC):726
	                          Copy (NC, X32)	    0.000	    0.000	  0.000%	 78.154%	     0.000	        1	Delegate/Copy (NC, X32):727
	          Fully Connected (NC, F32) GEMM	   58.573	   58.746	  0.842%	 78.996%	     0.000	        1	Delegate/Fully Connected (NC, F32) GEMM:728
	                          Copy (NC, X32)	    0.001	    0.001	  0.000%	 78.996%	     0.000	        1	Delegate/Copy (NC, X32):729
	                 Binary Elementwise (ND)	    0.203	    0.217	  0.003%	 78.999%	     0.000	        1	Delegate/Binary Elementwise (ND):730
	                 Binary Elementwise (ND)	    0.312	    0.332	  0.005%	 79.004%	     0.000	        1	Delegate/Binary Elementwise (ND):731
	                 Binary Elementwise (ND)	    0.267	    0.274	  0.004%	 79.008%	     0.000	        1	Delegate/Binary Elementwise (ND):732
	                 Binary Elementwise (ND)	    0.250	    0.260	  0.004%	 79.011%	     0.000	        1	Delegate/Binary Elementwise (ND):733
	                 Binary Elementwise (ND)	    0.263	    0.270	  0.004%	 79.015%	     0.000	        1	Delegate/Binary Elementwise (ND):734
	                 Binary Elementwise (ND)	    0.243	    0.241	  0.003%	 79.019%	     0.000	        1	Delegate/Binary Elementwise (ND):735
	                 Binary Elementwise (ND)	    0.266	    0.276	  0.004%	 79.023%	     0.000	        1	Delegate/Binary Elementwise (ND):736
	                 Binary Elementwise (ND)	    0.276	    0.254	  0.004%	 79.026%	     0.000	        1	Delegate/Binary Elementwise (ND):737
	                           Sum (ND) Mean	    0.208	    0.206	  0.003%	 79.029%	     0.000	        1	Delegate/Sum (ND) Mean:738
	                 Binary Elementwise (ND)	    0.001	    0.001	  0.000%	 79.029%	     0.000	        1	Delegate/Binary Elementwise (ND):739
	                          Copy (NC, X32)	    0.000	    0.000	  0.000%	 79.029%	     0.000	        1	Delegate/Copy (NC, X32):740
	                 Binary Elementwise (ND)	    0.245	    0.263	  0.004%	 79.033%	     0.000	        1	Delegate/Binary Elementwise (ND):741
	                 Binary Elementwise (ND)	    0.248	    0.248	  0.004%	 79.036%	     0.000	        1	Delegate/Binary Elementwise (ND):742
	                           Sum (ND) Mean	    0.192	    0.207	  0.003%	 79.039%	     0.000	        1	Delegate/Sum (ND) Mean:743
	                 Binary Elementwise (ND)	    0.000	    0.001	  0.000%	 79.039%	     0.000	        1	Delegate/Binary Elementwise (ND):744
	                 Binary Elementwise (ND)	    0.001	    0.001	  0.000%	 79.039%	     0.000	        1	Delegate/Binary Elementwise (ND):745
	                          Copy (NC, X32)	    0.000	    0.000	  0.000%	 79.039%	     0.000	        1	Delegate/Copy (NC, X32):746
	                  Unary Elementwise (NC)	    0.003	    0.002	  0.000%	 79.039%	     0.000	        1	Delegate/Unary Elementwise (NC):747
	                 Binary Elementwise (ND)	    0.234	    0.236	  0.003%	 79.043%	     0.000	        1	Delegate/Binary Elementwise (ND):748
	                 Binary Elementwise (ND)	    0.264	    0.246	  0.004%	 79.046%	     0.000	        1	Delegate/Binary Elementwise (ND):749
	                 Binary Elementwise (ND)	    0.276	    0.276	  0.004%	 79.050%	     0.000	        1	Delegate/Binary Elementwise (ND):750
	                         Slice (ND, X32)	    0.236	    0.240	  0.003%	 79.054%	     0.000	        1	Delegate/Slice (ND, X32):751
	                         Slice (ND, X32)	    0.224	    0.237	  0.003%	 79.057%	     0.000	        1	Delegate/Slice (ND, X32):752
	                         Slice (ND, X32)	    0.210	    0.214	  0.003%	 79.060%	     0.000	        1	Delegate/Slice (ND, X32):753
	                         Slice (ND, X32)	    0.174	    0.181	  0.003%	 79.063%	     0.000	        1	Delegate/Slice (ND, X32):754
	           Transpose (ND, X32) Transpose	    0.587	    0.607	  0.009%	 79.072%	     0.000	        1	Delegate/Transpose (ND, X32) Transpose:755
	                          Copy (NC, X32)	    0.001	    0.000	  0.000%	 79.072%	     0.000	        1	Delegate/Copy (NC, X32):756
	           Transpose (ND, X32) Transpose	    0.360	    0.361	  0.005%	 79.077%	     0.000	        1	Delegate/Transpose (ND, X32) Transpose:757
	          Fully Connected (NC, F32) GEMM	    1.876	    1.853	  0.027%	 79.103%	     0.000	        1	Delegate/Fully Connected (NC, F32) GEMM:758
	     Deconvolution (NHWC, F32) Subconv2D	    6.613	    6.631	  0.095%	 79.198%	     0.000	        1	Delegate/Deconvolution (NHWC, F32) Subconv2D:759
	           Transpose (ND, X32) Transpose	    0.783	    0.805	  0.012%	 79.210%	     0.000	        1	Delegate/Transpose (ND, X32) Transpose:760
	                          Copy (NC, X32)	    0.000	    0.001	  0.000%	 79.210%	     0.000	        1	Delegate/Copy (NC, X32):761
	           Transpose (ND, X32) Transpose	    0.521	    0.526	  0.008%	 79.217%	     0.000	        1	Delegate/Transpose (ND, X32) Transpose:762
	          Fully Connected (NC, F32) GEMM	    3.613	    3.656	  0.052%	 79.270%	     0.000	        1	Delegate/Fully Connected (NC, F32) GEMM:763
	     Deconvolution (NHWC, F32) Subconv2D	    6.218	    6.263	  0.090%	 79.360%	     0.000	        1	Delegate/Deconvolution (NHWC, F32) Subconv2D:764
	           Transpose (ND, X32) Transpose	    0.807	    0.804	  0.012%	 79.371%	     0.000	        1	Delegate/Transpose (ND, X32) Transpose:765
	                          Copy (NC, X32)	    0.001	    0.001	  0.000%	 79.371%	     0.000	        1	Delegate/Copy (NC, X32):766
	           Transpose (ND, X32) Transpose	    0.653	    0.656	  0.009%	 79.381%	     0.000	        1	Delegate/Transpose (ND, X32) Transpose:767
	          Fully Connected (NC, F32) GEMM	    7.102	    7.240	  0.104%	 79.484%	     0.000	        1	Delegate/Fully Connected (NC, F32) GEMM:768
	           Transpose (ND, X32) Transpose	    0.795	    0.790	  0.011%	 79.496%	     0.000	        1	Delegate/Transpose (ND, X32) Transpose:769
	                          Copy (NC, X32)	    0.001	    0.001	  0.000%	 79.496%	     0.000	        1	Delegate/Copy (NC, X32):770
	           Transpose (ND, X32) Transpose	    0.516	    0.547	  0.008%	 79.504%	     0.000	        1	Delegate/Transpose (ND, X32) Transpose:771
	          Fully Connected (NC, F32) GEMM	   14.251	   14.338	  0.206%	 79.709%	     0.000	        1	Delegate/Fully Connected (NC, F32) GEMM:772
	           Convolution (NHWC, F32) IGEMM	   34.290	   35.337	  0.507%	 80.216%	     0.000	        1	Delegate/Convolution (NHWC, F32) IGEMM:773
	           Transpose (ND, X32) Transpose	    0.338	    0.356	  0.005%	 80.221%	     0.000	        1	Delegate/Transpose (ND, X32) Transpose:774
	                          Copy (NC, X32)	    0.095	    0.101	  0.001%	 80.222%	     0.000	        1	Delegate/Copy (NC, X32):775
	                           Sum (ND) Mean	    0.076	    0.081	  0.001%	 80.223%	     0.000	        1	Delegate/Sum (ND) Mean:776
	                 Binary Elementwise (ND)	    0.001	    0.001	  0.000%	 80.223%	     0.000	        1	Delegate/Binary Elementwise (ND):777
	                          Copy (NC, X32)	    0.000	    0.000	  0.000%	 80.223%	     0.000	        1	Delegate/Copy (NC, X32):778
	                 Binary Elementwise (ND)	    0.093	    0.098	  0.001%	 80.225%	     0.000	        1	Delegate/Binary Elementwise (ND):779
	                 Binary Elementwise (ND)	    0.098	    0.105	  0.002%	 80.226%	     0.000	        1	Delegate/Binary Elementwise (ND):780
	                           Sum (ND) Mean	    0.076	    0.080	  0.001%	 80.227%	     0.000	        1	Delegate/Sum (ND) Mean:781
	                 Binary Elementwise (ND)	    0.000	    0.000	  0.000%	 80.227%	     0.000	        1	Delegate/Binary Elementwise (ND):782
	                 Binary Elementwise (ND)	    0.001	    0.001	  0.000%	 80.227%	     0.000	        1	Delegate/Binary Elementwise (ND):783
	                          Copy (NC, X32)	    0.000	    0.000	  0.000%	 80.227%	     0.000	        1	Delegate/Copy (NC, X32):784
	                  Unary Elementwise (NC)	    0.000	    0.000	  0.000%	 80.227%	     0.000	        1	Delegate/Unary Elementwise (NC):785
	                 Binary Elementwise (ND)	    0.109	    0.118	  0.002%	 80.229%	     0.000	        1	Delegate/Binary Elementwise (ND):786
	                          Copy (NC, X32)	    0.000	    0.000	  0.000%	 80.229%	     0.000	        1	Delegate/Copy (NC, X32):787
	                 Binary Elementwise (ND)	    0.097	    0.101	  0.001%	 80.231%	     0.000	        1	Delegate/Binary Elementwise (ND):788
	                 Binary Elementwise (ND)	    0.100	    0.103	  0.001%	 80.232%	     0.000	        1	Delegate/Binary Elementwise (ND):789
	           Transpose (ND, X32) Transpose	    0.247	    0.260	  0.004%	 80.236%	     0.000	        1	Delegate/Transpose (ND, X32) Transpose:790
	                          Copy (NC, X32)	    0.000	    0.000	  0.000%	 80.236%	     0.000	        1	Delegate/Copy (NC, X32):791
	          Fully Connected (NC, F32) GEMM	    3.540	    3.555	  0.051%	 80.287%	     0.000	        1	Delegate/Fully Connected (NC, F32) GEMM:792
	                           Sum (ND) Mean	    0.069	    0.072	  0.001%	 80.288%	     0.000	        1	Delegate/Sum (ND) Mean:793
	                 Binary Elementwise (ND)	    0.001	    0.001	  0.000%	 80.288%	     0.000	        1	Delegate/Binary Elementwise (ND):794
	                          Copy (NC, X32)	    0.000	    0.000	  0.000%	 80.288%	     0.000	        1	Delegate/Copy (NC, X32):795
	                 Binary Elementwise (ND)	    0.068	    0.070	  0.001%	 80.289%	     0.000	        1	Delegate/Binary Elementwise (ND):796
	                 Binary Elementwise (ND)	    0.084	    0.088	  0.001%	 80.290%	     0.000	        1	Delegate/Binary Elementwise (ND):797
	                           Sum (ND) Mean	    0.088	    0.088	  0.001%	 80.291%	     0.000	        1	Delegate/Sum (ND) Mean:798
	                 Binary Elementwise (ND)	    0.000	    0.000	  0.000%	 80.291%	     0.000	        1	Delegate/Binary Elementwise (ND):799
	                 Binary Elementwise (ND)	    0.001	    0.001	  0.000%	 80.291%	     0.000	        1	Delegate/Binary Elementwise (ND):800
	                          Copy (NC, X32)	    0.000	    0.000	  0.000%	 80.291%	     0.000	        1	Delegate/Copy (NC, X32):801
	                  Unary Elementwise (NC)	    0.002	    0.002	  0.000%	 80.291%	     0.000	        1	Delegate/Unary Elementwise (NC):802
	                 Binary Elementwise (ND)	    0.077	    0.086	  0.001%	 80.293%	     0.000	        1	Delegate/Binary Elementwise (ND):803
	                 Binary Elementwise (ND)	    0.100	    0.106	  0.002%	 80.294%	     0.000	        1	Delegate/Binary Elementwise (ND):804
	                 Binary Elementwise (ND)	    0.103	    0.104	  0.001%	 80.296%	     0.000	        1	Delegate/Binary Elementwise (ND):805
	                          Copy (NC, X32)	    0.079	    0.080	  0.001%	 80.297%	     0.000	        1	Delegate/Copy (NC, X32):806
	                          Copy (NC, X32)	    1.769	    1.728	  0.025%	 80.322%	     0.000	        1	Delegate/Copy (NC, X32):807
	                 Binary Elementwise (ND)	    0.883	    0.931	  0.013%	 80.335%	     0.000	        1	Delegate/Binary Elementwise (ND):808
	                         Slice (ND, X32)	    0.310	    0.326	  0.005%	 80.340%	     0.000	        1	Delegate/Slice (ND, X32):809
	          Fully Connected (NC, F32) GEMM	    3.753	    3.748	  0.054%	 80.393%	     0.000	        1	Delegate/Fully Connected (NC, F32) GEMM:810
	                          Copy (NC, X32)	    0.967	    1.013	  0.015%	 80.408%	     0.000	        1	Delegate/Copy (NC, X32):811
	          Fully Connected (NC, F32) GEMM	   31.497	   31.801	  0.456%	 80.864%	     0.000	        1	Delegate/Fully Connected (NC, F32) GEMM:812
	          Fully Connected (NC, F32) GEMM	   30.430	   30.659	  0.440%	 81.303%	     0.000	        1	Delegate/Fully Connected (NC, F32) GEMM:813
	                          Copy (NC, X32)	    0.001	    0.001	  0.000%	 81.303%	     0.000	        1	Delegate/Copy (NC, X32):814
	                          Copy (NC, X32)	    0.000	    0.000	  0.000%	 81.303%	     0.000	        1	Delegate/Copy (NC, X32):815
	           Transpose (ND, X32) Transpose	    1.462	    1.530	  0.022%	 81.325%	     0.000	        1	Delegate/Transpose (ND, X32) Transpose:816
	                          Copy (NC, X32)	    0.001	    0.001	  0.000%	 81.325%	     0.000	        1	Delegate/Copy (NC, X32):817
	                          Copy (NC, X32)	    0.000	    0.000	  0.000%	 81.325%	     0.000	        1	Delegate/Copy (NC, X32):818
	           Transpose (ND, X32) Transpose	    1.589	    1.675	  0.024%	 81.349%	     0.000	        1	Delegate/Transpose (ND, X32) Transpose:819
	                          Copy (NC, X32)	    0.002	    0.000	  0.000%	 81.349%	     0.000	        1	Delegate/Copy (NC, X32):820
	    Batch Matrix Multiply (NC, F32) GEMM	    2.531	    2.557	  0.037%	 81.386%	     0.000	        1	Delegate/Batch Matrix Multiply (NC, F32) GEMM:821
	                 Binary Elementwise (ND)	    0.058	    0.058	  0.001%	 81.387%	     0.000	        1	Delegate/Binary Elementwise (ND):822
	                       Softmax (NC, F32)	    0.535	    0.546	  0.008%	 81.394%	     0.000	        1	Delegate/Softmax (NC, F32):823
	    Batch Matrix Multiply (NC, F32) GEMM	    5.055	    5.184	  0.074%	 81.469%	     0.000	        1	Delegate/Batch Matrix Multiply (NC, F32) GEMM:824
	                          Copy (NC, X32)	    0.000	    0.001	  0.000%	 81.469%	     0.000	        1	Delegate/Copy (NC, X32):825
	          Fully Connected (NC, F32) GEMM	    3.623	    3.721	  0.053%	 81.522%	     0.000	        1	Delegate/Fully Connected (NC, F32) GEMM:826
	                          Copy (NC, X32)	    0.001	    0.000	  0.000%	 81.522%	     0.000	        1	Delegate/Copy (NC, X32):827
	                 Binary Elementwise (ND)	    0.181	    0.184	  0.003%	 81.525%	     0.000	        1	Delegate/Binary Elementwise (ND):828
	                           Sum (ND) Mean	    0.088	    0.094	  0.001%	 81.526%	     0.000	        1	Delegate/Sum (ND) Mean:829
	                 Binary Elementwise (ND)	    0.001	    0.001	  0.000%	 81.526%	     0.000	        1	Delegate/Binary Elementwise (ND):830
	                          Copy (NC, X32)	    0.000	    0.000	  0.000%	 81.526%	     0.000	        1	Delegate/Copy (NC, X32):831
	                 Binary Elementwise (ND)	    0.129	    0.106	  0.002%	 81.528%	     0.000	        1	Delegate/Binary Elementwise (ND):832
	                 Binary Elementwise (ND)	    0.085	    0.098	  0.001%	 81.529%	     0.000	        1	Delegate/Binary Elementwise (ND):833
	                           Sum (ND) Mean	    0.075	    0.076	  0.001%	 81.530%	     0.000	        1	Delegate/Sum (ND) Mean:834
	                 Binary Elementwise (ND)	    0.000	    0.000	  0.000%	 81.530%	     0.000	        1	Delegate/Binary Elementwise (ND):835
	                 Binary Elementwise (ND)	    0.001	    0.001	  0.000%	 81.530%	     0.000	        1	Delegate/Binary Elementwise (ND):836
	                          Copy (NC, X32)	    0.000	    0.000	  0.000%	 81.530%	     0.000	        1	Delegate/Copy (NC, X32):837
	                  Unary Elementwise (NC)	    0.003	    0.002	  0.000%	 81.530%	     0.000	        1	Delegate/Unary Elementwise (NC):838
	                 Binary Elementwise (ND)	    0.073	    0.081	  0.001%	 81.531%	     0.000	        1	Delegate/Binary Elementwise (ND):839
	                 Binary Elementwise (ND)	    0.098	    0.100	  0.001%	 81.533%	     0.000	        1	Delegate/Binary Elementwise (ND):840
	                 Binary Elementwise (ND)	    0.099	    0.101	  0.001%	 81.534%	     0.000	        1	Delegate/Binary Elementwise (ND):841
	                          Copy (NC, X32)	    0.080	    0.082	  0.001%	 81.535%	     0.000	        1	Delegate/Copy (NC, X32):842
	                          Copy (NC, X32)	    1.725	    1.756	  0.025%	 81.561%	     0.000	        1	Delegate/Copy (NC, X32):843
	                 Binary Elementwise (ND)	    0.925	    0.974	  0.014%	 81.575%	     0.000	        1	Delegate/Binary Elementwise (ND):844
	                         Slice (ND, X32)	    0.324	    0.332	  0.005%	 81.579%	     0.000	        1	Delegate/Slice (ND, X32):845
	          Fully Connected (NC, F32) GEMM	    3.842	    3.885	  0.056%	 81.635%	     0.000	        1	Delegate/Fully Connected (NC, F32) GEMM:846
	                          Copy (NC, X32)	    1.045	    1.041	  0.015%	 81.650%	     0.000	        1	Delegate/Copy (NC, X32):847
	          Fully Connected (NC, F32) GEMM	   31.653	   32.571	  0.467%	 82.117%	     0.000	        1	Delegate/Fully Connected (NC, F32) GEMM:848
	          Fully Connected (NC, F32) GEMM	   30.221	   31.348	  0.449%	 82.566%	     0.000	        1	Delegate/Fully Connected (NC, F32) GEMM:849
	                          Copy (NC, X32)	    0.001	    0.002	  0.000%	 82.566%	     0.000	        1	Delegate/Copy (NC, X32):850
	                          Copy (NC, X32)	    0.000	    0.000	  0.000%	 82.566%	     0.000	        1	Delegate/Copy (NC, X32):851
	           Transpose (ND, X32) Transpose	    1.453	    1.547	  0.022%	 82.588%	     0.000	        1	Delegate/Transpose (ND, X32) Transpose:852
	                          Copy (NC, X32)	    0.002	    0.001	  0.000%	 82.588%	     0.000	        1	Delegate/Copy (NC, X32):853
	                          Copy (NC, X32)	    0.000	    0.000	  0.000%	 82.588%	     0.000	        1	Delegate/Copy (NC, X32):854
	           Transpose (ND, X32) Transpose	    1.647	    1.691	  0.024%	 82.613%	     0.000	        1	Delegate/Transpose (ND, X32) Transpose:855
	                          Copy (NC, X32)	    0.000	    0.001	  0.000%	 82.613%	     0.000	        1	Delegate/Copy (NC, X32):856
	    Batch Matrix Multiply (NC, F32) GEMM	    2.497	    2.587	  0.037%	 82.650%	     0.000	        1	Delegate/Batch Matrix Multiply (NC, F32) GEMM:857
	                 Binary Elementwise (ND)	    0.086	    0.068	  0.001%	 82.651%	     0.000	        1	Delegate/Binary Elementwise (ND):858
	                       Softmax (NC, F32)	    0.542	    0.553	  0.008%	 82.659%	     0.000	        1	Delegate/Softmax (NC, F32):859
	    Batch Matrix Multiply (NC, F32) GEMM	    5.029	    5.237	  0.075%	 82.734%	     0.000	        1	Delegate/Batch Matrix Multiply (NC, F32) GEMM:860
	                          Copy (NC, X32)	    0.001	    0.001	  0.000%	 82.734%	     0.000	        1	Delegate/Copy (NC, X32):861
	          Fully Connected (NC, F32) GEMM	    3.649	    3.764	  0.054%	 82.788%	     0.000	        1	Delegate/Fully Connected (NC, F32) GEMM:862
	                          Copy (NC, X32)	    0.000	    0.000	  0.000%	 82.788%	     0.000	        1	Delegate/Copy (NC, X32):863
	                 Binary Elementwise (ND)	    0.172	    0.192	  0.003%	 82.790%	     0.000	        1	Delegate/Binary Elementwise (ND):864
	                           Sum (ND) Mean	    0.090	    0.095	  0.001%	 82.792%	     0.000	        1	Delegate/Sum (ND) Mean:865
	                 Binary Elementwise (ND)	    0.001	    0.001	  0.000%	 82.792%	     0.000	        1	Delegate/Binary Elementwise (ND):866
	                          Copy (NC, X32)	    0.000	    0.000	  0.000%	 82.792%	     0.000	        1	Delegate/Copy (NC, X32):867
	                 Binary Elementwise (ND)	    0.101	    0.105	  0.002%	 82.793%	     0.000	        1	Delegate/Binary Elementwise (ND):868
	                 Binary Elementwise (ND)	    0.093	    0.095	  0.001%	 82.795%	     0.000	        1	Delegate/Binary Elementwise (ND):869
	                           Sum (ND) Mean	    0.072	    0.075	  0.001%	 82.796%	     0.000	        1	Delegate/Sum (ND) Mean:870
	                 Binary Elementwise (ND)	    0.000	    0.000	  0.000%	 82.796%	     0.000	        1	Delegate/Binary Elementwise (ND):871
	                 Binary Elementwise (ND)	    0.001	    0.001	  0.000%	 82.796%	     0.000	        1	Delegate/Binary Elementwise (ND):872
	                          Copy (NC, X32)	    0.000	    0.000	  0.000%	 82.796%	     0.000	        1	Delegate/Copy (NC, X32):873
	                  Unary Elementwise (NC)	    0.002	    0.002	  0.000%	 82.796%	     0.000	        1	Delegate/Unary Elementwise (NC):874
	                 Binary Elementwise (ND)	    0.079	    0.083	  0.001%	 82.797%	     0.000	        1	Delegate/Binary Elementwise (ND):875
	                 Binary Elementwise (ND)	    0.089	    0.094	  0.001%	 82.798%	     0.000	        1	Delegate/Binary Elementwise (ND):876
	                 Binary Elementwise (ND)	    0.097	    0.097	  0.001%	 82.800%	     0.000	        1	Delegate/Binary Elementwise (ND):877
	          Fully Connected (NC, F32) GEMM	   29.430	   30.485	  0.437%	 83.237%	     0.000	        1	Delegate/Fully Connected (NC, F32) GEMM:878
	                         Slice (ND, X32)	    0.920	    0.959	  0.014%	 83.250%	     0.000	        1	Delegate/Slice (ND, X32):879
	                         Slice (ND, X32)	    0.837	    0.901	  0.013%	 83.263%	     0.000	        1	Delegate/Slice (ND, X32):880
	                  Unary Elementwise (NC)	    2.603	    2.704	  0.039%	 83.302%	     0.000	        1	Delegate/Unary Elementwise (NC):881
	                 Binary Elementwise (ND)	    0.729	    0.764	  0.011%	 83.313%	     0.000	        1	Delegate/Binary Elementwise (ND):882
	                          Copy (NC, X32)	    0.000	    0.000	  0.000%	 83.313%	     0.000	        1	Delegate/Copy (NC, X32):883
	          Fully Connected (NC, F32) GEMM	   14.216	   14.748	  0.211%	 83.525%	     0.000	        1	Delegate/Fully Connected (NC, F32) GEMM:884
	                          Copy (NC, X32)	    0.000	    0.001	  0.000%	 83.525%	     0.000	        1	Delegate/Copy (NC, X32):885
	                 Binary Elementwise (ND)	    0.188	    0.200	  0.003%	 83.527%	     0.000	        1	Delegate/Binary Elementwise (ND):886
	          Fully Connected (NC, F32) GEMM	    3.564	    3.702	  0.053%	 83.580%	     0.000	        1	Delegate/Fully Connected (NC, F32) GEMM:887
	                          Copy (NC, X32)	    0.001	    0.001	  0.000%	 83.580%	     0.000	        1	Delegate/Copy (NC, X32):888
	                 Binary Elementwise (ND)	    0.199	    0.207	  0.003%	 83.583%	     0.000	        1	Delegate/Binary Elementwise (ND):889
	           Transpose (ND, X32) Transpose	    0.166	    0.173	  0.002%	 83.586%	     0.000	        1	Delegate/Transpose (ND, X32) Transpose:890
	                          Copy (NC, X32)	    0.042	    0.044	  0.001%	 83.587%	     0.000	        1	Delegate/Copy (NC, X32):891
	                           Sum (ND) Mean	    0.035	    0.031	  0.000%	 83.587%	     0.000	        1	Delegate/Sum (ND) Mean:892
	                 Binary Elementwise (ND)	    0.001	    0.001	  0.000%	 83.587%	     0.000	        1	Delegate/Binary Elementwise (ND):893
	                          Copy (NC, X32)	    0.000	    0.000	  0.000%	 83.587%	     0.000	        1	Delegate/Copy (NC, X32):894
	                 Binary Elementwise (ND)	    0.033	    0.034	  0.000%	 83.588%	     0.000	        1	Delegate/Binary Elementwise (ND):895
	                 Binary Elementwise (ND)	    0.034	    0.035	  0.001%	 83.588%	     0.000	        1	Delegate/Binary Elementwise (ND):896
	                           Sum (ND) Mean	    0.023	    0.023	  0.000%	 83.588%	     0.000	        1	Delegate/Sum (ND) Mean:897
	                 Binary Elementwise (ND)	    0.000	    0.000	  0.000%	 83.588%	     0.000	        1	Delegate/Binary Elementwise (ND):898
	                 Binary Elementwise (ND)	    0.001	    0.001	  0.000%	 83.588%	     0.000	        1	Delegate/Binary Elementwise (ND):899
	                          Copy (NC, X32)	    0.000	    0.000	  0.000%	 83.588%	     0.000	        1	Delegate/Copy (NC, X32):900
	                  Unary Elementwise (NC)	    0.000	    0.000	  0.000%	 83.588%	     0.000	        1	Delegate/Unary Elementwise (NC):901
	                 Binary Elementwise (ND)	    0.032	    0.032	  0.000%	 83.589%	     0.000	        1	Delegate/Binary Elementwise (ND):902
	                          Copy (NC, X32)	    0.000	    0.000	  0.000%	 83.589%	     0.000	        1	Delegate/Copy (NC, X32):903
	                 Binary Elementwise (ND)	    0.033	    0.033	  0.000%	 83.589%	     0.000	        1	Delegate/Binary Elementwise (ND):904
	                 Binary Elementwise (ND)	    0.031	    0.032	  0.000%	 83.590%	     0.000	        1	Delegate/Binary Elementwise (ND):905
	           Transpose (ND, X32) Transpose	    0.064	    0.069	  0.001%	 83.591%	     0.000	        1	Delegate/Transpose (ND, X32) Transpose:906
	                          Copy (NC, X32)	    0.000	    0.000	  0.000%	 83.591%	     0.000	        1	Delegate/Copy (NC, X32):907
	          Fully Connected (NC, F32) GEMM	    3.603	    3.722	  0.053%	 83.644%	     0.000	        1	Delegate/Fully Connected (NC, F32) GEMM:908
	                           Sum (ND) Mean	    0.024	    0.025	  0.000%	 83.644%	     0.000	        1	Delegate/Sum (ND) Mean:909
	                 Binary Elementwise (ND)	    0.000	    0.001	  0.000%	 83.644%	     0.000	        1	Delegate/Binary Elementwise (ND):910
	                          Copy (NC, X32)	    0.000	    0.000	  0.000%	 83.644%	     0.000	        1	Delegate/Copy (NC, X32):911
	                 Binary Elementwise (ND)	    0.029	    0.030	  0.000%	 83.645%	     0.000	        1	Delegate/Binary Elementwise (ND):912
	                 Binary Elementwise (ND)	    0.035	    0.037	  0.001%	 83.645%	     0.000	        1	Delegate/Binary Elementwise (ND):913
	                           Sum (ND) Mean	    0.031	    0.035	  0.001%	 83.646%	     0.000	        1	Delegate/Sum (ND) Mean:914
	                 Binary Elementwise (ND)	    0.000	    0.000	  0.000%	 83.646%	     0.000	        1	Delegate/Binary Elementwise (ND):915
	                 Binary Elementwise (ND)	    0.001	    0.000	  0.000%	 83.646%	     0.000	        1	Delegate/Binary Elementwise (ND):916
	                          Copy (NC, X32)	    0.000	    0.000	  0.000%	 83.646%	     0.000	        1	Delegate/Copy (NC, X32):917
	                  Unary Elementwise (NC)	    0.000	    0.001	  0.000%	 83.646%	     0.000	        1	Delegate/Unary Elementwise (NC):918
	                 Binary Elementwise (ND)	    0.030	    0.032	  0.000%	 83.646%	     0.000	        1	Delegate/Binary Elementwise (ND):919
	                 Binary Elementwise (ND)	    0.043	    0.054	  0.001%	 83.647%	     0.000	        1	Delegate/Binary Elementwise (ND):920
	                 Binary Elementwise (ND)	    0.041	    0.043	  0.001%	 83.648%	     0.000	        1	Delegate/Binary Elementwise (ND):921
	                          Copy (NC, X32)	    0.040	    0.042	  0.001%	 83.648%	     0.000	        1	Delegate/Copy (NC, X32):922
	                          Copy (NC, X32)	    0.701	    0.771	  0.011%	 83.659%	     0.000	        1	Delegate/Copy (NC, X32):923
	                 Binary Elementwise (ND)	    0.481	    0.473	  0.007%	 83.666%	     0.000	        1	Delegate/Binary Elementwise (ND):924
	                         Slice (ND, X32)	    0.186	    0.215	  0.003%	 83.669%	     0.000	        1	Delegate/Slice (ND, X32):925
	          Fully Connected (NC, F32) GEMM	    3.652	    3.750	  0.054%	 83.723%	     0.000	        1	Delegate/Fully Connected (NC, F32) GEMM:926
	                          Copy (NC, X32)	    0.481	    0.533	  0.008%	 83.731%	     0.000	        1	Delegate/Copy (NC, X32):927
	          Fully Connected (NC, F32) GEMM	   31.129	   32.003	  0.459%	 84.189%	     0.000	        1	Delegate/Fully Connected (NC, F32) GEMM:928
	          Fully Connected (NC, F32) GEMM	   30.560	   31.377	  0.450%	 84.639%	     0.000	        1	Delegate/Fully Connected (NC, F32) GEMM:929
	                          Copy (NC, X32)	    0.001	    0.001	  0.000%	 84.639%	     0.000	        1	Delegate/Copy (NC, X32):930
	                          Copy (NC, X32)	    0.000	    0.000	  0.000%	 84.639%	     0.000	        1	Delegate/Copy (NC, X32):931
	           Transpose (ND, X32) Transpose	    0.626	    0.638	  0.009%	 84.648%	     0.000	        1	Delegate/Transpose (ND, X32) Transpose:932
	                          Copy (NC, X32)	    0.001	    0.001	  0.000%	 84.648%	     0.000	        1	Delegate/Copy (NC, X32):933
	                          Copy (NC, X32)	    0.000	    0.000	  0.000%	 84.648%	     0.000	        1	Delegate/Copy (NC, X32):934
	           Transpose (ND, X32) Transpose	    0.643	    0.677	  0.010%	 84.658%	     0.000	        1	Delegate/Transpose (ND, X32) Transpose:935
	                          Copy (NC, X32)	    0.001	    0.001	  0.000%	 84.658%	     0.000	        1	Delegate/Copy (NC, X32):936
	    Batch Matrix Multiply (NC, F32) GEMM	    1.174	    1.171	  0.017%	 84.675%	     0.000	        1	Delegate/Batch Matrix Multiply (NC, F32) GEMM:937
	                 Binary Elementwise (ND)	    0.015	    0.015	  0.000%	 84.675%	     0.000	        1	Delegate/Binary Elementwise (ND):938
	                       Softmax (NC, F32)	    0.138	    0.144	  0.002%	 84.677%	     0.000	        1	Delegate/Softmax (NC, F32):939
	    Batch Matrix Multiply (NC, F32) GEMM	    2.134	    2.299	  0.033%	 84.710%	     0.000	        1	Delegate/Batch Matrix Multiply (NC, F32) GEMM:940
	                          Copy (NC, X32)	    0.000	    0.000	  0.000%	 84.710%	     0.000	        1	Delegate/Copy (NC, X32):941
	          Fully Connected (NC, F32) GEMM	    3.630	    3.693	  0.053%	 84.763%	     0.000	        1	Delegate/Fully Connected (NC, F32) GEMM:942
	                          Copy (NC, X32)	    0.000	    0.000	  0.000%	 84.763%	     0.000	        1	Delegate/Copy (NC, X32):943
	                 Binary Elementwise (ND)	    0.080	    0.083	  0.001%	 84.764%	     0.000	        1	Delegate/Binary Elementwise (ND):944
	                           Sum (ND) Mean	    0.031	    0.032	  0.000%	 84.765%	     0.000	        1	Delegate/Sum (ND) Mean:945
	                 Binary Elementwise (ND)	    0.001	    0.001	  0.000%	 84.765%	     0.000	        1	Delegate/Binary Elementwise (ND):946
	                          Copy (NC, X32)	    0.000	    0.000	  0.000%	 84.765%	     0.000	        1	Delegate/Copy (NC, X32):947
	                 Binary Elementwise (ND)	    0.036	    0.038	  0.001%	 84.765%	     0.000	        1	Delegate/Binary Elementwise (ND):948
	                 Binary Elementwise (ND)	    0.054	    0.057	  0.001%	 84.766%	     0.000	        1	Delegate/Binary Elementwise (ND):949
	                           Sum (ND) Mean	    0.042	    0.044	  0.001%	 84.767%	     0.000	        1	Delegate/Sum (ND) Mean:950
	                 Binary Elementwise (ND)	    0.000	    0.000	  0.000%	 84.767%	     0.000	        1	Delegate/Binary Elementwise (ND):951
	                 Binary Elementwise (ND)	    0.001	    0.001	  0.000%	 84.767%	     0.000	        1	Delegate/Binary Elementwise (ND):952
	                          Copy (NC, X32)	    0.000	    0.000	  0.000%	 84.767%	     0.000	        1	Delegate/Copy (NC, X32):953
	                  Unary Elementwise (NC)	    0.001	    0.001	  0.000%	 84.767%	     0.000	        1	Delegate/Unary Elementwise (NC):954
	                 Binary Elementwise (ND)	    0.044	    0.051	  0.001%	 84.768%	     0.000	        1	Delegate/Binary Elementwise (ND):955
	                 Binary Elementwise (ND)	    0.045	    0.049	  0.001%	 84.768%	     0.000	        1	Delegate/Binary Elementwise (ND):956
	                 Binary Elementwise (ND)	    0.044	    0.046	  0.001%	 84.769%	     0.000	        1	Delegate/Binary Elementwise (ND):957
	                          Copy (NC, X32)	    0.041	    0.043	  0.001%	 84.770%	     0.000	        1	Delegate/Copy (NC, X32):958
	                          Copy (NC, X32)	    0.660	    0.700	  0.010%	 84.780%	     0.000	        1	Delegate/Copy (NC, X32):959
	                 Binary Elementwise (ND)	    0.448	    0.449	  0.006%	 84.786%	     0.000	        1	Delegate/Binary Elementwise (ND):960
	                         Slice (ND, X32)	    0.203	    0.216	  0.003%	 84.789%	     0.000	        1	Delegate/Slice (ND, X32):961
	          Fully Connected (NC, F32) GEMM	    3.607	    3.708	  0.053%	 84.842%	     0.000	        1	Delegate/Fully Connected (NC, F32) GEMM:962
	                          Copy (NC, X32)	    0.488	    0.518	  0.007%	 84.850%	     0.000	        1	Delegate/Copy (NC, X32):963
	          Fully Connected (NC, F32) GEMM	   31.134	   31.677	  0.454%	 85.304%	     0.000	        1	Delegate/Fully Connected (NC, F32) GEMM:964
	          Fully Connected (NC, F32) GEMM	   30.558	   31.246	  0.448%	 85.752%	     0.000	        1	Delegate/Fully Connected (NC, F32) GEMM:965
	                          Copy (NC, X32)	    0.001	    0.001	  0.000%	 85.752%	     0.000	        1	Delegate/Copy (NC, X32):966
	                          Copy (NC, X32)	    0.000	    0.000	  0.000%	 85.752%	     0.000	        1	Delegate/Copy (NC, X32):967
	           Transpose (ND, X32) Transpose	    0.601	    0.632	  0.009%	 85.761%	     0.000	        1	Delegate/Transpose (ND, X32) Transpose:968
	                          Copy (NC, X32)	    0.001	    0.001	  0.000%	 85.761%	     0.000	        1	Delegate/Copy (NC, X32):969
	                          Copy (NC, X32)	    0.000	    0.000	  0.000%	 85.761%	     0.000	        1	Delegate/Copy (NC, X32):970
	           Transpose (ND, X32) Transpose	    0.653	    0.677	  0.010%	 85.770%	     0.000	        1	Delegate/Transpose (ND, X32) Transpose:971
	                          Copy (NC, X32)	    0.001	    0.000	  0.000%	 85.770%	     0.000	        1	Delegate/Copy (NC, X32):972
	    Batch Matrix Multiply (NC, F32) GEMM	    1.189	    1.169	  0.017%	 85.787%	     0.000	        1	Delegate/Batch Matrix Multiply (NC, F32) GEMM:973
	                 Binary Elementwise (ND)	    0.014	    0.015	  0.000%	 85.787%	     0.000	        1	Delegate/Binary Elementwise (ND):974
	                       Softmax (NC, F32)	    0.137	    0.140	  0.002%	 85.789%	     0.000	        1	Delegate/Softmax (NC, F32):975
	    Batch Matrix Multiply (NC, F32) GEMM	    2.114	    2.277	  0.033%	 85.822%	     0.000	        1	Delegate/Batch Matrix Multiply (NC, F32) GEMM:976
	                          Copy (NC, X32)	    0.001	    0.001	  0.000%	 85.822%	     0.000	        1	Delegate/Copy (NC, X32):977
	          Fully Connected (NC, F32) GEMM	    3.607	    3.738	  0.054%	 85.876%	     0.000	        1	Delegate/Fully Connected (NC, F32) GEMM:978
	                          Copy (NC, X32)	    0.000	    0.000	  0.000%	 85.876%	     0.000	        1	Delegate/Copy (NC, X32):979
	                 Binary Elementwise (ND)	    0.083	    0.085	  0.001%	 85.877%	     0.000	        1	Delegate/Binary Elementwise (ND):980
	                           Sum (ND) Mean	    0.033	    0.034	  0.000%	 85.877%	     0.000	        1	Delegate/Sum (ND) Mean:981
	                 Binary Elementwise (ND)	    0.001	    0.001	  0.000%	 85.877%	     0.000	        1	Delegate/Binary Elementwise (ND):982
	                          Copy (NC, X32)	    0.000	    0.000	  0.000%	 85.877%	     0.000	        1	Delegate/Copy (NC, X32):983
	                 Binary Elementwise (ND)	    0.031	    0.032	  0.000%	 85.878%	     0.000	        1	Delegate/Binary Elementwise (ND):984
	                 Binary Elementwise (ND)	    0.043	    0.043	  0.001%	 85.878%	     0.000	        1	Delegate/Binary Elementwise (ND):985
	                           Sum (ND) Mean	    0.035	    0.034	  0.000%	 85.879%	     0.000	        1	Delegate/Sum (ND) Mean:986
	                 Binary Elementwise (ND)	    0.000	    0.000	  0.000%	 85.879%	     0.000	        1	Delegate/Binary Elementwise (ND):987
	                 Binary Elementwise (ND)	    0.001	    0.001	  0.000%	 85.879%	     0.000	        1	Delegate/Binary Elementwise (ND):988
	                          Copy (NC, X32)	    0.000	    0.000	  0.000%	 85.879%	     0.000	        1	Delegate/Copy (NC, X32):989
	                  Unary Elementwise (NC)	    0.001	    0.001	  0.000%	 85.879%	     0.000	        1	Delegate/Unary Elementwise (NC):990
	                 Binary Elementwise (ND)	    0.039	    0.039	  0.001%	 85.880%	     0.000	        1	Delegate/Binary Elementwise (ND):991
	                 Binary Elementwise (ND)	    0.046	    0.049	  0.001%	 85.880%	     0.000	        1	Delegate/Binary Elementwise (ND):992
	                 Binary Elementwise (ND)	    0.043	    0.044	  0.001%	 85.881%	     0.000	        1	Delegate/Binary Elementwise (ND):993
	          Fully Connected (NC, F32) GEMM	   29.128	   29.629	  0.425%	 86.306%	     0.000	        1	Delegate/Fully Connected (NC, F32) GEMM:994
	                         Slice (ND, X32)	    0.414	    0.442	  0.006%	 86.312%	     0.000	        1	Delegate/Slice (ND, X32):995
	                         Slice (ND, X32)	    0.348	    0.373	  0.005%	 86.317%	     0.000	        1	Delegate/Slice (ND, X32):996
	                  Unary Elementwise (NC)	    1.338	    1.369	  0.020%	 86.337%	     0.000	        1	Delegate/Unary Elementwise (NC):997
	                 Binary Elementwise (ND)	    0.333	    0.350	  0.005%	 86.342%	     0.000	        1	Delegate/Binary Elementwise (ND):998
	                          Copy (NC, X32)	    0.000	    0.000	  0.000%	 86.342%	     0.000	        1	Delegate/Copy (NC, X32):999
	          Fully Connected (NC, F32) GEMM	   14.592	   14.825	  0.213%	 86.554%	     0.000	        1	Delegate/Fully Connected (NC, F32) GEMM:1000
	                          Copy (NC, X32)	    0.000	    0.001	  0.000%	 86.554%	     0.000	        1	Delegate/Copy (NC, X32):1001
	                 Binary Elementwise (ND)	    0.098	    0.104	  0.001%	 86.556%	     0.000	        1	Delegate/Binary Elementwise (ND):1002
	          Fully Connected (NC, F32) GEMM	    3.610	    3.679	  0.053%	 86.609%	     0.000	        1	Delegate/Fully Connected (NC, F32) GEMM:1003
	                          Copy (NC, X32)	    0.000	    0.000	  0.000%	 86.609%	     0.000	        1	Delegate/Copy (NC, X32):1004
	                 Binary Elementwise (ND)	    0.070	    0.075	  0.001%	 86.610%	     0.000	        1	Delegate/Binary Elementwise (ND):1005
	           Convolution (NHWC, F32) IGEMM	   40.379	   41.090	  0.589%	 87.199%	     0.000	        1	Delegate/Convolution (NHWC, F32) IGEMM:1006
	           Convolution (NHWC, F32) IGEMM	   20.781	   21.141	  0.303%	 87.502%	     0.000	        1	Delegate/Convolution (NHWC, F32) IGEMM:1007
	           Convolution (NHWC, F32) IGEMM	   10.544	   10.752	  0.154%	 87.656%	     0.000	        1	Delegate/Convolution (NHWC, F32) IGEMM:1008
	           Convolution (NHWC, F32) IGEMM	    5.446	    5.511	  0.079%	 87.735%	     0.000	        1	Delegate/Convolution (NHWC, F32) IGEMM:1009
	                  Unary Elementwise (NC)	    0.009	    0.010	  0.000%	 87.735%	     0.000	        1	Delegate/Unary Elementwise (NC):1010
	           Convolution (NHWC, F32) IGEMM	    0.868	    0.870	  0.012%	 87.748%	     0.000	        1	Delegate/Convolution (NHWC, F32) IGEMM:1011
	           Convolution (NHWC, F32) IGEMM	    0.876	    0.877	  0.013%	 87.760%	     0.000	        1	Delegate/Convolution (NHWC, F32) IGEMM:1012
	                 Binary Elementwise (ND)	    0.008	    0.009	  0.000%	 87.760%	     0.000	        1	Delegate/Binary Elementwise (ND):1013
	             Resize Bilinear (NHWC, F32)	    0.058	    0.059	  0.001%	 87.761%	     0.000	        1	Delegate/Resize Bilinear (NHWC, F32):1014
	          Fully Connected (NC, F32) GEMM	    0.405	    0.399	  0.006%	 87.767%	     0.000	        1	Delegate/Fully Connected (NC, F32) GEMM:1015
	           Transpose (ND, X32) Transpose	    0.070	    0.067	  0.001%	 87.768%	     0.000	        1	Delegate/Transpose (ND, X32) Transpose:1016
	                          Copy (NC, X32)	    0.028	    0.028	  0.000%	 87.768%	     0.000	        1	Delegate/Copy (NC, X32):1017
	                           Sum (ND) Mean	    0.018	    0.017	  0.000%	 87.769%	     0.000	        1	Delegate/Sum (ND) Mean:1018
	                 Binary Elementwise (ND)	    0.001	    0.001	  0.000%	 87.769%	     0.000	        1	Delegate/Binary Elementwise (ND):1019
	                          Copy (NC, X32)	    0.000	    0.000	  0.000%	 87.769%	     0.000	        1	Delegate/Copy (NC, X32):1020
	                 Binary Elementwise (ND)	    0.018	    0.018	  0.000%	 87.769%	     0.000	        1	Delegate/Binary Elementwise (ND):1021
	                 Binary Elementwise (ND)	    0.021	    0.021	  0.000%	 87.769%	     0.000	        1	Delegate/Binary Elementwise (ND):1022
	                           Sum (ND) Mean	    0.014	    0.014	  0.000%	 87.769%	     0.000	        1	Delegate/Sum (ND) Mean:1023
	                 Binary Elementwise (ND)	    0.000	    0.000	  0.000%	 87.769%	     0.000	        1	Delegate/Binary Elementwise (ND):1024
	                 Binary Elementwise (ND)	    0.000	    0.000	  0.000%	 87.769%	     0.000	        1	Delegate/Binary Elementwise (ND):1025
	                          Copy (NC, X32)	    0.000	    0.000	  0.000%	 87.769%	     0.000	        1	Delegate/Copy (NC, X32):1026
	                  Unary Elementwise (NC)	    0.000	    0.000	  0.000%	 87.769%	     0.000	        1	Delegate/Unary Elementwise (NC):1027
	                 Binary Elementwise (ND)	    0.019	    0.021	  0.000%	 87.770%	     0.000	        1	Delegate/Binary Elementwise (ND):1028
	                          Copy (NC, X32)	    0.000	    0.000	  0.000%	 87.770%	     0.000	        1	Delegate/Copy (NC, X32):1029
	                 Binary Elementwise (ND)	    0.019	    0.019	  0.000%	 87.770%	     0.000	        1	Delegate/Binary Elementwise (ND):1030
	                 Binary Elementwise (ND)	    0.018	    0.018	  0.000%	 87.770%	     0.000	        1	Delegate/Binary Elementwise (ND):1031
	           Transpose (ND, X32) Transpose	    0.037	    0.038	  0.001%	 87.771%	     0.000	        1	Delegate/Transpose (ND, X32) Transpose:1032
	                          Copy (NC, X32)	    0.000	    0.000	  0.000%	 87.771%	     0.000	        1	Delegate/Copy (NC, X32):1033
	          Fully Connected (NC, F32) GEMM	    0.387	    0.387	  0.006%	 87.776%	     0.000	        1	Delegate/Fully Connected (NC, F32) GEMM:1034
	                           Sum (ND) Mean	    0.026	    0.027	  0.000%	 87.777%	     0.000	        1	Delegate/Sum (ND) Mean:1035
	                 Binary Elementwise (ND)	    0.000	    0.000	  0.000%	 87.777%	     0.000	        1	Delegate/Binary Elementwise (ND):1036
	                          Copy (NC, X32)	    0.000	    0.000	  0.000%	 87.777%	     0.000	        1	Delegate/Copy (NC, X32):1037
	                 Binary Elementwise (ND)	    0.024	    0.025	  0.000%	 87.777%	     0.000	        1	Delegate/Binary Elementwise (ND):1038
	                 Binary Elementwise (ND)	    0.023	    0.024	  0.000%	 87.777%	     0.000	        1	Delegate/Binary Elementwise (ND):1039
	                           Sum (ND) Mean	    0.027	    0.027	  0.000%	 87.778%	     0.000	        1	Delegate/Sum (ND) Mean:1040
	                 Binary Elementwise (ND)	    0.000	    0.000	  0.000%	 87.778%	     0.000	        1	Delegate/Binary Elementwise (ND):1041
	                 Binary Elementwise (ND)	    0.001	    0.000	  0.000%	 87.778%	     0.000	        1	Delegate/Binary Elementwise (ND):1042
	                          Copy (NC, X32)	    0.000	    0.000	  0.000%	 87.778%	     0.000	        1	Delegate/Copy (NC, X32):1043
	                  Unary Elementwise (NC)	    0.002	    0.002	  0.000%	 87.778%	     0.000	        1	Delegate/Unary Elementwise (NC):1044
	                 Binary Elementwise (ND)	    0.026	    0.026	  0.000%	 87.778%	     0.000	        1	Delegate/Binary Elementwise (ND):1045
	                 Binary Elementwise (ND)	    0.029	    0.029	  0.000%	 87.779%	     0.000	        1	Delegate/Binary Elementwise (ND):1046
	                 Binary Elementwise (ND)	    0.032	    0.032	  0.000%	 87.779%	     0.000	        1	Delegate/Binary Elementwise (ND):1047
	                          Copy (NC, X32)	    0.020	    0.021	  0.000%	 87.779%	     0.000	        1	Delegate/Copy (NC, X32):1048
	                          Copy (NC, X32)	    0.348	    0.359	  0.005%	 87.784%	     0.000	        1	Delegate/Copy (NC, X32):1049
	                 Binary Elementwise (ND)	    0.329	    0.344	  0.005%	 87.789%	     0.000	        1	Delegate/Binary Elementwise (ND):1050
	                         Slice (ND, X32)	    0.080	    0.085	  0.001%	 87.791%	     0.000	        1	Delegate/Slice (ND, X32):1051
	          Fully Connected (NC, F32) GEMM	    0.386	    0.389	  0.006%	 87.796%	     0.000	        1	Delegate/Fully Connected (NC, F32) GEMM:1052
	                          Copy (NC, X32)	    0.315	    0.327	  0.005%	 87.801%	     0.000	        1	Delegate/Copy (NC, X32):1053
	          Fully Connected (NC, F32) GEMM	    3.187	    3.217	  0.046%	 87.847%	     0.000	        1	Delegate/Fully Connected (NC, F32) GEMM:1054
	          Fully Connected (NC, F32) GEMM	    3.254	    3.307	  0.047%	 87.894%	     0.000	        1	Delegate/Fully Connected (NC, F32) GEMM:1055
	                          Copy (NC, X32)	    0.000	    0.000	  0.000%	 87.894%	     0.000	        1	Delegate/Copy (NC, X32):1056
	                          Copy (NC, X32)	    0.000	    0.000	  0.000%	 87.894%	     0.000	        1	Delegate/Copy (NC, X32):1057
	           Transpose (ND, X32) Transpose	    0.572	    0.545	  0.008%	 87.902%	     0.000	        1	Delegate/Transpose (ND, X32) Transpose:1058
	                          Copy (NC, X32)	    0.000	    0.000	  0.000%	 87.902%	     0.000	        1	Delegate/Copy (NC, X32):1059
	                          Copy (NC, X32)	    0.000	    0.000	  0.000%	 87.902%	     0.000	        1	Delegate/Copy (NC, X32):1060
	           Transpose (ND, X32) Transpose	    0.590	    0.590	  0.008%	 87.911%	     0.000	        1	Delegate/Transpose (ND, X32) Transpose:1061
	                          Copy (NC, X32)	    0.000	    0.000	  0.000%	 87.911%	     0.000	        1	Delegate/Copy (NC, X32):1062
	    Batch Matrix Multiply (NC, F32) GEMM	    1.161	    1.147	  0.016%	 87.927%	     0.000	        1	Delegate/Batch Matrix Multiply (NC, F32) GEMM:1063
	                 Binary Elementwise (ND)	    0.043	    0.042	  0.001%	 87.928%	     0.000	        1	Delegate/Binary Elementwise (ND):1064
	                       Softmax (NC, F32)	    0.533	    0.546	  0.008%	 87.936%	     0.000	        1	Delegate/Softmax (NC, F32):1065
	    Batch Matrix Multiply (NC, F32) GEMM	    1.535	    1.545	  0.022%	 87.958%	     0.000	        1	Delegate/Batch Matrix Multiply (NC, F32) GEMM:1066
	                          Copy (NC, X32)	    0.000	    0.000	  0.000%	 87.958%	     0.000	        1	Delegate/Copy (NC, X32):1067
	          Fully Connected (NC, F32) GEMM	    0.385	    0.396	  0.006%	 87.963%	     0.000	        1	Delegate/Fully Connected (NC, F32) GEMM:1068
	                          Copy (NC, X32)	    0.000	    0.000	  0.000%	 87.963%	     0.000	        1	Delegate/Copy (NC, X32):1069
	                 Binary Elementwise (ND)	    0.047	    0.052	  0.001%	 87.964%	     0.000	        1	Delegate/Binary Elementwise (ND):1070
	                           Sum (ND) Mean	    0.029	    0.030	  0.000%	 87.965%	     0.000	        1	Delegate/Sum (ND) Mean:1071
	                 Binary Elementwise (ND)	    0.001	    0.001	  0.000%	 87.965%	     0.000	        1	Delegate/Binary Elementwise (ND):1072
	                          Copy (NC, X32)	    0.000	    0.000	  0.000%	 87.965%	     0.000	        1	Delegate/Copy (NC, X32):1073
	                 Binary Elementwise (ND)	    0.026	    0.032	  0.000%	 87.965%	     0.000	        1	Delegate/Binary Elementwise (ND):1074
	                 Binary Elementwise (ND)	    0.026	    0.029	  0.000%	 87.965%	     0.000	        1	Delegate/Binary Elementwise (ND):1075
	                           Sum (ND) Mean	    0.030	    0.035	  0.001%	 87.966%	     0.000	        1	Delegate/Sum (ND) Mean:1076
	                 Binary Elementwise (ND)	    0.000	    0.000	  0.000%	 87.966%	     0.000	        1	Delegate/Binary Elementwise (ND):1077
	                 Binary Elementwise (ND)	    0.001	    0.001	  0.000%	 87.966%	     0.000	        1	Delegate/Binary Elementwise (ND):1078
	                          Copy (NC, X32)	    0.000	    0.000	  0.000%	 87.966%	     0.000	        1	Delegate/Copy (NC, X32):1079
	                  Unary Elementwise (NC)	    0.002	    0.002	  0.000%	 87.966%	     0.000	        1	Delegate/Unary Elementwise (NC):1080
	                 Binary Elementwise (ND)	    0.026	    0.029	  0.000%	 87.966%	     0.000	        1	Delegate/Binary Elementwise (ND):1081
	                 Binary Elementwise (ND)	    0.032	    0.033	  0.000%	 87.967%	     0.000	        1	Delegate/Binary Elementwise (ND):1082
	                 Binary Elementwise (ND)	    0.032	    0.032	  0.000%	 87.967%	     0.000	        1	Delegate/Binary Elementwise (ND):1083
	                          Copy (NC, X32)	    0.022	    0.023	  0.000%	 87.968%	     0.000	        1	Delegate/Copy (NC, X32):1084
	                          Copy (NC, X32)	    0.330	    0.345	  0.005%	 87.973%	     0.000	        1	Delegate/Copy (NC, X32):1085
	                 Binary Elementwise (ND)	    0.310	    0.320	  0.005%	 87.977%	     0.000	        1	Delegate/Binary Elementwise (ND):1086
	                         Slice (ND, X32)	    0.073	    0.074	  0.001%	 87.978%	     0.000	        1	Delegate/Slice (ND, X32):1087
	          Fully Connected (NC, F32) GEMM	    0.386	    0.397	  0.006%	 87.984%	     0.000	        1	Delegate/Fully Connected (NC, F32) GEMM:1088
	                          Copy (NC, X32)	    0.294	    0.302	  0.004%	 87.988%	     0.000	        1	Delegate/Copy (NC, X32):1089
	          Fully Connected (NC, F32) GEMM	    3.178	    3.262	  0.047%	 88.035%	     0.000	        1	Delegate/Fully Connected (NC, F32) GEMM:1090
	          Fully Connected (NC, F32) GEMM	    3.240	    3.305	  0.047%	 88.082%	     0.000	        1	Delegate/Fully Connected (NC, F32) GEMM:1091
	                          Copy (NC, X32)	    0.000	    0.000	  0.000%	 88.082%	     0.000	        1	Delegate/Copy (NC, X32):1092
	                          Copy (NC, X32)	    0.000	    0.000	  0.000%	 88.082%	     0.000	        1	Delegate/Copy (NC, X32):1093
	           Transpose (ND, X32) Transpose	    0.556	    0.586	  0.008%	 88.091%	     0.000	        1	Delegate/Transpose (ND, X32) Transpose:1094
	                          Copy (NC, X32)	    0.000	    0.000	  0.000%	 88.091%	     0.000	        1	Delegate/Copy (NC, X32):1095
	                          Copy (NC, X32)	    0.000	    0.000	  0.000%	 88.091%	     0.000	        1	Delegate/Copy (NC, X32):1096
	           Transpose (ND, X32) Transpose	    0.503	    0.527	  0.008%	 88.098%	     0.000	        1	Delegate/Transpose (ND, X32) Transpose:1097
	                          Copy (NC, X32)	    0.000	    0.000	  0.000%	 88.098%	     0.000	        1	Delegate/Copy (NC, X32):1098
	    Batch Matrix Multiply (NC, F32) GEMM	    1.175	    1.192	  0.017%	 88.115%	     0.000	        1	Delegate/Batch Matrix Multiply (NC, F32) GEMM:1099
	                 Binary Elementwise (ND)	    0.049	    0.051	  0.001%	 88.116%	     0.000	        1	Delegate/Binary Elementwise (ND):1100
	                       Softmax (NC, F32)	    0.533	    0.548	  0.008%	 88.124%	     0.000	        1	Delegate/Softmax (NC, F32):1101
	    Batch Matrix Multiply (NC, F32) GEMM	    1.506	    1.588	  0.023%	 88.147%	     0.000	        1	Delegate/Batch Matrix Multiply (NC, F32) GEMM:1102
	                          Copy (NC, X32)	    0.000	    0.001	  0.000%	 88.147%	     0.000	        1	Delegate/Copy (NC, X32):1103
	          Fully Connected (NC, F32) GEMM	    0.389	    0.395	  0.006%	 88.152%	     0.000	        1	Delegate/Fully Connected (NC, F32) GEMM:1104
	                          Copy (NC, X32)	    0.000	    0.000	  0.000%	 88.152%	     0.000	        1	Delegate/Copy (NC, X32):1105
	                 Binary Elementwise (ND)	    0.059	    0.061	  0.001%	 88.153%	     0.000	        1	Delegate/Binary Elementwise (ND):1106
	                           Sum (ND) Mean	    0.033	    0.033	  0.000%	 88.154%	     0.000	        1	Delegate/Sum (ND) Mean:1107
	                 Binary Elementwise (ND)	    0.001	    0.001	  0.000%	 88.154%	     0.000	        1	Delegate/Binary Elementwise (ND):1108
	                          Copy (NC, X32)	    0.000	    0.000	  0.000%	 88.154%	     0.000	        1	Delegate/Copy (NC, X32):1109
	                 Binary Elementwise (ND)	    0.027	    0.028	  0.000%	 88.154%	     0.000	        1	Delegate/Binary Elementwise (ND):1110
	                 Binary Elementwise (ND)	    0.030	    0.029	  0.000%	 88.155%	     0.000	        1	Delegate/Binary Elementwise (ND):1111
	                           Sum (ND) Mean	    0.032	    0.034	  0.000%	 88.155%	     0.000	        1	Delegate/Sum (ND) Mean:1112
	                 Binary Elementwise (ND)	    0.000	    0.000	  0.000%	 88.155%	     0.000	        1	Delegate/Binary Elementwise (ND):1113
	                 Binary Elementwise (ND)	    0.001	    0.001	  0.000%	 88.155%	     0.000	        1	Delegate/Binary Elementwise (ND):1114
	                          Copy (NC, X32)	    0.000	    0.000	  0.000%	 88.155%	     0.000	        1	Delegate/Copy (NC, X32):1115
	                  Unary Elementwise (NC)	    0.002	    0.002	  0.000%	 88.155%	     0.000	        1	Delegate/Unary Elementwise (NC):1116
	                 Binary Elementwise (ND)	    0.026	    0.028	  0.000%	 88.156%	     0.000	        1	Delegate/Binary Elementwise (ND):1117
	                 Binary Elementwise (ND)	    0.030	    0.031	  0.000%	 88.156%	     0.000	        1	Delegate/Binary Elementwise (ND):1118
	                 Binary Elementwise (ND)	    0.032	    0.032	  0.000%	 88.157%	     0.000	        1	Delegate/Binary Elementwise (ND):1119
	          Fully Connected (NC, F32) GEMM	    3.158	    3.201	  0.046%	 88.202%	     0.000	        1	Delegate/Fully Connected (NC, F32) GEMM:1120
	                         Slice (ND, X32)	    0.227	    0.228	  0.003%	 88.206%	     0.000	        1	Delegate/Slice (ND, X32):1121
	                         Slice (ND, X32)	    0.217	    0.224	  0.003%	 88.209%	     0.000	        1	Delegate/Slice (ND, X32):1122
	                  Unary Elementwise (NC)	    0.870	    0.886	  0.013%	 88.222%	     0.000	        1	Delegate/Unary Elementwise (NC):1123
	                 Binary Elementwise (ND)	    0.219	    0.235	  0.003%	 88.225%	     0.000	        1	Delegate/Binary Elementwise (ND):1124
	                          Copy (NC, X32)	    0.000	    0.000	  0.000%	 88.225%	     0.000	        1	Delegate/Copy (NC, X32):1125
	          Fully Connected (NC, F32) GEMM	    1.619	    1.641	  0.024%	 88.248%	     0.000	        1	Delegate/Fully Connected (NC, F32) GEMM:1126
	                          Copy (NC, X32)	    0.000	    0.000	  0.000%	 88.248%	     0.000	        1	Delegate/Copy (NC, X32):1127
	                 Binary Elementwise (ND)	    0.048	    0.050	  0.001%	 88.249%	     0.000	        1	Delegate/Binary Elementwise (ND):1128
	          Fully Connected (NC, F32) GEMM	    0.388	    0.397	  0.006%	 88.255%	     0.000	        1	Delegate/Fully Connected (NC, F32) GEMM:1129
	                          Copy (NC, X32)	    0.000	    0.000	  0.000%	 88.255%	     0.000	        1	Delegate/Copy (NC, X32):1130
	                 Binary Elementwise (ND)	    0.044	    0.050	  0.001%	 88.256%	     0.000	        1	Delegate/Binary Elementwise (ND):1131
	                  Unary Elementwise (NC)	    0.038	    0.043	  0.001%	 88.256%	     0.000	        1	Delegate/Unary Elementwise (NC):1132
	           Convolution (NHWC, F32) IGEMM	    3.385	    3.450	  0.049%	 88.306%	     0.000	        1	Delegate/Convolution (NHWC, F32) IGEMM:1133
	           Convolution (NHWC, F32) IGEMM	    3.395	    3.451	  0.049%	 88.355%	     0.000	        1	Delegate/Convolution (NHWC, F32) IGEMM:1134
	                 Binary Elementwise (ND)	    0.044	    0.047	  0.001%	 88.356%	     0.000	        1	Delegate/Binary Elementwise (ND):1135
	                 Binary Elementwise (ND)	    0.035	    0.040	  0.001%	 88.356%	     0.000	        1	Delegate/Binary Elementwise (ND):1136
	                  Unary Elementwise (NC)	    0.020	    0.023	  0.000%	 88.357%	     0.000	        1	Delegate/Unary Elementwise (NC):1137
	           Convolution (NHWC, F32) IGEMM	    3.378	    3.436	  0.049%	 88.406%	     0.000	        1	Delegate/Convolution (NHWC, F32) IGEMM:1138
	           Convolution (NHWC, F32) IGEMM	    3.363	    3.439	  0.049%	 88.455%	     0.000	        1	Delegate/Convolution (NHWC, F32) IGEMM:1139
	                 Binary Elementwise (ND)	    0.029	    0.033	  0.000%	 88.456%	     0.000	        1	Delegate/Binary Elementwise (ND):1140
	             Resize Bilinear (NHWC, F32)	    0.227	    0.234	  0.003%	 88.459%	     0.000	        1	Delegate/Resize Bilinear (NHWC, F32):1141
	          Fully Connected (NC, F32) GEMM	    1.616	    1.624	  0.023%	 88.482%	     0.000	        1	Delegate/Fully Connected (NC, F32) GEMM:1142
	           Transpose (ND, X32) Transpose	    0.315	    0.349	  0.005%	 88.487%	     0.000	        1	Delegate/Transpose (ND, X32) Transpose:1143
	                          Copy (NC, X32)	    0.121	    0.135	  0.002%	 88.489%	     0.000	        1	Delegate/Copy (NC, X32):1144
	                           Sum (ND) Mean	    0.122	    0.123	  0.002%	 88.491%	     0.000	        1	Delegate/Sum (ND) Mean:1145
	                 Binary Elementwise (ND)	    0.001	    0.001	  0.000%	 88.491%	     0.000	        1	Delegate/Binary Elementwise (ND):1146
	                          Copy (NC, X32)	    0.000	    0.000	  0.000%	 88.491%	     0.000	        1	Delegate/Copy (NC, X32):1147
	                 Binary Elementwise (ND)	    0.105	    0.113	  0.002%	 88.493%	     0.000	        1	Delegate/Binary Elementwise (ND):1148
	                 Binary Elementwise (ND)	    0.114	    0.122	  0.002%	 88.494%	     0.000	        1	Delegate/Binary Elementwise (ND):1149
	                           Sum (ND) Mean	    0.083	    0.091	  0.001%	 88.496%	     0.000	        1	Delegate/Sum (ND) Mean:1150
	                 Binary Elementwise (ND)	    0.000	    0.000	  0.000%	 88.496%	     0.000	        1	Delegate/Binary Elementwise (ND):1151
	                 Binary Elementwise (ND)	    0.001	    0.001	  0.000%	 88.496%	     0.000	        1	Delegate/Binary Elementwise (ND):1152
	                          Copy (NC, X32)	    0.000	    0.000	  0.000%	 88.496%	     0.000	        1	Delegate/Copy (NC, X32):1153
	                  Unary Elementwise (NC)	    0.000	    0.000	  0.000%	 88.496%	     0.000	        1	Delegate/Unary Elementwise (NC):1154
	                 Binary Elementwise (ND)	    0.101	    0.109	  0.002%	 88.497%	     0.000	        1	Delegate/Binary Elementwise (ND):1155
	                          Copy (NC, X32)	    0.000	    0.000	  0.000%	 88.497%	     0.000	        1	Delegate/Copy (NC, X32):1156
	                 Binary Elementwise (ND)	    0.081	    0.086	  0.001%	 88.499%	     0.000	        1	Delegate/Binary Elementwise (ND):1157
	                 Binary Elementwise (ND)	    0.069	    0.071	  0.001%	 88.500%	     0.000	        1	Delegate/Binary Elementwise (ND):1158
	           Transpose (ND, X32) Transpose	    0.241	    0.250	  0.004%	 88.503%	     0.000	        1	Delegate/Transpose (ND, X32) Transpose:1159
	                          Copy (NC, X32)	    0.000	    0.000	  0.000%	 88.503%	     0.000	        1	Delegate/Copy (NC, X32):1160
	          Fully Connected (NC, F32) GEMM	    1.574	    1.583	  0.023%	 88.526%	     0.000	        1	Delegate/Fully Connected (NC, F32) GEMM:1161
	                           Sum (ND) Mean	    0.133	    0.135	  0.002%	 88.528%	     0.000	        1	Delegate/Sum (ND) Mean:1162
	                 Binary Elementwise (ND)	    0.001	    0.004	  0.000%	 88.528%	     0.000	        1	Delegate/Binary Elementwise (ND):1163
	                          Copy (NC, X32)	    0.000	    0.000	  0.000%	 88.528%	     0.000	        1	Delegate/Copy (NC, X32):1164
	                 Binary Elementwise (ND)	    0.117	    0.125	  0.002%	 88.530%	     0.000	        1	Delegate/Binary Elementwise (ND):1165
	                 Binary Elementwise (ND)	    0.126	    0.132	  0.002%	 88.532%	     0.000	        1	Delegate/Binary Elementwise (ND):1166
	                           Sum (ND) Mean	    0.121	    0.127	  0.002%	 88.533%	     0.000	        1	Delegate/Sum (ND) Mean:1167
	                 Binary Elementwise (ND)	    0.001	    0.001	  0.000%	 88.533%	     0.000	        1	Delegate/Binary Elementwise (ND):1168
	                 Binary Elementwise (ND)	    0.002	    0.002	  0.000%	 88.533%	     0.000	        1	Delegate/Binary Elementwise (ND):1169
	                          Copy (NC, X32)	    0.000	    0.000	  0.000%	 88.533%	     0.000	        1	Delegate/Copy (NC, X32):1170
	                  Unary Elementwise (NC)	    0.009	    0.008	  0.000%	 88.534%	     0.000	        1	Delegate/Unary Elementwise (NC):1171
	                 Binary Elementwise (ND)	    0.119	    0.126	  0.002%	 88.535%	     0.000	        1	Delegate/Binary Elementwise (ND):1172
	                 Binary Elementwise (ND)	    0.134	    0.141	  0.002%	 88.537%	     0.000	        1	Delegate/Binary Elementwise (ND):1173
	                 Binary Elementwise (ND)	    0.140	    0.139	  0.002%	 88.539%	     0.000	        1	Delegate/Binary Elementwise (ND):1174
	                          Copy (NC, X32)	    0.105	    0.107	  0.002%	 88.541%	     0.000	        1	Delegate/Copy (NC, X32):1175
	                          Copy (NC, X32)	    1.368	    1.446	  0.021%	 88.562%	     0.000	        1	Delegate/Copy (NC, X32):1176
	                 Binary Elementwise (ND)	    1.477	    1.479	  0.021%	 88.583%	     0.000	        1	Delegate/Binary Elementwise (ND):1177
	                         Slice (ND, X32)	    0.359	    0.361	  0.005%	 88.588%	     0.000	        1	Delegate/Slice (ND, X32):1178
	          Fully Connected (NC, F32) GEMM	    1.566	    1.626	  0.023%	 88.611%	     0.000	        1	Delegate/Fully Connected (NC, F32) GEMM:1179
	                          Copy (NC, X32)	    1.330	    1.381	  0.020%	 88.631%	     0.000	        1	Delegate/Copy (NC, X32):1180
	          Fully Connected (NC, F32) GEMM	   13.494	   13.652	  0.196%	 88.827%	     0.000	        1	Delegate/Fully Connected (NC, F32) GEMM:1181
	          Fully Connected (NC, F32) GEMM	   13.644	   13.902	  0.199%	 89.026%	     0.000	        1	Delegate/Fully Connected (NC, F32) GEMM:1182
	                          Copy (NC, X32)	    0.000	    0.000	  0.000%	 89.026%	     0.000	        1	Delegate/Copy (NC, X32):1183
	                          Copy (NC, X32)	    0.000	    0.000	  0.000%	 89.026%	     0.000	        1	Delegate/Copy (NC, X32):1184
	           Transpose (ND, X32) Transpose	    2.564	    2.652	  0.038%	 89.064%	     0.000	        1	Delegate/Transpose (ND, X32) Transpose:1185
	                          Copy (NC, X32)	    0.001	    0.001	  0.000%	 89.064%	     0.000	        1	Delegate/Copy (NC, X32):1186
	                          Copy (NC, X32)	    0.000	    0.000	  0.000%	 89.064%	     0.000	        1	Delegate/Copy (NC, X32):1187
	           Transpose (ND, X32) Transpose	    2.687	    2.712	  0.039%	 89.103%	     0.000	        1	Delegate/Transpose (ND, X32) Transpose:1188
	                          Copy (NC, X32)	    0.000	    0.000	  0.000%	 89.103%	     0.000	        1	Delegate/Copy (NC, X32):1189
	    Batch Matrix Multiply (NC, F32) GEMM	    4.577	    4.721	  0.068%	 89.171%	     0.000	        1	Delegate/Batch Matrix Multiply (NC, F32) GEMM:1190
	                 Binary Elementwise (ND)	    0.187	    0.183	  0.003%	 89.173%	     0.000	        1	Delegate/Binary Elementwise (ND):1191
	                       Softmax (NC, F32)	    2.128	    2.182	  0.031%	 89.205%	     0.000	        1	Delegate/Softmax (NC, F32):1192
	    Batch Matrix Multiply (NC, F32) GEMM	    7.584	    7.733	  0.111%	 89.315%	     0.000	        1	Delegate/Batch Matrix Multiply (NC, F32) GEMM:1193
	                          Copy (NC, X32)	    0.000	    0.001	  0.000%	 89.315%	     0.000	        1	Delegate/Copy (NC, X32):1194
	          Fully Connected (NC, F32) GEMM	    1.545	    1.585	  0.023%	 89.338%	     0.000	        1	Delegate/Fully Connected (NC, F32) GEMM:1195
	                          Copy (NC, X32)	    0.000	    0.000	  0.000%	 89.338%	     0.000	        1	Delegate/Copy (NC, X32):1196
	                 Binary Elementwise (ND)	    0.268	    0.255	  0.004%	 89.342%	     0.000	        1	Delegate/Binary Elementwise (ND):1197
	                           Sum (ND) Mean	    0.156	    0.144	  0.002%	 89.344%	     0.000	        1	Delegate/Sum (ND) Mean:1198
	                 Binary Elementwise (ND)	    0.003	    0.002	  0.000%	 89.344%	     0.000	        1	Delegate/Binary Elementwise (ND):1199
	                          Copy (NC, X32)	    0.000	    0.000	  0.000%	 89.344%	     0.000	        1	Delegate/Copy (NC, X32):1200
	                 Binary Elementwise (ND)	    0.167	    0.167	  0.002%	 89.346%	     0.000	        1	Delegate/Binary Elementwise (ND):1201
	                 Binary Elementwise (ND)	    0.165	    0.168	  0.002%	 89.349%	     0.000	        1	Delegate/Binary Elementwise (ND):1202
	                           Sum (ND) Mean	    0.138	    0.143	  0.002%	 89.351%	     0.000	        1	Delegate/Sum (ND) Mean:1203
	                 Binary Elementwise (ND)	    0.001	    0.001	  0.000%	 89.351%	     0.000	        1	Delegate/Binary Elementwise (ND):1204
	                 Binary Elementwise (ND)	    0.002	    0.002	  0.000%	 89.351%	     0.000	        1	Delegate/Binary Elementwise (ND):1205
	                          Copy (NC, X32)	    0.000	    0.000	  0.000%	 89.351%	     0.000	        1	Delegate/Copy (NC, X32):1206
	                  Unary Elementwise (NC)	    0.008	    0.008	  0.000%	 89.351%	     0.000	        1	Delegate/Unary Elementwise (NC):1207
	                 Binary Elementwise (ND)	    0.170	    0.171	  0.002%	 89.353%	     0.000	        1	Delegate/Binary Elementwise (ND):1208
	                 Binary Elementwise (ND)	    0.182	    0.178	  0.003%	 89.356%	     0.000	        1	Delegate/Binary Elementwise (ND):1209
	                 Binary Elementwise (ND)	    0.156	    0.157	  0.002%	 89.358%	     0.000	        1	Delegate/Binary Elementwise (ND):1210
	                          Copy (NC, X32)	    0.103	    0.104	  0.001%	 89.360%	     0.000	        1	Delegate/Copy (NC, X32):1211
	                          Copy (NC, X32)	    1.379	    1.425	  0.020%	 89.380%	     0.000	        1	Delegate/Copy (NC, X32):1212
	                 Binary Elementwise (ND)	    1.406	    1.438	  0.021%	 89.401%	     0.000	        1	Delegate/Binary Elementwise (ND):1213
	                         Slice (ND, X32)	    0.286	    0.349	  0.005%	 89.406%	     0.000	        1	Delegate/Slice (ND, X32):1214
	          Fully Connected (NC, F32) GEMM	    1.601	    1.625	  0.023%	 89.429%	     0.000	        1	Delegate/Fully Connected (NC, F32) GEMM:1215
	                          Copy (NC, X32)	    1.331	    1.423	  0.020%	 89.449%	     0.000	        1	Delegate/Copy (NC, X32):1216
	          Fully Connected (NC, F32) GEMM	   13.101	   13.365	  0.192%	 89.641%	     0.000	        1	Delegate/Fully Connected (NC, F32) GEMM:1217
	          Fully Connected (NC, F32) GEMM	   13.138	   13.457	  0.193%	 89.834%	     0.000	        1	Delegate/Fully Connected (NC, F32) GEMM:1218
	                          Copy (NC, X32)	    0.000	    0.000	  0.000%	 89.834%	     0.000	        1	Delegate/Copy (NC, X32):1219
	                          Copy (NC, X32)	    0.000	    0.000	  0.000%	 89.834%	     0.000	        1	Delegate/Copy (NC, X32):1220
	           Transpose (ND, X32) Transpose	    2.687	    2.599	  0.037%	 89.871%	     0.000	        1	Delegate/Transpose (ND, X32) Transpose:1221
	                          Copy (NC, X32)	    0.001	    0.001	  0.000%	 89.871%	     0.000	        1	Delegate/Copy (NC, X32):1222
	                          Copy (NC, X32)	    0.000	    0.000	  0.000%	 89.871%	     0.000	        1	Delegate/Copy (NC, X32):1223
	           Transpose (ND, X32) Transpose	    2.673	    2.662	  0.038%	 89.909%	     0.000	        1	Delegate/Transpose (ND, X32) Transpose:1224
	                          Copy (NC, X32)	    0.000	    0.001	  0.000%	 89.909%	     0.000	        1	Delegate/Copy (NC, X32):1225
	    Batch Matrix Multiply (NC, F32) GEMM	    4.619	    4.717	  0.068%	 89.977%	     0.000	        1	Delegate/Batch Matrix Multiply (NC, F32) GEMM:1226
	                 Binary Elementwise (ND)	    0.204	    0.213	  0.003%	 89.980%	     0.000	        1	Delegate/Binary Elementwise (ND):1227
	                       Softmax (NC, F32)	    2.159	    2.184	  0.031%	 90.011%	     0.000	        1	Delegate/Softmax (NC, F32):1228
	    Batch Matrix Multiply (NC, F32) GEMM	    7.731	    7.718	  0.111%	 90.122%	     0.000	        1	Delegate/Batch Matrix Multiply (NC, F32) GEMM:1229
	                          Copy (NC, X32)	    0.001	    0.001	  0.000%	 90.122%	     0.000	        1	Delegate/Copy (NC, X32):1230
	          Fully Connected (NC, F32) GEMM	    1.580	    1.605	  0.023%	 90.145%	     0.000	        1	Delegate/Fully Connected (NC, F32) GEMM:1231
	                          Copy (NC, X32)	    0.000	    0.000	  0.000%	 90.145%	     0.000	        1	Delegate/Copy (NC, X32):1232
	                 Binary Elementwise (ND)	    0.248	    0.248	  0.004%	 90.149%	     0.000	        1	Delegate/Binary Elementwise (ND):1233
	                           Sum (ND) Mean	    0.145	    0.144	  0.002%	 90.151%	     0.000	        1	Delegate/Sum (ND) Mean:1234
	                 Binary Elementwise (ND)	    0.003	    0.002	  0.000%	 90.151%	     0.000	        1	Delegate/Binary Elementwise (ND):1235
	                          Copy (NC, X32)	    0.000	    0.000	  0.000%	 90.151%	     0.000	        1	Delegate/Copy (NC, X32):1236
	                 Binary Elementwise (ND)	    0.178	    0.170	  0.002%	 90.153%	     0.000	        1	Delegate/Binary Elementwise (ND):1237
	                 Binary Elementwise (ND)	    0.133	    0.144	  0.002%	 90.155%	     0.000	        1	Delegate/Binary Elementwise (ND):1238
	                           Sum (ND) Mean	    0.168	    0.151	  0.002%	 90.157%	     0.000	        1	Delegate/Sum (ND) Mean:1239
	                 Binary Elementwise (ND)	    0.002	    0.002	  0.000%	 90.157%	     0.000	        1	Delegate/Binary Elementwise (ND):1240
	                 Binary Elementwise (ND)	    0.001	    0.002	  0.000%	 90.157%	     0.000	        1	Delegate/Binary Elementwise (ND):1241
	                          Copy (NC, X32)	    0.000	    0.000	  0.000%	 90.157%	     0.000	        1	Delegate/Copy (NC, X32):1242
	                  Unary Elementwise (NC)	    0.008	    0.009	  0.000%	 90.158%	     0.000	        1	Delegate/Unary Elementwise (NC):1243
	                 Binary Elementwise (ND)	    0.131	    0.137	  0.002%	 90.160%	     0.000	        1	Delegate/Binary Elementwise (ND):1244
	                 Binary Elementwise (ND)	    0.144	    0.146	  0.002%	 90.162%	     0.000	        1	Delegate/Binary Elementwise (ND):1245
	                 Binary Elementwise (ND)	    0.141	    0.141	  0.002%	 90.164%	     0.000	        1	Delegate/Binary Elementwise (ND):1246
	          Fully Connected (NC, F32) GEMM	   13.376	   13.466	  0.193%	 90.357%	     0.000	        1	Delegate/Fully Connected (NC, F32) GEMM:1247
	                         Slice (ND, X32)	    1.158	    1.151	  0.016%	 90.373%	     0.000	        1	Delegate/Slice (ND, X32):1248
	                         Slice (ND, X32)	    1.099	    1.009	  0.014%	 90.388%	     0.000	        1	Delegate/Slice (ND, X32):1249
	                  Unary Elementwise (NC)	    3.498	    3.551	  0.051%	 90.439%	     0.000	        1	Delegate/Unary Elementwise (NC):1250
	                 Binary Elementwise (ND)	    1.037	    1.040	  0.015%	 90.453%	     0.000	        1	Delegate/Binary Elementwise (ND):1251
	                          Copy (NC, X32)	    0.000	    0.000	  0.000%	 90.453%	     0.000	        1	Delegate/Copy (NC, X32):1252
	          Fully Connected (NC, F32) GEMM	    6.945	    7.025	  0.101%	 90.554%	     0.000	        1	Delegate/Fully Connected (NC, F32) GEMM:1253
	                          Copy (NC, X32)	    0.001	    0.001	  0.000%	 90.554%	     0.000	        1	Delegate/Copy (NC, X32):1254
	                 Binary Elementwise (ND)	    0.239	    0.250	  0.004%	 90.558%	     0.000	        1	Delegate/Binary Elementwise (ND):1255
	          Fully Connected (NC, F32) GEMM	    1.555	    1.583	  0.023%	 90.580%	     0.000	        1	Delegate/Fully Connected (NC, F32) GEMM:1256
	                          Copy (NC, X32)	    0.000	    0.000	  0.000%	 90.580%	     0.000	        1	Delegate/Copy (NC, X32):1257
	                 Binary Elementwise (ND)	    0.252	    0.256	  0.004%	 90.584%	     0.000	        1	Delegate/Binary Elementwise (ND):1258
	                  Unary Elementwise (NC)	    0.173	    0.184	  0.003%	 90.587%	     0.000	        1	Delegate/Unary Elementwise (NC):1259
	           Convolution (NHWC, F32) IGEMM	   13.754	   14.084	  0.202%	 90.789%	     0.000	        1	Delegate/Convolution (NHWC, F32) IGEMM:1260
	           Convolution (NHWC, F32) IGEMM	   13.709	   14.160	  0.203%	 90.992%	     0.000	        1	Delegate/Convolution (NHWC, F32) IGEMM:1261
	                 Binary Elementwise (ND)	    0.246	    0.257	  0.004%	 90.995%	     0.000	        1	Delegate/Binary Elementwise (ND):1262
	                 Binary Elementwise (ND)	    0.209	    0.211	  0.003%	 90.998%	     0.000	        1	Delegate/Binary Elementwise (ND):1263
	                  Unary Elementwise (NC)	    0.144	    0.154	  0.002%	 91.001%	     0.000	        1	Delegate/Unary Elementwise (NC):1264
	           Convolution (NHWC, F32) IGEMM	   13.720	   14.216	  0.204%	 91.204%	     0.000	        1	Delegate/Convolution (NHWC, F32) IGEMM:1265
	           Convolution (NHWC, F32) IGEMM	   13.701	   14.133	  0.203%	 91.407%	     0.000	        1	Delegate/Convolution (NHWC, F32) IGEMM:1266
	                 Binary Elementwise (ND)	    0.252	    0.258	  0.004%	 91.411%	     0.000	        1	Delegate/Binary Elementwise (ND):1267
	             Resize Bilinear (NHWC, F32)	    0.941	    0.948	  0.014%	 91.424%	     0.000	        1	Delegate/Resize Bilinear (NHWC, F32):1268
	          Fully Connected (NC, F32) GEMM	    6.451	    6.654	  0.095%	 91.520%	     0.000	        1	Delegate/Fully Connected (NC, F32) GEMM:1269
	                  Unary Elementwise (NC)	    0.683	    0.705	  0.010%	 91.530%	     0.000	        1	Delegate/Unary Elementwise (NC):1270
	           Convolution (NHWC, F32) IGEMM	   55.230	   57.101	  0.819%	 92.348%	     0.000	        1	Delegate/Convolution (NHWC, F32) IGEMM:1271
	           Convolution (NHWC, F32) IGEMM	   55.129	   57.339	  0.822%	 93.170%	     0.000	        1	Delegate/Convolution (NHWC, F32) IGEMM:1272
	                 Binary Elementwise (ND)	    0.993	    1.189	  0.017%	 93.187%	     0.000	        1	Delegate/Binary Elementwise (ND):1273
	                 Binary Elementwise (ND)	    0.909	    1.065	  0.015%	 93.203%	     0.000	        1	Delegate/Binary Elementwise (ND):1274
	                  Unary Elementwise (NC)	    0.695	    0.837	  0.012%	 93.215%	     0.000	        1	Delegate/Unary Elementwise (NC):1275
	           Convolution (NHWC, F32) IGEMM	   55.529	   57.604	  0.826%	 94.040%	     0.000	        1	Delegate/Convolution (NHWC, F32) IGEMM:1276
	           Convolution (NHWC, F32) IGEMM	   55.144	   56.905	  0.816%	 94.856%	     0.000	        1	Delegate/Convolution (NHWC, F32) IGEMM:1277
	                 Binary Elementwise (ND)	    0.982	    1.043	  0.015%	 94.871%	     0.000	        1	Delegate/Binary Elementwise (ND):1278
	             Resize Bilinear (NHWC, F32)	    3.788	    3.897	  0.056%	 94.927%	     0.000	        1	Delegate/Resize Bilinear (NHWC, F32):1279
	          Fully Connected (NC, F32) GEMM	   26.987	   27.486	  0.394%	 95.321%	     0.000	        1	Delegate/Fully Connected (NC, F32) GEMM:1280
	           Convolution (NHWC, F32) IGEMM	  110.640	  113.651	  1.629%	 96.950%	     0.000	        1	Delegate/Convolution (NHWC, F32) IGEMM:1281
	             Resize Bilinear (NHWC, F32)	    6.257	    6.430	  0.092%	 97.042%	     0.000	        1	Delegate/Resize Bilinear (NHWC, F32):1282
	           Convolution (NHWC, F32) IGEMM	  165.954	  171.167	  2.454%	 99.496%	     0.000	        1	Delegate/Convolution (NHWC, F32) IGEMM:1283
	          Fully Connected (NC, F32) GEMM	    3.482	    4.171	  0.060%	 99.556%	     0.000	        1	Delegate/Fully Connected (NC, F32) GEMM:1284
	             Resize Bilinear (NHWC, F32)	    1.477	    1.581	  0.023%	 99.579%	     0.000	        1	Delegate/Resize Bilinear (NHWC, F32):1285
	                  Unary Elementwise (NC)	    0.092	    0.110	  0.002%	 99.580%	     0.000	        1	Delegate/Unary Elementwise (NC):1286
	             Resize Bilinear (NHWC, F32)	    2.921	    3.159	  0.045%	 99.625%	     0.000	        1	Delegate/Resize Bilinear (NHWC, F32):1287
	                         Slice (ND, X32)	    0.700	    0.816	  0.012%	 99.637%	     0.000	        1	Delegate/Slice (ND, X32):1288
	                         Slice (ND, X32)	    0.904	    1.093	  0.016%	 99.653%	     0.000	        1	Delegate/Slice (ND, X32):1289
	                          Copy (NC, X32)	    0.859	    1.078	  0.015%	 99.668%	     0.000	        1	Delegate/Copy (NC, X32):1290
	                         Slice (ND, X32)	    0.614	    0.747	  0.011%	 99.679%	     0.000	        1	Delegate/Slice (ND, X32):1291
	                         Slice (ND, X32)	    0.841	    1.002	  0.014%	 99.693%	     0.000	        1	Delegate/Slice (ND, X32):1292
	                          Copy (NC, X32)	    0.962	    1.140	  0.016%	 99.710%	     0.000	        1	Delegate/Copy (NC, X32):1293
	                         Slice (ND, X32)	    0.273	    0.367	  0.005%	 99.715%	     0.000	        1	Delegate/Slice (ND, X32):1294
	                         Slice (ND, X32)	    0.413	    0.508	  0.007%	 99.722%	     0.000	        1	Delegate/Slice (ND, X32):1295
	                          Copy (NC, X32)	    0.479	    0.543	  0.008%	 99.730%	     0.000	        1	Delegate/Copy (NC, X32):1296
	                         Slice (ND, X32)	    0.302	    0.366	  0.005%	 99.735%	     0.000	        1	Delegate/Slice (ND, X32):1297
	                         Slice (ND, X32)	    0.444	    0.515	  0.007%	 99.743%	     0.000	        1	Delegate/Slice (ND, X32):1298
	                          Copy (NC, X32)	    0.494	    0.547	  0.008%	 99.750%	     0.000	        1	Delegate/Copy (NC, X32):1299
	                         Slice (ND, X32)	    0.188	    0.213	  0.003%	 99.754%	     0.000	        1	Delegate/Slice (ND, X32):1300
	                         Slice (ND, X32)	    0.381	    0.428	  0.006%	 99.760%	     0.000	        1	Delegate/Slice (ND, X32):1301
	                          Copy (NC, X32)	    0.337	    0.366	  0.005%	 99.765%	     0.000	        1	Delegate/Copy (NC, X32):1302
	                         Slice (ND, X32)	    0.180	    0.208	  0.003%	 99.768%	     0.000	        1	Delegate/Slice (ND, X32):1303
	                         Slice (ND, X32)	    0.354	    0.428	  0.006%	 99.774%	     0.000	        1	Delegate/Slice (ND, X32):1304
	                          Copy (NC, X32)	    0.313	    0.357	  0.005%	 99.779%	     0.000	        1	Delegate/Copy (NC, X32):1305
	                         Slice (ND, X32)	    0.661	    0.782	  0.011%	 99.790%	     0.000	        1	Delegate/Slice (ND, X32):1306
	                         Slice (ND, X32)	    1.373	    1.656	  0.024%	 99.814%	     0.000	        1	Delegate/Slice (ND, X32):1307
	                          Copy (NC, X32)	    1.365	    1.645	  0.024%	 99.838%	     0.000	        1	Delegate/Copy (NC, X32):1308
	                         Slice (ND, X32)	    0.635	    0.805	  0.012%	 99.849%	     0.000	        1	Delegate/Slice (ND, X32):1309
	                         Slice (ND, X32)	    1.328	    1.645	  0.024%	 99.873%	     0.000	        1	Delegate/Slice (ND, X32):1310
	                          Copy (NC, X32)	    1.310	    1.627	  0.023%	 99.896%	     0.000	        1	Delegate/Copy (NC, X32):1311
	                          Copy (NC, X32)	    0.925	    1.158	  0.017%	 99.913%	     0.000	        1	Delegate/Copy (NC, X32):1312
	                          Copy (NC, X32)	    0.909	    1.164	  0.017%	 99.929%	     0.000	        1	Delegate/Copy (NC, X32):1313
	                          Copy (NC, X32)	    0.457	    0.584	  0.008%	 99.938%	     0.000	        1	Delegate/Copy (NC, X32):1314
	                          Copy (NC, X32)	    0.454	    0.587	  0.008%	 99.946%	     0.000	        1	Delegate/Copy (NC, X32):1315
	                          Copy (NC, X32)	    0.285	    0.383	  0.005%	 99.952%	     0.000	        1	Delegate/Copy (NC, X32):1316
	                          Copy (NC, X32)	    0.286	    0.361	  0.005%	 99.957%	     0.000	        1	Delegate/Copy (NC, X32):1317
	                          Copy (NC, X32)	    1.214	    1.495	  0.021%	 99.978%	     0.000	        1	Delegate/Copy (NC, X32):1318
	                          Copy (NC, X32)	    1.198	    1.514	  0.022%	100.000%	     0.000	        1	Delegate/Copy (NC, X32):1319

============================== Top by Computation Time ==============================
	                             [node type]	  [first]	 [avg ms]	     [%]	  [cdf%]	  [mem KB]	[times called]	[Name]
	           Convolution (NHWC, F32) IGEMM	  165.954	  171.167	  2.454%	  2.454%	     0.000	        1	Delegate/Convolution (NHWC, F32) IGEMM:1283
	           Convolution (NHWC, F32) IGEMM	  110.640	  113.651	  1.629%	  4.083%	     0.000	        1	Delegate/Convolution (NHWC, F32) IGEMM:1281
	          Fully Connected (NC, F32) GEMM	  111.876	  107.492	  1.541%	  5.624%	     0.000	        1	Delegate/Fully Connected (NC, F32) GEMM:2
	    Batch Matrix Multiply (NC, F32) GEMM	   98.174	  106.979	  1.534%	  7.157%	     0.000	        1	Delegate/Batch Matrix Multiply (NC, F32) GEMM:232
	    Batch Matrix Multiply (NC, F32) GEMM	   97.644	  106.475	  1.526%	  8.684%	     0.000	        1	Delegate/Batch Matrix Multiply (NC, F32) GEMM:409
	    Batch Matrix Multiply (NC, F32) GEMM	   97.745	  105.932	  1.519%	 10.202%	     0.000	        1	Delegate/Batch Matrix Multiply (NC, F32) GEMM:114
	    Batch Matrix Multiply (NC, F32) GEMM	   98.866	  105.143	  1.507%	 11.710%	     0.000	        1	Delegate/Batch Matrix Multiply (NC, F32) GEMM:173
	    Batch Matrix Multiply (NC, F32) GEMM	  105.059	  104.264	  1.495%	 13.204%	     0.000	        1	Delegate/Batch Matrix Multiply (NC, F32) GEMM:291
	    Batch Matrix Multiply (NC, F32) GEMM	  100.589	  104.233	  1.494%	 14.699%	     0.000	        1	Delegate/Batch Matrix Multiply (NC, F32) GEMM:350
	    Batch Matrix Multiply (NC, F32) GEMM	   97.624	  103.827	  1.488%	 16.187%	     0.000	        1	Delegate/Batch Matrix Multiply (NC, F32) GEMM:55

Number of nodes executed: 1320
============================== Summary by node type ==============================
	                             [Node type]	  [count]	  [avg ms]	    [avg %]	    [cdf %]	  [mem KB]	[times called]
	          Fully Connected (NC, F32) GEMM	      107	  2882.326	    41.322%	    41.322%	     0.000	      107
	    Batch Matrix Multiply (NC, F32) GEMM	       40	  2483.758	    35.608%	    76.930%	     0.000	       40
	           Convolution (NHWC, F32) IGEMM	       22	   730.323	    10.470%	    87.400%	     0.000	       22
	                       Softmax (NC, F32)	       20	   548.875	     7.869%	    95.269%	     0.000	       20
	                 Binary Elementwise (ND)	      444	    79.106	     1.134%	    96.403%	     0.000	      444
	                  Unary Elementwise (NC)	       65	    74.688	     1.071%	    97.474%	     0.000	       65
	           Transpose (ND, X32) Transpose	       85	    56.712	     0.813%	    98.287%	     0.000	       85
	                         Slice (ND, X32)	       72	    40.816	     0.585%	    98.872%	     0.000	       72
	                          Copy (NC, X32)	      374	    37.942	     0.544%	    99.416%	     0.000	      374
	             Resize Bilinear (NHWC, F32)	        7	    16.306	     0.234%	    99.650%	     0.000	        7
	     Deconvolution (NHWC, F32) Subconv2D	        2	    12.893	     0.185%	    99.835%	     0.000	        2
	                           Sum (ND) Mean	       82	    11.516	     0.165%	   100.000%	     0.000	       82

Timings (microseconds): count=10 first=6810141 curr=6729264 min=6727144 max=8055121 avg=6.97577e+06 std=427314
Memory (bytes): count=0
1320 nodes observed



